Brand,Bangla,Generic (Composition),Strength,Form,Pack,Group,Company,Price,MRP,Rx
"3 Bion 100 mg+200 mg+200 mcg","3 Bion 100 mg+200 mg+200 mcg","Vitamin B1, B6 & B12","100 mg+200 mg+200 mcg","ট্যাবলেট","6 x 10","Specific combined vitamin preparations","Jenphar Bangladesh Ltd.","12","12","OTC"
"3-C 100 mg/5 ml","3-C 100 mg/5 ml","Cefixime Trihydrate","100 mg/5 ml","পাউডার সাসপেনশন","একক","Third generation cephalosporins","Edruc Limited","195","195","OTC"
"3-C 200 mg","3-C 200 mg","Cefixime Trihydrate","200 mg","ক্যাপসুল","12's pack","Third generation cephalosporins","Edruc Limited","35","35","OTC"
"3-C 400 mg","3-C 400 mg","Cefixime Trihydrate","400 mg","ক্যাপসুল","4's pack","Third generation cephalosporins","Edruc Limited","48","48","OTC"
"3-F 500 mg","3-F 500 mg","Levofloxacin Hemihydrate","500 mg","ট্যাবলেট","20's pack","4-Quinolone preparations","Edruc Limited","14","14","OTC"
"3-Geocef 100 mg/5 ml","3-Geocef 100 mg/5 ml","Cefixime Trihydrate","100 mg/5 ml","পাউডার সাসপেনশন","একক","Third generation cephalosporins","Hallmark Pharmaceuticals Ltd.","175","175","OTC"
"3-Geocef 200 mg","3-Geocef 200 mg","Cefixime Trihydrate","200 mg","ক্যাপসুল","12's pack","Third generation cephalosporins","Hallmark Pharmaceuticals Ltd.","30","30","OTC"
"3D 2000 IU","3D 2000 IU","Cholecalciferol [Vitamin D3]","2000 IU","ট্যাবলেট","3 x 10","Vitamin in bone formation, Vitamin-D preparations","Jenphar Bangladesh Ltd.","2.5","2.5","OTC"
"3D 20000 IU","3D 20000 IU","Cholecalciferol [Vitamin D3]","20000 IU","ক্যাপসুল","1 x 10","Vitamin in bone formation, Vitamin-D preparations","Jenphar Bangladesh Ltd.","20","20","OTC"
"3D 40000 IU","3D 40000 IU","Cholecalciferol [Vitamin D3]","40000 IU","ক্যাপসুল","1 x 6","Vitamin in bone formation, Vitamin-D preparations","Jenphar Bangladesh Ltd.","35","35","OTC"
"3RD Cef 100 mg/5 ml","3RD Cef 100 mg/5 ml","Cefixime Trihydrate","100 mg/5 ml","পাউডার সাসপেনশন","একক","Third generation cephalosporins","Medimet Pharmaceuticals Ltd.","130","130","OTC"
"3RD Cef 200 mg","3RD Cef 200 mg","Cefixime Trihydrate","200 mg","ট্যাবলেট","4's pack","Third generation cephalosporins","Medimet Pharmaceuticals Ltd.","27","27","OTC"
"3RD Cef 400 mg","3RD Cef 400 mg","Cefixime Trihydrate","400 mg","ট্যাবলেট","4's pack","Third generation cephalosporins","Medimet Pharmaceuticals Ltd.","50","50","OTC"
"5 FU PhaRes 25 mg/ml","5 FU PhaRes 25 mg/ml","Fluorouracil","25 mg/ml","IV Injection or Infusion","একক","","ZAS Corporation","457","457","OTC"
"5-Fluril 25 mg/ml","5-Fluril 25 mg/ml","Fluorouracil","25 mg/ml","IV Injection or Infusion","একক","","Techno Drugs Ltd.","70","70","OTC"
"5-IN-1 Cleanser Cream","5-IN-1 Cleanser Cream","Miscellaneous Topical Agents","","ক্রিম","একক","","DBL Healthcare Ltd.","1375","1375","OTC"
"5X 30 mg","5X 30 mg","Ulipristal Acetate [For emergency contraception]","30 mg","ট্যাবলেট","একক","Drugs acting on the Uterus, Emergency Contraceptive Pill","Renata PLC","200","200","OTC"
"A to Z Silver","A to Z Silver","Multivitamin & Multimineral [A-Z silver preparation]","","ট্যাবলেট","1 x 30","Multi-vitamin & Multi-mineral combined preparations","Pharmik Laboratories Ltd.","12","12","OTC"
"A-B1 100 mg","A-B1 100 mg","Thiamine Hydrochloride","100 mg","ট্যাবলেট","10 x 10","Vitamin-B preparations","ACME Laboratories Ltd.","0.86","0.86","OTC"
"A-Cal 500 mg","A-Cal 500 mg","Calcium Carbonate","500 mg","ট্যাবলেট","10 x 10","Minerals in bone formation, Specific mineral preparations","ACME Laboratories Ltd.","5","5","OTC"
"A-Cal D 500 mg+200 IU","A-Cal D 500 mg+200 IU","Conventional Calcium + Vitamin D3","500 mg+200 IU","ট্যাবলেট","1 x 15","Specific mineral & vitamin combined preparations","ACME Laboratories Ltd.","7","7","OTC"
"A-Cal DX 500 mg+400 IU","A-Cal DX 500 mg+400 IU","Conventional Calcium + Vitamin D3","500 mg+400 IU","ট্যাবলেট","1 x 30","Specific mineral & vitamin combined preparations","ACME Laboratories Ltd.","7.5","7.5","OTC"
"A-Calm 50 mg","A-Calm 50 mg","Tolperisone Hydrochloride","50 mg","ট্যাবলেট","5 x 10","Central Depolarizing muscle relaxants, Centrally acting Skeletal Muscle Relaxants","ACME Laboratories Ltd.","8","8","OTC"
"A-Card 20 mg","A-Card 20 mg","Isosorbide Mononitrate","20 mg","ট্যাবলেট","10 x 10","Nitrates: Coronary vasodilators","ACME Laboratories Ltd.","1.43","1.43","OTC"
"A-Care 6 mg+200 mg+50 mg","A-Care 6 mg+200 mg+50 mg","Beta carotene + Vitamin C + Vitamin E","6 mg+200 mg+50 mg","ট্যাবলেট","1 x 20","Anti-oxidant Multivitamin preparations","Asiatic Laboratories Ltd.","2.5","2.5","OTC"
"A-Clox 500 mg","A-Clox 500 mg","Cloxacillin Sodium","500 mg","ক্যাপসুল","25 x 4","Narrow spectrum penicillin","ACME Laboratories Ltd.","5.98","5.98","OTC"
"A-Cof (10 mg+30 mg+1.25 mg)/5 ml","A-Cof (10 mg+30 mg+1.25 mg)/5 ml","Dextromethorphan + Pseudoephedrine + Triprolidine","10 mg+30 mg+1.25 mg)/5 ml","সিরাপ","একক","Combined cough suppressants","ACME Laboratories Ltd.","100","100","OTC"
"A-Cold 4 mg/5 ml","A-Cold 4 mg/5 ml","Bromhexine Hydrochloride","4 mg/5 ml","সিরাপ","একক","Cough expectorants & mucolytics","ACME Laboratories Ltd.","40","40","OTC"
"A-Fenac 12.5 mg","A-Fenac 12.5 mg","Diclofenac Sodium","12.5 mg","সাপোজিটরি","2 x 5","Drugs for Osteoarthritis, Drugs used for Rheumatoid Arthritis, Non-steroidal Anti-inflammatory Drugs (NSAIDs)","ACME Laboratories Ltd.","9","9","OTC"
"A-Fenac 50 mg","A-Fenac 50 mg","Diclofenac Sodium","50 mg","সাপোজিটরি","2 x 5","Drugs for Osteoarthritis, Drugs used for Rheumatoid Arthritis, Non-steroidal Anti-inflammatory Drugs (NSAIDs)","ACME Laboratories Ltd.","15","15","OTC"
"A-Fenac 50 mg","A-Fenac 50 mg","Diclofenac Sodium","50 mg","ট্যাবলেট","10 x 10","Drugs for Osteoarthritis, Drugs used for Rheumatoid Arthritis, Non-steroidal Anti-inflammatory Drugs (NSAIDs)","ACME Laboratories Ltd.","2","2","OTC"
"A-Fenac K 50 mg","A-Fenac K 50 mg","Diclofenac Potassium","50 mg","ট্যাবলেট","5 x 10","Drugs for Osteoarthritis, Drugs used for Rheumatoid Arthritis, Non-steroidal Anti-inflammatory Drugs (NSAIDs)","ACME Laboratories Ltd.","4","4","OTC"
"A-Fenac Plus (75 mg+20 mg)/2 ml","A-Fenac Plus (75 mg+20 mg)/2 ml","Diclofenac Sodium + Lidocaine Hydrochloride","75 mg+20 mg)/2 ml","IM Injection","2 x 5","Drugs for Osteoarthritis, Drugs used for Rheumatoid Arthritis, Non-steroidal Anti-inflammatory Drugs (NSAIDs)","ACME Laboratories Ltd.","15","15","OTC"
"A-Fenac SR 100 mg","A-Fenac SR 100 mg","Diclofenac Sodium","100 mg","Tablet (Sustained Release)","10 x 10","Drugs for Osteoarthritis, Drugs used for Rheumatoid Arthritis, Non-steroidal Anti-inflammatory Drugs (NSAIDs)","ACME Laboratories Ltd.","3.5","3.5","OTC"
"A-Flox 125 mg/5 ml","A-Flox 125 mg/5 ml","Flucloxacillin Sodium","125 mg/5 ml","পাউডার সাসপেনশন","একক","Narrow spectrum penicillin","ACME Laboratories Ltd.","80","80","OTC"
"A-Flox 250 mg","A-Flox 250 mg","Flucloxacillin Sodium","250 mg","ক্যাপসুল","12 x 4","Narrow spectrum penicillin","ACME Laboratories Ltd.","8","8","OTC"
"A-Flox 500 mg","A-Flox 500 mg","Flucloxacillin Sodium","500 mg","ক্যাপসুল","12 x 4","Narrow spectrum penicillin","ACME Laboratories Ltd.","14","14","OTC"
"A-Flox 500 mg/vial","A-Flox 500 mg/vial","Flucloxacillin Sodium","500 mg/vial","IM/IV Injection","5's pack","Narrow spectrum penicillin","ACME Laboratories Ltd.","45.3","45.3","OTC"
"A-Forte 50000 IU","A-Forte 50000 IU","Vitamin A","50000 IU","ক্যাপসুল","25 x 4","Vitamin-A preparations","Globe Pharmaceuticals Ltd.","1.9","1.9","OTC"
"A-Kit 200 mg+200 mcg","A-Kit 200 mg+200 mcg","Mifepristone + Misoprostol","200 mg+200 mcg","ট্যাবলেট","একক","Drugs acting on the Uterus, Prostaglandin analogues","ACME Laboratories Ltd.","300","300","OTC"
"A-Meb 135 mg","A-Meb 135 mg","Mebeverine Hydrochloride","135 mg","ট্যাবলেট","5 x 10","Anticholinergics","ACME Laboratories Ltd.","6.01","6.01","OTC"
"A-Mectin 12 mg","A-Mectin 12 mg","Ivermectin (Tablet)","12 mg","ট্যাবলেট","1 x 10","Anthelmintic","ACME Laboratories Ltd.","30","30","OTC"
"A-Mectin 6 mg","A-Mectin 6 mg","Ivermectin (Tablet)","6 mg","ট্যাবলেট","1 x 10","Anthelmintic","ACME Laboratories Ltd.","15","15","OTC"
"A-Migel 2% w/w","A-Migel 2% w/w","Miconazole Nitrate","2% w/w","Oral Gel","একক","Aural Anti-fungal preparations","ACME Laboratories Ltd.","75","75","OTC"
"A-Mycin 125 mg/5 ml","A-Mycin 125 mg/5 ml","Erythromycin (Oral)","125 mg/5 ml","পাউডার সাসপেনশন","একক","Anti-diarrhoeal antimicrobial drugs, Macrolides","Aristopharma Ltd.","84.75","84.75","OTC"
"A-Mycin 200 mg/5 ml","A-Mycin 200 mg/5 ml","Erythromycin (Oral)","200 mg/5 ml","Pediatric Drops","একক","Anti-diarrhoeal antimicrobial drugs, Macrolides","Aristopharma Ltd.","60","60","OTC"
"A-Mycin 3% W/V","A-Mycin 3% W/V","Erythromycin (Lotion)","3% W/V","লোশন","একক","Macrolides, Topical antibiotics for Acne","Aristopharma Ltd.","120","120","OTC"
"A-One 120 mg/5 ml","A-One 120 mg/5 ml","Paracetamol","120 mg/5 ml","Oral Suspension","একক","Non-Opioid Analgesics","Apex Pharma Ltd.","35","35","OTC"
"A-One Plus 500 mg+65 mg","A-One Plus 500 mg+65 mg","Paracetamol + Caffeine","500 mg+65 mg","ট্যাবলেট","10 x 10","Non-Opioid Analgesics","Apex Pharma Ltd.","2.4","2.4","OTC"
"A-One XR 665 mg","A-One XR 665 mg","Paracetamol","665 mg","Tablet (Extended Release)","10 x 10","Non-Opioid Analgesics","Apex Pharma Ltd.","2","2","OTC"
"A-Pak 100 mg","A-Pak 100 mg","Aceclofenac","100 mg","ট্যাবলেট","10 x 10","Drugs for Osteoarthritis, Drugs used for Rheumatoid Arthritis, Non-steroidal Anti-inflammatory Drugs (NSAIDs)","Benham Pharmaceuticals Ltd.","5","5","OTC"
"A-Pak SR 200 mg","A-Pak SR 200 mg","Aceclofenac","200 mg","Tablet (Sustained Release)","5 x 10","Drugs for Osteoarthritis, Drugs used for Rheumatoid Arthritis, Non-steroidal Anti-inflammatory Drugs (NSAIDs)","Benham Pharmaceuticals Ltd.","8","8","OTC"
"A-Phenicol 0.5%","A-Phenicol 0.5%","Chloramphenicol (Ophthalmic)","0.5%","Ophthalmic Solution","একক","Anti-infectives & antiseptics, Macrolides","ACME Laboratories Ltd.","34.5","34.5","OTC"
"A-Phenicol D 0.1%+0.5%","A-Phenicol D 0.1%+0.5%","Dexamethasone + Chloramphenicol","0.1%+0.5%","Ophthalmic Solution","একক","Anti-infectives & antiseptics, Ophthalmic steroid - antibiotic combined preparations","ACME Laboratories Ltd.","70.21","70.21","OTC"
"A-Rox 150 mg","A-Rox 150 mg","Roxithromycin","150 mg","ট্যাবলেট","3 x 10","Macrolides","Ambee Pharmaceuticals Ltd.","6.53","6.53","OTC"
"A-Rox 300 mg","A-Rox 300 mg","Roxithromycin","300 mg","ট্যাবলেট","2 x 10","Macrolides","Ambee Pharmaceuticals Ltd.","11.04","11.04","OTC"
"A-Rox 50 mg/5 ml","A-Rox 50 mg/5 ml","Roxithromycin","50 mg/5 ml","পাউডার সাসপেনশন","একক","Macrolides","Ambee Pharmaceuticals Ltd.","45.17","45.17","OTC"
"A-Spasm 5 mg","A-Spasm 5 mg","Oxyphenonium Bromide","5 mg","ট্যাবলেট","10 x 10","Anticholinergics (antimuscarinics)/ Anti-spasmodics","ACME Laboratories Ltd.","1.44","1.44","OTC"
"A-Statin 10 mg","A-Statin 10 mg","Atorvastatin Calcium","10 mg","ট্যাবলেট","3 x 10","Other Anti-anginal & Anti-ischaemic drugs, Statins","Doctor TIMS Pharmaceuticals Ltd.","10","10","OTC"
"A-Tetra 500 mg","A-Tetra 500 mg","Tetracycline Hydrochloride","500 mg","ক্যাপসুল","10 x 10","Tetracycline group of drugs","ACME Laboratories Ltd.","3.39","3.39","OTC"
"A-Zyme 325 mg","A-Zyme 325 mg","Pancreatin","325 mg","ট্যাবলেট","10 x 10","Digestive Enzyme","ACME Laboratories Ltd.","3.51","3.51","OTC"
"AB Kit 200 mg+200 mcg","AB Kit 200 mg+200 mcg","Mifepristone + Misoprostol","200 mg+200 mcg","ট্যাবলেট","একক","Drugs acting on the Uterus, Prostaglandin analogues","Renata PLC","300","300","OTC"
"AB-DS 400 mg","AB-DS 400 mg","Albendazole","400 mg","Chewable Tablet","একক","Anthelmintic","Prime Pharmaceuticals Ltd.","3","3","OTC"
"Abac 125 mg/1.25 ml","Abac 125 mg/1.25 ml","Cephradine","125 mg/1.25 ml","Pediatric Drops","একক","First generation cephalosporins","Chemist Laboratories  Ltd.","65","65","OTC"
"Abac 125 mg/5 ml","Abac 125 mg/5 ml","Cephradine","125 mg/5 ml","পাউডার সাসপেনশন","একক","First generation cephalosporins","Chemist Laboratories  Ltd.","95","95","OTC"
"Abac 500 mg","Abac 500 mg","Cephradine","500 mg","ক্যাপসুল","10 x 4","First generation cephalosporins","Chemist Laboratories  Ltd.","15","15","OTC"
"Abaclor 125 mg/1.25 ml","Abaclor 125 mg/1.25 ml","Cefaclor Monohydrate","125 mg/1.25 ml","Pediatric Drops","একক","Second generation cephalosporins","ACI Limited","135","135","OTC"
"Abaclor 125 mg/5 ml","Abaclor 125 mg/5 ml","Cefaclor Monohydrate","125 mg/5 ml","পাউডার সাসপেনশন","একক","Second generation cephalosporins","ACI Limited","280","280","OTC"
"Abaclor 250 mg","Abaclor 250 mg","Cefaclor Monohydrate","250 mg","ক্যাপসুল","2 x 10","Second generation cephalosporins","ACI Limited","21.14","21.14","OTC"
"Abaclor 500 mg","Abaclor 500 mg","Cefaclor Monohydrate","500 mg","ক্যাপসুল","2 x 6","Second generation cephalosporins","ACI Limited","40.27","40.27","OTC"
"Abacten 200 mg/5 ml","Abacten 200 mg/5 ml","Azithromycin Dihydrate","200 mg/5 ml","পাউডার সাসপেনশন","একক","Macrolides","Arges Life Science Limited","130","130","OTC"
"Abacten 500 mg","Abacten 500 mg","Azithromycin Dihydrate","500 mg","ট্যাবলেট","2 x 3","Macrolides","Arges Life Science Limited","35","35","OTC"
"Abasaglar 100 IU/ml","Abasaglar 100 IU/ml","Insulin Glargine","100 IU/ml","SC Injection","5's pack","Long Acting Insulin","Healthcare Pharmaceuticals Ltd.","895","895","OTC"
"ABC 6 mg+200 mg+50 mg","ABC 6 mg+200 mg+50 mg","Beta carotene + Vitamin C + Vitamin E","6 mg+200 mg+50 mg","ট্যাবলেট","1 x 20","Anti-oxidant Multivitamin preparations","Union Pharmaceuticals Ltd","2.5","2.5","OTC"
"Abc Derm Hydratant","Abc Derm Hydratant","Baby's Skin Care [ABCDerm]","","লোশন","একক","","UniHealth Limited","3000","3000","OTC"
"Abc Derm Moussant","Abc Derm Moussant","Baby's Skin Care [ABCDerm]","","Liquid Cleanser","একক","","UniHealth Limited","2500","2500","OTC"
"Abdolax 10 mg","Abdolax 10 mg","Sodium Picosulfate","10 mg","ট্যাবলেট","3 x 10","Stimulant Laxative","Incepta Pharmaceuticals Ltd.","10","10","OTC"
"Abdolax 5 mg/5 ml","Abdolax 5 mg/5 ml","Sodium Picosulfate","5 mg/5 ml","Oral Solution","একক","Stimulant Laxative","Incepta Pharmaceuticals Ltd.","150","150","OTC"
"Abdolax Max 7.5 mg/ml","Abdolax Max 7.5 mg/ml","Sodium Picosulfate","7.5 mg/ml","Oral Solution","একক","Stimulant Laxative","Incepta Pharmaceuticals Ltd.","175","175","OTC"
"Abdorin 10 mg","Abdorin 10 mg","Dicycloverine Hydrochloride","10 mg","ট্যাবলেট","5 x 10","Anticholinergics (antimuscarinics)/ Anti-spasmodics","Opsonin Pharma Ltd.","2.01","2.01","OTC"
"Abdorin 10 mg/5 ml","Abdorin 10 mg/5 ml","Dicycloverine Hydrochloride","10 mg/5 ml","সিরাপ","একক","Anticholinergics (antimuscarinics)/ Anti-spasmodics","Opsonin Pharma Ltd.","30.11","30.11","OTC"
"Abecab 10 mg+20 mg","Abecab 10 mg+20 mg","Amlodipine Besilate + Olmesartan Medoxomil","10 mg+20 mg","ট্যাবলেট","3 x 10","Combined antihypertensive preparations","ACI Limited","15","15","OTC"
"Abecab 10 mg+40 mg","Abecab 10 mg+40 mg","Amlodipine Besilate + Olmesartan Medoxomil","10 mg+40 mg","ট্যাবলেট","3 x 10","Combined antihypertensive preparations","ACI Limited","22","22","OTC"
"Abecab 5 mg+20 mg","Abecab 5 mg+20 mg","Amlodipine Besilate + Olmesartan Medoxomil","5 mg+20 mg","ট্যাবলেট","5 x 14","Combined antihypertensive preparations","ACI Limited","12","12","OTC"
"Abecab 5 mg+40 mg","Abecab 5 mg+40 mg","Amlodipine Besilate + Olmesartan Medoxomil","5 mg+40 mg","ট্যাবলেট","6 x 10","Combined antihypertensive preparations","ACI Limited","20","20","OTC"
"Abeclib 150 mg","Abeclib 150 mg","Abemaciclib","150 mg","ট্যাবলেট","3 x 10","Protein kinase inhibitor","Eskayef Pharmaceuticals Ltd.","950","950","OTC"
"Abeclib 200 mg","Abeclib 200 mg","Abemaciclib","200 mg","ট্যাবলেট","2 x 7","Protein kinase inhibitor","Eskayef Pharmaceuticals Ltd.","1150","1150","OTC"
"Aben-DS 400 mg","Aben-DS 400 mg","Albendazole","400 mg","Chewable Tablet","25 x 4","Anthelmintic","Team Pharmaceuticals Ltd.","4.5","4.5","OTC"
"Abetis 10 mg","Abetis 10 mg","Olmesartan Medoxomil","10 mg","ট্যাবলেট","5 x 14","Angiotensin-ll receptor blocker","ACI Limited","7","7","OTC"
"Abetis 20 mg","Abetis 20 mg","Olmesartan Medoxomil","20 mg","ট্যাবলেট","5 x 14","Angiotensin-ll receptor blocker","ACI Limited","11","11","OTC"
"Abetis 40 mg","Abetis 40 mg","Olmesartan Medoxomil","40 mg","ট্যাবলেট","5 x 14","Angiotensin-ll receptor blocker","ACI Limited","18","18","OTC"
"Abetis Plus 20 mg+12.5 mg","Abetis Plus 20 mg+12.5 mg","Olmesartan Medoxomil + Hydrochlorothiazide","20 mg+12.5 mg","ট্যাবলেট","5 x 10","Combined antihypertensive preparations","ACI Limited","11","11","OTC"
"Abetis Plus 40 mg+12.5 mg","Abetis Plus 40 mg+12.5 mg","Olmesartan Medoxomil + Hydrochlorothiazide","40 mg+12.5 mg","ট্যাবলেট","3 x 10","Combined antihypertensive preparations","ACI Limited","18","18","OTC"
"Abevmy 100 mg/4 ml","Abevmy 100 mg/4 ml","Bevacizumab","100 mg/4 ml","আইভি ইনফিউশন","একক","Targeted Cancer Therapy","Beximco Pharmaceuticals Ltd.","14500","14500","Rx"
"Abevmy 400 mg/16 ml","Abevmy 400 mg/16 ml","Bevacizumab","400 mg/16 ml","আইভি ইনফিউশন","একক","Targeted Cancer Therapy","Beximco Pharmaceuticals Ltd.","48500","48500","Rx"
"Abex (30 mg+100 mg+1.25 mg)/5 ml","Abex (30 mg+100 mg+1.25 mg)/5 ml","Pseudoephedrine + Guaiphenasine + Triprolidine","30 mg+100 mg+1.25 mg)/5 ml","সিরাপ","একক","Combined cough expectorants","The IBN SINA Pharmaceutical PLC","35","35","OTC"
"Abex Plus (100 mg+1.1 mg+14 mg)/5 ml","Abex Plus (100 mg+1.1 mg+14 mg)/5 ml","Guaifenesin + Levomenthol + Diphenhydramine","100 mg+1.1 mg+14 mg)/5 ml","সিরাপ","একক","Combined cough expectorants","The IBN SINA Pharmaceutical PLC","80","80","OTC"
"Abexol (200 mg+15 mg+15 mg)/5 ml","Abexol (200 mg+15 mg+15 mg)/5 ml","Guaifenesin + Dextromethorphan + Menthol","200 mg+15 mg+15 mg)/5 ml","সিরাপ","একক","Combined cough expectorants, Combined cough suppressants","The IBN SINA Pharmaceutical PLC","85","85","OTC"
"Abeza 150 mg","Abeza 150 mg","Abemaciclib","150 mg","ট্যাবলেট","1 x 14","Protein kinase inhibitor","Beacon Pharmaceuticals PLC","950","950","OTC"
"Abeza 200 mg","Abeza 200 mg","Abemaciclib","200 mg","ট্যাবলেট","1 x 14","Protein kinase inhibitor","Beacon Pharmaceuticals PLC","1150","1150","OTC"
"Abezino 150 mg","Abezino 150 mg","Abemaciclib","150 mg","ট্যাবলেট","1 x 10","Protein kinase inhibitor","Healthcare Pharmaceuticals Ltd.","950","950","OTC"
"Abezino 200 mg","Abezino 200 mg","Abemaciclib","200 mg","ট্যাবলেট","1 x 10","Protein kinase inhibitor","Healthcare Pharmaceuticals Ltd.","1150","1150","OTC"
"Abicon (500 mg+100 mg)/5 ml","Abicon (500 mg+100 mg)/5 ml","Sodium Alginate + Potassium Bicarbonate","500 mg+100 mg)/5 ml","Oral Suspension","একক","Antacids","Healthcare Pharmaceuticals Ltd.","150","150","OTC"
"Abicon 500 mg+100 mg","Abicon 500 mg+100 mg","Sodium Alginate + Potassium Bicarbonate","500 mg+100 mg","Chewable Tablet","3 x 10","Antacids","Healthcare Pharmaceuticals Ltd.","5","5","OTC"
"Abicon Max (500 mg+213 mg+325 mg)/10 ml","Abicon Max (500 mg+213 mg+325 mg)/10 ml","Sodium Alginate + Sodium Bicarbonate + Calcium Carbonate","500 mg+213 mg+325 mg)/10 ml","Oral Suspension","একক","Antacids","Healthcare Pharmaceuticals Ltd.","300","300","OTC"
"Abicon Plus (500 mg+267 mg+160 mg)/10 ml","Abicon Plus (500 mg+267 mg+160 mg)/10 ml","Sodium Alginate + Sodium Bicarbonate + Calcium Carbonate","500 mg+267 mg+160 mg)/10 ml","Oral Suspension","একক","Antacids","Healthcare Pharmaceuticals Ltd.","250","250","OTC"
"Abiraxen 250 mg","Abiraxen 250 mg","Abiraterone Acetate","250 mg","ট্যাবলেট","4 x 7","Cytotoxic Chemotherapy","Everest Pharmaceuticals Ltd.","580","580","OTC"
"Abiret 250 mg","Abiret 250 mg","Abiraterone Acetate","250 mg","ট্যাবলেট","1 x 7","Cytotoxic Chemotherapy","Drug International Ltd.","500","500","OTC"
"Abiron 250 mg","Abiron 250 mg","Abiraterone Acetate","250 mg","ট্যাবলেট","1 x 28","Cytotoxic Chemotherapy","Ziska Pharmaceuticals Ltd.","520","520","OTC"
"Abixa 10 mg","Abixa 10 mg","Memantine Hydrochloride","10 mg","ট্যাবলেট","2 x 10","Drugs for Dementia","ACI Limited","8","8","OTC"
"ABO Kit 200 mg+200 mcg","ABO Kit 200 mg+200 mcg","Mifepristone + Misoprostol","200 mg+200 mcg","ট্যাবলেট","একক","Drugs acting on the Uterus, Prostaglandin analogues","Globe Pharmaceuticals Ltd.","280","280","OTC"
"Aboprost 200 mcg","Aboprost 200 mcg","Misoprostol","200 mcg","ট্যাবলেট","3 x 10","Drugs acting on the Uterus, Prostaglandin analogues","Benham Pharmaceuticals Ltd.","14.5","14.5","OTC"
"ABpres 0.2%+0.5%","ABpres 0.2%+0.5%","Brimonidine Tartrate + Timolol Maleate","0.2%+0.5%","Ophthalmic Solution","একক","Drugs for miotics and glaucoma","Navana Pharmaceuticals Ltd.","110","110","OTC"
"Absorbent Cotton","সার্জিক্যাল কটন","কটন","","Pack","১০০ গ্রাম","","Medipro","95","120","OTC"
"ABZ 400 mg","ABZ 400 mg","Albendazole","400 mg","Chewable Tablet","5 x 10","Anthelmintic","Al-Madina Pharmaceuticals Ltd.","4","4","OTC"
"AC PR 100 mg","AC PR 100 mg","Aceclofenac","100 mg","ট্যাবলেট","5 x 10","Drugs for Osteoarthritis, Drugs used for Rheumatoid Arthritis, Non-steroidal Anti-inflammatory Drugs (NSAIDs)","Pacific Pharmaceuticals Ltd.","5","5","OTC"
"AC PR SR 200 mg","AC PR SR 200 mg","Aceclofenac","200 mg","Tablet (Sustained Release)","3 x 10","Drugs for Osteoarthritis, Drugs used for Rheumatoid Arthritis, Non-steroidal Anti-inflammatory Drugs (NSAIDs)","Pacific Pharmaceuticals Ltd.","7","7","OTC"
"Acaluxen 100 mg","Acaluxen 100 mg","Acalabrutinib","100 mg","ক্যাপসুল","1 x 30","Tyrosine Kinase Inhibitor","Everest Pharmaceuticals Ltd.","1000","1000","OTC"
"Acaril 50 mg","Acaril 50 mg","Acarbose","50 mg","ট্যাবলেট","3 x 10","Alpha-Glucosidase inhibitor","The White Horse Pharmaceuticals Ltd.","15","15","OTC"
"ACCU-CHEK Active","ACCU-CHEK Active","Blood glucose monitoring device","","Glucometer","একক","","Radiant Export Import Enterprise","3200","3200","OTC"
"ACCU-CHEK Active","ACCU-CHEK Active","Blood glucose monitoring device","","Test strip","1 x 50","","Radiant Export Import Enterprise","27.56","27.56","OTC"
"ACCU-CHEK Instant","ACCU-CHEK Instant","Blood glucose monitoring device","","Glucometer","একক","","Radiant Export Import Enterprise","3285","3285","OTC"
"ACCU-CHEK Instant","ACCU-CHEK Instant","Blood glucose monitoring device","","Test strip","1 x 10","","Radiant Export Import Enterprise","34.45","34.45","OTC"
"ACCU-CHEK Instant S","ACCU-CHEK Instant S","Blood glucose monitoring device","","Glucometer","একক","","Radiant Export Import Enterprise","2623","2623","OTC"
"ACCU-CHEK Softclix 28G","ACCU-CHEK Softclix 28G","Blood glucose monitoring device","28G","Lancet Needle","100's pack","","Radiant Export Import Enterprise","1.5","1.5","OTC"
"Accuzith 200 mg/5 ml","Accuzith 200 mg/5 ml","Azithromycin Dihydrate","200 mg/5 ml","পাউডার সাসপেনশন","একক","Macrolides","DBL Pharmaceuticals Ltd.","170","170","OTC"
"Accuzith 500 mg","Accuzith 500 mg","Azithromycin Dihydrate","500 mg","ট্যাবলেট","2 x 3","Macrolides","DBL Pharmaceuticals Ltd.","55","55","OTC"
"Ace 10 mg/ml","Ace 10 mg/ml","Paracetamol","10 mg/ml","আইভি ইনফিউশন","একক","Non-Opioid Analgesics","Square Pharmaceuticals PLC","150","150","Rx"
"Ace 120 mg/5 ml","Ace 120 mg/5 ml","Paracetamol","120 mg/5 ml","Oral Suspension","একক","Non-Opioid Analgesics","Square Pharmaceuticals PLC","35","35","OTC"
"Ace 120 mg/5 ml","Ace 120 mg/5 ml","Paracetamol","120 mg/5 ml","সিরাপ","একক","Non-Opioid Analgesics","Square Pharmaceuticals PLC","35","35","OTC"
"Ace 125 mg","Ace 125 mg","Paracetamol","125 mg","সাপোজিটরি","6 x 5","Non-Opioid Analgesics","Square Pharmaceuticals PLC","6","6","OTC"
"Ace 250 mg","Ace 250 mg","Paracetamol","250 mg","সাপোজিটরি","6 x 5","Non-Opioid Analgesics","Square Pharmaceuticals PLC","7","7","OTC"
"Ace 500 mg","Ace 500 mg","Paracetamol","500 mg","ট্যাবলেট","50 x 10","Non-Opioid Analgesics","Square Pharmaceuticals PLC","1.2","1.2","OTC"
"Ace 500 mg","Ace 500 mg","Paracetamol","500 mg","সাপোজিটরি","6 x 5","Non-Opioid Analgesics","Square Pharmaceuticals PLC","10","10","OTC"
"Ace 80 mg/ml","Ace 80 mg/ml","Paracetamol","80 mg/ml","Pediatric Drops","একক","Non-Opioid Analgesics","Square Pharmaceuticals PLC","30","30","OTC"
"Ace Duo 200 mg+500 mg","Ace Duo 200 mg+500 mg","Ibuprofen + Paracetamol","200 mg+500 mg","ট্যাবলেট","3 x 10","Non-steroidal Anti-inflammatory Drugs (NSAIDs)","Square Pharmaceuticals PLC","2.08","2.08","OTC"
"Ace Plus 500 mg+65 mg","Ace Plus 500 mg+65 mg","Paracetamol + Caffeine","500 mg+65 mg","ট্যাবলেট","20 x 10","Non-Opioid Analgesics","Square Pharmaceuticals PLC","2.51","2.51","OTC"
"Ace Power 1000 mg","Ace Power 1000 mg","Paracetamol","1000 mg","ট্যাবলেট","20 x 10","Non-Opioid Analgesics","Square Pharmaceuticals PLC","2.25","2.25","OTC"
"Ace XR 665 mg","Ace XR 665 mg","Paracetamol","665 mg","Tablet (Extended Release)","10 x 10","Non-Opioid Analgesics","Square Pharmaceuticals PLC","2","2","OTC"
"Acebid 100 mg","Acebid 100 mg","Aceclofenac","100 mg","ট্যাবলেট","5 x 10","Drugs for Osteoarthritis, Drugs used for Rheumatoid Arthritis, Non-steroidal Anti-inflammatory Drugs (NSAIDs)","Beacon Pharmaceuticals PLC","4.01","4.01","OTC"
"Acecard 1.25 mg","Acecard 1.25 mg","Ramipril","1.25 mg","ট্যাবলেট","3 x 10","Angiotensin-converting enzyme (ACE) inhibitors","Healthcare Pharmaceuticals Ltd.","3","3","OTC"
"Acecard 2.5 mg","Acecard 2.5 mg","Ramipril","2.5 mg","ট্যাবলেট","3 x 10","Angiotensin-converting enzyme (ACE) inhibitors","Healthcare Pharmaceuticals Ltd.","5","5","OTC"
"Acecard 5 mg","Acecard 5 mg","Ramipril","5 mg","ট্যাবলেট","3 x 10","Angiotensin-converting enzyme (ACE) inhibitors","Healthcare Pharmaceuticals Ltd.","8","8","OTC"
"Aceclof 100 mg","Aceclof 100 mg","Aceclofenac","100 mg","ট্যাবলেট","100's pack","Drugs for Osteoarthritis, Drugs used for Rheumatoid Arthritis, Non-steroidal Anti-inflammatory Drugs (NSAIDs)","Premier Pharmaceuticals Ltd.","3","3","OTC"
"Aceclofen 100 mg","Aceclofen 100 mg","Aceclofenac","100 mg","ট্যাবলেট","10 x 10","Drugs for Osteoarthritis, Drugs used for Rheumatoid Arthritis, Non-steroidal Anti-inflammatory Drugs (NSAIDs)","Astra Biopharmaceuticals Ltd.","4","4","OTC"
"Aceclofenac 100 mg","Aceclofenac 100 mg","Aceclofenac","100 mg","ট্যাবলেট","10 x 10","Drugs for Osteoarthritis, Drugs used for Rheumatoid Arthritis, Non-steroidal Anti-inflammatory Drugs (NSAIDs)","Pristine Pharmaceuticals Ltd","3","3","OTC"
"Aceclofenac 100 mg","Aceclofenac 100 mg","Aceclofenac","100 mg","ট্যাবলেট","10 x 10","Drugs for Osteoarthritis, Drugs used for Rheumatoid Arthritis, Non-steroidal Anti-inflammatory Drugs (NSAIDs)","Pharmik Laboratories Ltd.","4","4","OTC"
"Aceclofenac 200 mg","Aceclofenac 200 mg","Aceclofenac","200 mg","Tablet (Sustained Release)","5 x 10","Drugs for Osteoarthritis, Drugs used for Rheumatoid Arthritis, Non-steroidal Anti-inflammatory Drugs (NSAIDs)","Pristine Pharmaceuticals Ltd","6","6","OTC"
"Aceclofenac SR 200 mg","Aceclofenac SR 200 mg","Aceclofenac","200 mg","Tablet (Sustained Release)","10 x 10","Drugs for Osteoarthritis, Drugs used for Rheumatoid Arthritis, Non-steroidal Anti-inflammatory Drugs (NSAIDs)","Pharmik Laboratories Ltd.","8","8","OTC"
"Aceclora 100 mg","Aceclora 100 mg","Aceclofenac","100 mg","ট্যাবলেট","50's pack","Drugs for Osteoarthritis, Drugs used for Rheumatoid Arthritis, Non-steroidal Anti-inflammatory Drugs (NSAIDs)","Marksman Pharmaceuticals Ltd.","3.02","3.02","OTC"
"Aceclosic 100 mg","Aceclosic 100 mg","Aceclofenac","100 mg","ট্যাবলেট","10 x 10","Drugs for Osteoarthritis, Drugs used for Rheumatoid Arthritis, Non-steroidal Anti-inflammatory Drugs (NSAIDs)","Physic pharmaceuticals ltd.","4.5","4.5","OTC"
"Acecol 100 mg","Acecol 100 mg","Aceclofenac","100 mg","ট্যাবলেট","5 x 10","Drugs for Osteoarthritis, Drugs used for Rheumatoid Arthritis, Non-steroidal Anti-inflammatory Drugs (NSAIDs)","Ziska Pharmaceuticals Ltd.","3","3","OTC"
"Acedol 100 mg","Acedol 100 mg","Aceclofenac","100 mg","ট্যাবলেট","10 x 10","Drugs for Osteoarthritis, Drugs used for Rheumatoid Arthritis, Non-steroidal Anti-inflammatory Drugs (NSAIDs)","Concord Pharmaceuticals Ltd.","5","5","OTC"
"Acedol SR 200 mg","Acedol SR 200 mg","Aceclofenac","200 mg","Tablet (Sustained Release)","5 x 10","Drugs for Osteoarthritis, Drugs used for Rheumatoid Arthritis, Non-steroidal Anti-inflammatory Drugs (NSAIDs)","Concord Pharmaceuticals Ltd.","7","7","OTC"
"Acedone-Z (175 mg+225 mg)5 ml","Acedone-Z (175 mg+225 mg)5 ml","Aluminium Hydroxide + Magnesium Hydroxide","175 mg+225 mg)5 ml","Oral Suspension","একক","Antacids","Zenith Pharmaceuticals Ltd.","32.72","32.72","OTC"
"Acedone-Z 250 mg+400 mg","Acedone-Z 250 mg+400 mg","Aluminium Hydroxide + Magnesium Hydroxide","250 mg+400 mg","Chewable Tablet","20 x 10","Antacids","Zenith Pharmaceuticals Ltd.","0.53","0.53","OTC"
"Acedone-Z Plus (400 mg+400 mg+30 mg)/5 ml","Acedone-Z Plus (400 mg+400 mg+30 mg)/5 ml","Aluminium Hydroxide + Magnesium Hydroxide + Simethicone","400 mg+400 mg+30 mg)/5 ml","Oral Suspension","একক","Antacids","Zenith Pharmaceuticals Ltd.","55","55","OTC"
"Acedone-Z Plus 400 mg+400 mg+30 mg","Acedone-Z Plus 400 mg+400 mg+30 mg","Aluminium Hydroxide + Magnesium Hydroxide + Simethicone","400 mg+400 mg+30 mg","Chewable Tablet","20 x 10","Antacids","Zenith Pharmaceuticals Ltd.","1.2","1.2","OTC"
"Acefenac 100 mg","Acefenac 100 mg","Aceclofenac","100 mg","ট্যাবলেট","5 x 10","Drugs for Osteoarthritis, Drugs used for Rheumatoid Arthritis, Non-steroidal Anti-inflammatory Drugs (NSAIDs)","General Pharmaceuticals Ltd.","6","6","OTC"
"Aceflex 100 mg","Aceflex 100 mg","Aceclofenac","100 mg","ট্যাবলেট","5 x 10","Drugs for Osteoarthritis, Drugs used for Rheumatoid Arthritis, Non-steroidal Anti-inflammatory Drugs (NSAIDs)","Maks Drug Limited","5","5","OTC"
"Acefra 125 mg/5 ml","Acefra 125 mg/5 ml","Cephradine","125 mg/5 ml","পাউডার সাসপেনশন","একক","First generation cephalosporins","Apollo Pharmaceutical Ltd.","78","78","OTC"
"Acefra 500 mg","Acefra 500 mg","Cephradine","500 mg","ক্যাপসুল","20's pack","First generation cephalosporins","Apollo Pharmaceutical Ltd.","12","12","OTC"
"Acegic 100 mg","Acegic 100 mg","Aceclofenac","100 mg","ট্যাবলেট","10 x 10","Drugs for Osteoarthritis, Drugs used for Rheumatoid Arthritis, Non-steroidal Anti-inflammatory Drugs (NSAIDs)","Belsen Pharmaceuticals Ltd.","3","3","OTC"
"Acelex 125 mg/5 ml","Acelex 125 mg/5 ml","Cephalexin","125 mg/5 ml","পাউডার সাসপেনশন","একক","First generation cephalosporins","ACME Laboratories Ltd.","77.5","77.5","OTC"
"Acelex 250 mg","Acelex 250 mg","Cephalexin","250 mg","ক্যাপসুল","5 x 10","First generation cephalosporins","ACME Laboratories Ltd.","6.6","6.6","OTC"
"Acelex 500 mg","Acelex 500 mg","Cephalexin","500 mg","ক্যাপসুল","4 x 10","First generation cephalosporins","ACME Laboratories Ltd.","12.5","12.5","OTC"
"Acelock 100 mg","Acelock 100 mg","Aceclofenac","100 mg","ট্যাবলেট","100's pack","Drugs for Osteoarthritis, Drugs used for Rheumatoid Arthritis, Non-steroidal Anti-inflammatory Drugs (NSAIDs)","Bristol Pharmaceuticals Ltd.","3","3","OTC"
"Acelon 100 mg","Acelon 100 mg","Aceclofenac","100 mg","ট্যাবলেট","100's pack","Drugs for Osteoarthritis, Drugs used for Rheumatoid Arthritis, Non-steroidal Anti-inflammatory Drugs (NSAIDs)","Central Pharmaceuticals Ltd.","3","3","OTC"
"Acemox 250 mg","Acemox 250 mg","Acetazolamide","250 mg","ট্যাবলেট","10 x 10","Carbonic anhydrase inhibitor","ACME Laboratories Ltd.","4","4","OTC"
"Acenac 100 mg","Acenac 100 mg","Aceclofenac","100 mg","ট্যাবলেট","5 x 10","Drugs for Osteoarthritis, Drugs used for Rheumatoid Arthritis, Non-steroidal Anti-inflammatory Drugs (NSAIDs)","Medicon Pharmaceuticals Ltd.","4","4","OTC"
"Acenopan 100 mg","Acenopan 100 mg","Aceclofenac","100 mg","ট্যাবলেট","50's pack","Drugs for Osteoarthritis, Drugs used for Rheumatoid Arthritis, Non-steroidal Anti-inflammatory Drugs (NSAIDs)","RN Pharmaceuticals","4","4","OTC"
"Acep 120 mg/5 ml","Acep 120 mg/5 ml","Paracetamol","120 mg/5 ml","Oral Suspension","একক","Non-Opioid Analgesics","Zenith Pharmaceuticals Ltd.","35","35","OTC"
"Acep 500 mg","Acep 500 mg","Paracetamol","500 mg","ট্যাবলেট","20 x 10","Non-Opioid Analgesics","Zenith Pharmaceuticals Ltd.","1.2","1.2","OTC"
"Acep 80 mg/ml","Acep 80 mg/ml","Paracetamol","80 mg/ml","Pediatric Drops","একক","Non-Opioid Analgesics","Zenith Pharmaceuticals Ltd.","30","30","OTC"
"Acep Extra 500 mg+65 mg","Acep Extra 500 mg+65 mg","Paracetamol + Caffeine","500 mg+65 mg","ট্যাবলেট","20 x 10","Non-Opioid Analgesics","Zenith Pharmaceuticals Ltd.","1.5","1.5","OTC"
"Acepril 10 mg","Acepril 10 mg","Lisinopril","10 mg","ট্যাবলেট","2 x 14","Angiotensin-converting enzyme (ACE) inhibitors","Drug International Ltd.","7.05","7.05","OTC"
"Acepril 5 mg","Acepril 5 mg","Lisinopril","5 mg","ট্যাবলেট","4 x 14","Angiotensin-converting enzyme (ACE) inhibitors","Drug International Ltd.","4.05","4.05","OTC"
"Acepro 100 mg","Acepro 100 mg","Aceclofenac","100 mg","ট্যাবলেট","5 x 10","Drugs for Osteoarthritis, Drugs used for Rheumatoid Arthritis, Non-steroidal Anti-inflammatory Drugs (NSAIDs)","The White Horse Pharmaceuticals Ltd.","5","5","OTC"
"Aceril 2.5 mg","Aceril 2.5 mg","Ramipril","2.5 mg","ট্যাবলেট","3 x 10","Angiotensin-converting enzyme (ACE) inhibitors","The IBN SINA Pharmaceutical PLC","5","5","OTC"
"Aceril 5 mg","Aceril 5 mg","Ramipril","5 mg","ট্যাবলেট","3 x 10","Angiotensin-converting enzyme (ACE) inhibitors","The IBN SINA Pharmaceutical PLC","8","8","OTC"
"Aceron 100 mg","Aceron 100 mg","Aceclofenac","100 mg","ট্যাবলেট","10 x 10","Drugs for Osteoarthritis, Drugs used for Rheumatoid Arthritis, Non-steroidal Anti-inflammatory Drugs (NSAIDs)","Nipa Pharmaceuticals Ltd.","4","4","OTC"
"Acerux 200 mg","Acerux 200 mg","Acyclovir (Oral)","200 mg","ট্যাবলেট","3 x 10","Herpes simplex & Varicella-zoster virus infections","Opsonin Pharma Ltd.","14.05","14.05","OTC"
"Acerux 200 mg/5 ml","Acerux 200 mg/5 ml","Acyclovir (Oral)","200 mg/5 ml","Oral Suspension","একক","Herpes simplex & Varicella-zoster virus infections","Opsonin Pharma Ltd.","125.47","125.47","OTC"
"Acerux 250 mg/vial","Acerux 250 mg/vial","Acyclovir (Injection)","250 mg/vial","আইভি ইনফিউশন","একক","Herpes simplex & Varicella-zoster virus infections","Opsonin Pharma Ltd.","400","400","Rx"
"Acerux 3%","Acerux 3%","Acyclovir (Ophthalmic)","3%","Ophthalmic Ointment","একক","Ophthalmic Anti-viral Products","Opsonin Pharma Ltd.","45.17","45.17","OTC"
"Acerux 400 mg","Acerux 400 mg","Acyclovir (Oral)","400 mg","ট্যাবলেট","2 x 10","Herpes simplex & Varicella-zoster virus infections","Opsonin Pharma Ltd.","22","22","OTC"
"Acerux 500 mg/vial","Acerux 500 mg/vial","Acyclovir (Injection)","500 mg/vial","আইভি ইনফিউশন","একক","Herpes simplex & Varicella-zoster virus infections","Opsonin Pharma Ltd.","700","700","Rx"
"Acerux-H 5%+1%","Acerux-H 5%+1%","Acyclovir + Hydrocortisone","5%+1%","ক্রিম","একক","Hydrocortisone & Combined preparations","Opsonin Pharma Ltd.","35","35","OTC"
"Aces Plus","Aces Plus","Super antioxidant [vitamins & minerals]","","ট্যাবলেট","1 x 30","Multi-vitamin & Multi-mineral combined preparations","Ambee Pharmaceuticals Ltd.","4","4","OTC"
"Aceta 120 mg/5 ml","Aceta 120 mg/5 ml","Paracetamol","120 mg/5 ml","Oral Suspension","একক","Non-Opioid Analgesics","Biopharma Limited","35","35","OTC"
"Aceta 500 mg","Aceta 500 mg","Paracetamol","500 mg","ট্যাবলেট","20 x 10","Non-Opioid Analgesics","Biopharma Limited","1.2","1.2","OTC"
"Aceta Extend 665 mg","Aceta Extend 665 mg","Paracetamol","665 mg","Tablet (Extended Release)","10 x 10","Non-Opioid Analgesics","Biopharma Limited","2","2","OTC"
"Aceta One 1000 mg","Aceta One 1000 mg","Paracetamol","1000 mg","ট্যাবলেট","10 x 10","Non-Opioid Analgesics","Biopharma Limited","2.25","2.25","OTC"
"Aceta-PD 80 mg/ml","Aceta-PD 80 mg/ml","Paracetamol","80 mg/ml","Pediatric Drops","একক","Non-Opioid Analgesics","Biopharma Limited","30","30","OTC"
"Aceta-T 325 mg+37.5 mg","Aceta-T 325 mg+37.5 mg","Paracetamol + Tramadol Hydrochloride","325 mg+37.5 mg","ট্যাবলেট","3 x 10","Non-steroidal Anti-inflammatory Drugs (NSAIDs)","Biopharma Limited","8","8","OTC"
"Aceta-X 500 mg+65 mg","Aceta-X 500 mg+65 mg","Paracetamol + Caffeine","500 mg+65 mg","ট্যাবলেট","10 x 10","Non-Opioid Analgesics","Biopharma Limited","2.5","2.5","OTC"
"Aceten 100 mg/sachet","Aceten 100 mg/sachet","Acetylcysteine","100 mg/sachet","Effervescent Granules","20's pack","Antidote preparations, Cough expectorants & mucolytics","Eskayef Pharmaceuticals Ltd.","10","10","OTC"
"Aceten 600 mg","Aceten 600 mg","Acetylcysteine","600 mg","Effervescent Tablet","1 x 10","Antidote preparations, Cough expectorants & mucolytics","Eskayef Pharmaceuticals Ltd.","20","20","OTC"
"Aceto 500 mg","Aceto 500 mg","Paracetamol","500 mg","ট্যাবলেট","100's pack","Non-Opioid Analgesics","Reliance Pharmaceuticals Ltd.","1.2","1.2","OTC"
"Acetor 25 mg","Acetor 25 mg","Captopril","25 mg","ট্যাবলেট","10 x 10","Angiotensin-converting enzyme (ACE) inhibitors","Drug International Ltd.","3.05","3.05","OTC"
"ACF 100 mg","ACF 100 mg","Aceclofenac","100 mg","ট্যাবলেট","100's pack","Drugs for Osteoarthritis, Drugs used for Rheumatoid Arthritis, Non-steroidal Anti-inflammatory Drugs (NSAIDs)","Decent Pharma Laboratories Ltd.","4","4","OTC"
"Acflam 100 mg","Acflam 100 mg","Aceclofenac","100 mg","ট্যাবলেট","100's pack","Drugs for Osteoarthritis, Drugs used for Rheumatoid Arthritis, Non-steroidal Anti-inflammatory Drugs (NSAIDs)","Apollo Pharmaceutical Ltd.","4","4","OTC"
"Achnil 200 mg","Achnil 200 mg","Tolfenamic acid","200 mg","ট্যাবলেট","3 x 10","Drugs used for Rheumatoid Arthritis, Non-steroidal Anti-inflammatory Drugs (NSAIDs), Other drugs for migraine","Desh Pharmaceuticals Ltd.","8","8","OTC"
"ACI Fruit Sal Tasty Saline","ACI Fruit Sal Tasty Saline","Oral rehydration salt [tasty]","","Oral Powder","20's pack","Oral electrolytes preparations","ACI Limited","7","7","OTC"
"ACI ORS 10.25 gm","ACI ORS 10.25 gm","Oral rehydration salt [glucose based]","10.25 gm","Oral Powder","20's pack","Oral electrolytes preparations","ACI Limited","6","6","OTC"
"ACI ORS Fruity 10 gm/sachet","ACI ORS Fruity 10 gm/sachet","Oral rehydration salt [flavore & glucose based]","10 gm/sachet","Oral Powder","20's pack","Oral electrolytes preparations","ACI Limited","6","6","OTC"
"Acicaft 0.25%","Acicaft 0.25%","Alcaftadine","0.25%","Ophthalmic Solution","একক","Ophthalmic Anti-allergic preparations","ACI Limited","400","400","OTC"
"Acical 500 mg","Acical 500 mg","Calcium Carbonate","500 mg","ট্যাবলেট","10 x 10","Minerals in bone formation, Specific mineral preparations","ACI Limited","4.01","4.01","OTC"
"Acical Jr. 250 mg","Acical Jr. 250 mg","Calcium Carbonate","250 mg","Chewable Tablet","5 x 10","Minerals in bone formation, Specific mineral preparations","ACI Limited","3.01","3.01","OTC"
"Acical-C 1000 mg+327 mg (Conventional calcium)+500 mg","Acical-C 1000 mg+327 mg (Conventional calcium)+500 mg","Calcium Lactate Gluconate + Calcium Carbonate + Vitamin C","1000 mg+327 mg (Conventional calcium)+500 mg","Effervescent Tablet","1 x 10","Specific mineral & vitamin combined preparations","ACI Limited","15","15","OTC"
"Acical-D 500 mg+200 IU","Acical-D 500 mg+200 IU","Conventional Calcium + Vitamin D3","500 mg+200 IU","ট্যাবলেট","5 x 10","Specific mineral & vitamin combined preparations","ACI Limited","8","8","OTC"
"Acical-DX 600 mg+400 IU","Acical-DX 600 mg+400 IU","Conventional Calcium + Vitamin D3","600 mg+400 IU","Effervescent Tablet","1 x 14","Specific mineral & vitamin combined preparations","ACI Limited","18","18","OTC"
"Acical-M","Acical-M","Calcium + Vitamin D3 + Multimineral","","ট্যাবলেট","1 x 30","Specific mineral & vitamin combined preparations","ACI Limited","8","8","OTC"
"Acical-MX","Acical-MX","Calcium + Vitamin D3 + Multimineral","","Effervescent Tablet","1 x 10","Specific mineral & vitamin combined preparations","ACI Limited","20","20","OTC"
"Aciclon 3%","Aciclon 3%","Acyclovir (Ophthalmic)","3%","Ophthalmic Ointment","একক","Ophthalmic Anti-viral Products","Reman Drug Laboratories Ltd.","60","60","OTC"
"Acicot 0.1%","Acicot 0.1%","Dexamethasone (Ophthalmic)","0.1%","Ophthalmic Solution","একক","","ACI Limited","65","65","OTC"
"Acidron 4 mg/5 ml","Acidron 4 mg/5 ml","Zoledronic Acid [For hypercalcemia]","4 mg/5 ml","আইভি ইনফিউশন","একক","Bisphosphonate preparations","ACI Limited","5000","5000","Rx"
"Acidrox M 400 mg","Acidrox M 400 mg","Magaldrate","400 mg","Chewable Tablet","150's pack","Antacids, Anti-dyspeptic/Carminatives","Syntho Laboratories Ltd.","1","1","OTC"
"Acifix 20 mg","Acifix 20 mg","Rabeprazole Sodium","20 mg","Capsule (Enteric Coated)","6 x 10","Proton Pump Inhibitor","Beximco Pharmaceuticals Ltd.","8","8","OTC"
"Acifix 20 mg","Acifix 20 mg","Rabeprazole Sodium","20 mg","Tablet (Enteric Coated)","10 x 10","Proton Pump Inhibitor","Beximco Pharmaceuticals Ltd.","7","7","OTC"
"Aciflox 200 mg","Aciflox 200 mg","Sparfloxacin","200 mg","ট্যাবলেট","1 x 10","4-Quinolone preparations","ACI Limited","12","12","OTC"
"Acilog 100 IU/ml","Acilog 100 IU/ml","Insulin Aspart [Protamine Crystallised]","100 IU/ml","SC Injection","5's pack","Rapid Acting Insulin","ACI Limited","825","825","OTC"
"Acilog Mix 30%+70%","Acilog Mix 30%+70%","Biphasic Insulin Aspart","30%+70%","SC Injection","5's pack","Combination Insulin","ACI Limited","825","825","OTC"
"Acipam 10 mg","Acipam 10 mg","Escitalopram Oxalate","10 mg","ট্যাবলেট","3 x 10","SSRIs & related anti-depressant drugs","The IBN SINA Pharmaceutical PLC","10","10","OTC"
"Acipam 5 mg","Acipam 5 mg","Escitalopram Oxalate","5 mg","ট্যাবলেট","5 x 10","SSRIs & related anti-depressant drugs","The IBN SINA Pharmaceutical PLC","5","5","OTC"
"Aciphin 1 gm/vial","Aciphin 1 gm/vial","Ceftriaxone Sodium","1 gm/vial","IV Injection","একক","Third generation cephalosporins","ACI Limited","200","200","OTC"
"Aciphin 1 gm/vial","Aciphin 1 gm/vial","Ceftriaxone Sodium","1 gm/vial","IM Injection","একক","Third generation cephalosporins","ACI Limited","191.29","191.29","OTC"
"Aciphin 2 gm/vial","Aciphin 2 gm/vial","Ceftriaxone Sodium","2 gm/vial","IV Injection","একক","Third generation cephalosporins","ACI Limited","320","320","OTC"
"Aciphin 250 mg/vial","Aciphin 250 mg/vial","Ceftriaxone Sodium","250 mg/vial","IM Injection","একক","Third generation cephalosporins","ACI Limited","100.3","100.3","OTC"
"Aciphin 250 mg/vial","Aciphin 250 mg/vial","Ceftriaxone Sodium","250 mg/vial","IV Injection","একক","Third generation cephalosporins","ACI Limited","100.3","100.3","OTC"
"Aciphin 500 mg/vial","Aciphin 500 mg/vial","Ceftriaxone Sodium","500 mg/vial","IM Injection","একক","Third generation cephalosporins","ACI Limited","145","145","OTC"
"Aciphin 500 mg/vial","Aciphin 500 mg/vial","Ceftriaxone Sodium","500 mg/vial","IV Injection","একক","Third generation cephalosporins","ACI Limited","145","145","OTC"
"Acipra 20 mg","Acipra 20 mg","Rabeprazole Sodium","20 mg","Capsule (Enteric Coated)","5 x 10","Proton Pump Inhibitor","Alco Pharma Ltd.","7","7","OTC"
"Acitrin 10 mg","Acitrin 10 mg","Cetirizine Hydrochloride","10 mg","ট্যাবলেট","10 x 10","Sedating Anti-histamine","ACI Limited","3.01","3.01","OTC"
"Acitrin 2.5 mg/ml","Acitrin 2.5 mg/ml","Cetirizine Hydrochloride","2.5 mg/ml","Pediatric Drops","একক","Sedating Anti-histamine","ACI Limited","25.08","25.08","OTC"
"Acitrin 5 mg/5 ml","Acitrin 5 mg/5 ml","Cetirizine Hydrochloride","5 mg/5 ml","সিরাপ","একক","Sedating Anti-histamine","ACI Limited","34","34","OTC"
"Acitrin-L 2.5 mg/5 ml","Acitrin-L 2.5 mg/5 ml","Levocetirizine Dihydrochloride","2.5 mg/5 ml","Oral Solution","একক","Non-sedating antihistamines","ACI Limited","55","55","OTC"
"Acitrin-L 5 mg","Acitrin-L 5 mg","Levocetirizine Dihydrochloride","5 mg","ট্যাবলেট","10 x 10","Non-sedating antihistamines","ACI Limited","3.01","3.01","OTC"
"Aclasta 5 mg/100 ml","Aclasta 5 mg/100 ml","Zoledronic Acid [For osteoporosis]","5 mg/100 ml","আইভি ইনফিউশন","একক","Bisphosphonate preparations","SANDOZ (A Novartis Division)","38190","38190","Rx"
"Aclene 0.1%","Aclene 0.1%","Adapalene","0.1%","ক্রিম","একক","Topical retinoid and related preparations","Drug International Ltd.","60.2","60.2","OTC"
"Aclene Plus 0.1%+2.5%","Aclene Plus 0.1%+2.5%","Adapalene + Benzoyl peroxide","0.1%+2.5%","জেল","একক","Topical retinoid and related preparations","Drug International Ltd.","150","150","OTC"
"Aclitol 400 mcg+12 mcg","Aclitol 400 mcg+12 mcg","Aclidinium Bromide + Formoterol Fumarate","400 mcg+12 mcg","Dry Powder Inhalation Capsule (DPI)","2 x 10","Combined bronchodilators","Square Pharmaceuticals PLC","25","25","OTC"
"Acliz 50 mg","Acliz 50 mg","Meclizine Hydrochloride","50 mg","Chewable Tablet","10 x 10","Anti-emetic drugs","Aristopharma Ltd.","2.5","2.5","OTC"
"Acliz Plus 25 mg+50 mg","Acliz Plus 25 mg+50 mg","Meclizine + Pyridoxine","25 mg+50 mg","ট্যাবলেট","10 x 10","Anti-emetic drugs","Aristopharma Ltd.","3.5","3.5","OTC"
"Aclo 100 mg","Aclo 100 mg","Aceclofenac","100 mg","ট্যাবলেট","16 x 10","Drugs for Osteoarthritis, Drugs used for Rheumatoid Arthritis, Non-steroidal Anti-inflammatory Drugs (NSAIDs)","Alco Pharma Ltd.","4","4","OTC"
"Aclobet 0.05%","Aclobet 0.05%","Clobetasol Propionate","0.05%","অয়েন্টমেন্ট","একক","Other Topical corticosteroids","ACME Laboratories Ltd.","150","150","OTC"
"Aclobet-N 0.05%+0.5%+2%","Aclobet-N 0.05%+0.5%+2%","Clobetasol Propionate + Neomycin Sulphate + Nystatin","0.05%+0.5%+2%","ক্রিম","একক","Clobetasol / Clobetasone & Combined Preparations","ACME Laboratories Ltd.","150","150","OTC"
"Aclobet-N 0.05%+0.5%+2%","Aclobet-N 0.05%+0.5%+2%","Clobetasol Propionate + Neomycin Sulphate + Nystatin","0.05%+0.5%+2%","অয়েন্টমেন্ট","একক","Clobetasol / Clobetasone & Combined Preparations","ACME Laboratories Ltd.","150","150","OTC"
"Aclonac 100 mg","Aclonac 100 mg","Aceclofenac","100 mg","ট্যাবলেট","5 x 10","Drugs for Osteoarthritis, Drugs used for Rheumatoid Arthritis, Non-steroidal Anti-inflammatory Drugs (NSAIDs)","Pharmasia Limited","4","4","OTC"
"Aclopain 100 mg","Aclopain 100 mg","Aceclofenac","100 mg","ট্যাবলেট","10 x 10","Drugs for Osteoarthritis, Drugs used for Rheumatoid Arthritis, Non-steroidal Anti-inflammatory Drugs (NSAIDs)","Jenphar Bangladesh Ltd.","5","5","OTC"
"Aclovix 100 mg","Aclovix 100 mg","Aceclofenac","100 mg","ট্যাবলেট","10 x 10","Drugs for Osteoarthritis, Drugs used for Rheumatoid Arthritis, Non-steroidal Anti-inflammatory Drugs (NSAIDs)","Aexim Pharmaceuticals Ltd.","2.5","2.5","OTC"
"ACM Depiwhite Advance","ACM Depiwhite Advance","Miscellaneous Topical Agents","","ক্রিম","একক","","UniHealth Limited","2000","2000","OTC"
"ACM Depiwhite Body Milk","ACM Depiwhite Body Milk","Miscellaneous Topical Agents","","লোশন","একক","","UniHealth Limited","1800","1800","OTC"
"ACM Depiwhite Brightening Foam","ACM Depiwhite Brightening Foam","Miscellaneous Topical Agents","","Topical Solution","একক","","UniHealth Limited","2500","2500","OTC"
"ACM Depiwhite Day SPF 20","ACM Depiwhite Day SPF 20","Miscellaneous Topical Agents","","ক্রিম","একক","","UniHealth Limited","1800","1800","OTC"
"ACM Depiwhite Eye Contour","ACM Depiwhite Eye Contour","Miscellaneous Topical Agents","","জেল","একক","","UniHealth Limited","1500","1500","OTC"
"ACM Depiwhite Mask","ACM Depiwhite Mask","Miscellaneous Topical Agents","","লোশন","একক","","UniHealth Limited","1800","1800","OTC"
"ACM Depiwhite.M SPF 50+","ACM Depiwhite.M SPF 50+","Miscellaneous Topical Agents","","লোশন","একক","","UniHealth Limited","2000","2000","OTC"
"ACM Medisun","ACM Medisun","Miscellaneous Topical Agents","","ক্রিম","একক","","UniHealth Limited","2200","2200","OTC"
"ACM Medisun","ACM Medisun","Miscellaneous Topical Agents","","Topical Spray","একক","","UniHealth Limited","2500","2500","OTC"
"ACM Medisun Mattifying Gel","ACM Medisun Mattifying Gel","Miscellaneous Topical Agents","","জেল","একক","","UniHealth Limited","2000","2000","OTC"
"ACM Novophane Energizing","ACM Novophane Energizing","Miscellaneous Topical Agents","","শ্যাম্পু","একক","","UniHealth Limited","1700","1700","OTC"
"ACM Novophane Lotion","ACM Novophane Lotion","Miscellaneous Topical Agents","","লোশন","একক","","UniHealth Limited","2000","2000","OTC"
"ACM Novophane Nail Cream","ACM Novophane Nail Cream","Miscellaneous Topical Agents","","ক্রিম","একক","","UniHealth Limited","1800","1800","OTC"
"ACM Novophane.DS","ACM Novophane.DS","Miscellaneous Topical Agents","","শ্যাম্পু","একক","","UniHealth Limited","1500","1500","OTC"
"ACM Novophane.K","ACM Novophane.K","Miscellaneous Topical Agents","","শ্যাম্পু","একক","","UniHealth Limited","1600","1600","OTC"
"ACM Sebionex Cleansing","ACM Sebionex Cleansing","Miscellaneous Topical Agents","","জেল","একক","","UniHealth Limited","1500","1500","OTC"
"ACM Sebionex Dermatological Bar","ACM Sebionex Dermatological Bar","Miscellaneous Topical Agents","","Medicated Bar","একক","","UniHealth Limited","750","750","OTC"
"ACM Sebionex Hydra","ACM Sebionex Hydra","Miscellaneous Topical Agents","","লোশন","একক","","UniHealth Limited","1800","1800","OTC"
"ACM Sebionex Mattifying","ACM Sebionex Mattifying","Miscellaneous Topical Agents","","জেল","একক","","UniHealth Limited","1500","1500","OTC"
"ACM Sebionex Trio","ACM Sebionex Trio","Miscellaneous Topical Agents","","ক্রিম","একক","","UniHealth Limited","1500","1500","OTC"
"ACM Sebionex.K","ACM Sebionex.K","Miscellaneous Topical Agents","","ক্রিম","একক","","UniHealth Limited","1500","1500","OTC"
"ACM Sensitelial Cleansing","ACM Sensitelial Cleansing","Miscellaneous Topical Agents","","জেল","একক","","UniHealth Limited","1500","1500","OTC"
"ACM Sensitelial Dermatological Bar","ACM Sensitelial Dermatological Bar","Miscellaneous Topical Agents","","Medicated Bar","একক","","UniHealth Limited","800","800","OTC"
"ACM Sensitelial Emollient Care","ACM Sensitelial Emollient Care","Miscellaneous Topical Agents","","লোশন","একক","","UniHealth Limited","1500","1500","OTC"
"ACM Viticolor","ACM Viticolor","Miscellaneous Topical Agents","","জেল","একক","","UniHealth Limited","2800","2800","OTC"
"ACM Vitix","ACM Vitix","Miscellaneous Topical Agents","","জেল","একক","","UniHealth Limited","2800","2800","OTC"
"Acme Tasty Saline","Acme Tasty Saline","Oral rehydration salt [tasty]","","Oral Powder","20's pack","Oral electrolytes preparations","ACME Laboratories Ltd.","7","7","OTC"
"Acme's Dextrose 5%","Acme's Dextrose 5%","Dextrose","5%","আইভি ইনফিউশন","একক","Intravenous fluid preparations","ACME Laboratories Ltd.","71.3","71.3","Rx"
"Acme's Dextrose DS 10%","Acme's Dextrose DS 10%","Dextrose","10%","আইভি ইনফিউশন","একক","Intravenous fluid preparations","ACME Laboratories Ltd.","78.2","78.2","Rx"
"Acme's DNS 0.9%+5%","Acme's DNS 0.9%+5%","Sodium Chloride + Dextrose","0.9%+5%","আইভি ইনফিউশন","একক","Intravenous fluid preparations, Parenteral nutritional preparations","ACME Laboratories Ltd.","75.89","75.89","Rx"
"Acme's Mannitol 20%","Acme's Mannitol 20%","Mannitol","20%","আইভি ইনফিউশন","একক","Osmotic diuretics","ACME Laboratories Ltd.","155.47","155.47","Rx"
"ACME's Normal Saline 0.9%","ACME's Normal Saline 0.9%","Sodium Chloride","0.9%","আইভি ইনফিউশন","একক","Intravenous fluid preparations, Nasal Decongestants & Other Nasal Preparations, Other ophthalmic preparations","ACME Laboratories Ltd.","67.85","67.85","Rx"
"Acme's ORS 10.25 gm","Acme's ORS 10.25 gm","Oral rehydration salt [glucose based]","10.25 gm","Oral Powder","20's pack","Oral electrolytes preparations","ACME Laboratories Ltd.","6","6","OTC"
"Acmecilin 125 mg/5 ml","Acmecilin 125 mg/5 ml","Ampicillin Sodium","125 mg/5 ml","Oral Suspension","একক","","ACME Laboratories Ltd.","40","40","OTC"
"Acmecilin 250 mg","Acmecilin 250 mg","Ampicillin Sodium","250 mg","ক্যাপসুল","10 x 10","","ACME Laboratories Ltd.","3.34","3.34","OTC"
"Acmecilin 250 mg/vial","Acmecilin 250 mg/vial","Ampicillin Sodium","250 mg/vial","ইনজেকশন","5's pack","","ACME Laboratories Ltd.","19.6","19.6","Rx"
"Acmecilin 500 mg/vial","Acmecilin 500 mg/vial","Ampicillin Sodium","500 mg/vial","ইনজেকশন","5's pack","","ACME Laboratories Ltd.","27.2","27.2","Rx"
"Acmegra 100 mg","Acmegra 100 mg","Sildenafil Citrate","100 mg","ট্যাবলেট","1 x 4","Drugs for Erectile Dysfunction","ACME Laboratories Ltd.","45","45","OTC"
"Acmegra 25 mg","Acmegra 25 mg","Sildenafil Citrate","25 mg","ট্যাবলেট","1 x 4","Drugs for Erectile Dysfunction","ACME Laboratories Ltd.","18","18","OTC"
"Acmegra 50 mg","Acmegra 50 mg","Sildenafil Citrate","50 mg","ট্যাবলেট","1 x 4","Drugs for Erectile Dysfunction","ACME Laboratories Ltd.","27","27","OTC"
"ACN 100 mg","ACN 100 mg","Aceclofenac","100 mg","ট্যাবলেট","100's pack","Drugs for Osteoarthritis, Drugs used for Rheumatoid Arthritis, Non-steroidal Anti-inflammatory Drugs (NSAIDs)","Modern Pharmaceuticals Ltd.","4","4","OTC"
"Acnegel 0.1%+2.5%","Acnegel 0.1%+2.5%","Adapalene + Benzoyl peroxide","0.1%+2.5%","জেল","একক","Topical retinoid and related preparations","ACME Laboratories Ltd.","160","160","OTC"
"Acnesone 7.5%","Acnesone 7.5%","Dapsone","7.5%","জেল","একক","Acne treatment preparations","Incepta Pharmaceuticals Ltd.","150","150","OTC"
"Acnestop Face Cream","Acnestop Face Cream","Miscellaneous Topical Agents","","ক্রিম","একক","","DBL Healthcare Ltd.","3940","3940","OTC"
"Acnev 1% w/w","Acnev 1% w/w","Clascoterone","1% w/w","ক্রিম","একক","Acne treatment preparations","ACI Limited","850","850","OTC"
"Acora 90 mg","Acora 90 mg","Ticagrelor","90 mg","ট্যাবলেট","1 x 10","Anti-platelet drugs","ACI Limited","75","75","OTC"
"Acorex 15 mg/5 ml","Acorex 15 mg/5 ml","Ambroxol Hydrochloride","15 mg/5 ml","সিরাপ","একক","Cough expectorants & mucolytics","Apex Pharma Ltd.","46","46","OTC"
"Acos 200 mg/5 ml","Acos 200 mg/5 ml","Azithromycin Dihydrate","200 mg/5 ml","পাউডার সাসপেনশন","একক","Macrolides","Radiant Pharmaceuticals Ltd.","190","190","OTC"
"Acos 250 mg","Acos 250 mg","Azithromycin Dihydrate","250 mg","ট্যাবলেট","1 x 6","Macrolides","Radiant Pharmaceuticals Ltd.","30","30","OTC"
"Acos 500 mg","Acos 500 mg","Azithromycin Dihydrate","500 mg","ট্যাবলেট","2 x 3","Macrolides","Radiant Pharmaceuticals Ltd.","55.17","55.17","OTC"
"Acosolin 4 gm/100 ml","Acosolin 4 gm/100 ml","Magnesium Sulfate","4 gm/100 ml","আইভি ইনফিউশন","একক","Specific mineral preparations","Popular Pharmaceuticals Ltd.","70","70","Rx"
"AcRest Acne Cleanser","AcRest Acne Cleanser","Miscellaneous Topical Agents","","Topical Spray","একক","","ZAS Corporation","1200","1200","OTC"
"Acryth 125 mg/5 ml","Acryth 125 mg/5 ml","Erythromycin (Oral)","125 mg/5 ml","পাউডার সাসপেনশন","একক","Anti-diarrhoeal antimicrobial drugs, Macrolides","Monicopharma Ltd.","60","60","OTC"
"Act 120 mg/5 ml","Act 120 mg/5 ml","Paracetamol","120 mg/5 ml","Oral Suspension","একক","Non-Opioid Analgesics","Ambee Pharmaceuticals Ltd.","35","35","OTC"
"Act 500 mg","Act 500 mg","Paracetamol","500 mg","ট্যাবলেট","25 x 10","Non-Opioid Analgesics","Ambee Pharmaceuticals Ltd.","1.2","1.2","OTC"
"Act 80 mg/ml","Act 80 mg/ml","Paracetamol","80 mg/ml","Pediatric Drops","একক","Non-Opioid Analgesics","Ambee Pharmaceuticals Ltd.","12.31","12.31","OTC"
"Act Plus 500 mg+65 mg","Act Plus 500 mg+65 mg","Paracetamol + Caffeine","500 mg+65 mg","ট্যাবলেট","10 x 10","Non-Opioid Analgesics","Ambee Pharmaceuticals Ltd.","2","2","OTC"
"Actemra 162 mg/0.9 ml","Actemra 162 mg/0.9 ml","Tocilizumab","162 mg/0.9 ml","SC Injection","একক","Drugs used for Rheumatoid Arthritis","Roche Bangladesh Ltd.","20828.8","20828.8","OTC"
"Actemra 200 mg/10 ml","Actemra 200 mg/10 ml","Tocilizumab","200 mg/10 ml","আইভি ইনফিউশন","একক","Drugs used for Rheumatoid Arthritis","Roche Bangladesh Ltd.","24621","24621","Rx"
"Actemra 80 mg/4 ml","Actemra 80 mg/4 ml","Tocilizumab","80 mg/4 ml","আইভি ইনফিউশন","একক","Drugs used for Rheumatoid Arthritis","Roche Bangladesh Ltd.","10301","10301","Rx"
"Acteria (For kids) 4 billion/sachet","Acteria (For kids) 4 billion/sachet","Probiotic Combination [4 Billion]","","Oral Powder","20's pack","Herbal and Nutraceuticals, Probiotic","Radiant Pharmaceuticals Ltd.","47","47","OTC"
"Acteria 4 billion","Acteria 4 billion","Probiotic Combination [4 Billion]","","ক্যাপসুল","2 x 10","Herbal and Nutraceuticals, Probiotic","Radiant Pharmaceuticals Ltd.","45","45","OTC"
"Actical 1200 mg+0.25 mcg","Actical 1200 mg+0.25 mcg","Calcium Citrate + Calcitriol","1200 mg+0.25 mcg","ট্যাবলেট","3 x 10","Specific mineral & vitamin combined preparations","ACI Limited","13","13","OTC"
"Actidex 25 mg","Actidex 25 mg","Dexketoprofen","25 mg","ট্যাবলেট","5 x 10","Drugs for Osteoarthritis, Drugs used for Rheumatoid Arthritis, Non-steroidal Anti-inflammatory Drugs (NSAIDs)","Incepta Pharmaceuticals Ltd.","4","4","OTC"
"Actifast 10 mg","Actifast 10 mg","Ketorolac Tromethamine","10 mg","ট্যাবলেট","3 x 10","Drugs used for Rheumatoid Arthritis, Non-Opioid Analgesics","SMC Enterprise Ltd","10","10","OTC"
"Actifol 15 mg","Actifol 15 mg","Folinic Acid","15 mg","ট্যাবলেট","3 x 10","Supportive Care Therapy","ACI Limited","25","25","OTC"
"Actifol 5 mg","Actifol 5 mg","Folinic Acid","5 mg","ট্যাবলেট","3 x 10","Supportive Care Therapy","ACI Limited","9","9","OTC"
"Actilac 3.35 gm/5 ml","Actilac 3.35 gm/5 ml","Lactulose","3.35 gm/5 ml","Oral Solution","একক","Osmotic purgatives","Healthcare Pharmaceuticals Ltd.","140","140","OTC"
"Actilyse 50 mg/50 ml","Actilyse 50 mg/50 ml","Alteplase","50 mg/50 ml","আইভি ইনফিউশন","একক","Anti-platelet drugs, Fibrinolytics (Thrombolytics)","Radiant Pharmaceuticals Ltd.","50000","50000","Rx"
"ActiMom","ActiMom","10 Vitamin & 6 Mineral [Pregnancy and Breast Feeding Formula]","","ট্যাবলেট","6 x 10","Multi-vitamin & Multi-mineral combined preparations","Nuvista Pharma Ltd.","3","3","OTC"
"Action XR 665 mg","Action XR 665 mg","Paracetamol","665 mg","Tablet (Extended Release)","10 x 10","Non-Opioid Analgesics","Albion Laboratories Limited","2","2","OTC"
"Actisal 1 mg/5 ml","Actisal 1 mg/5 ml","Levosalbutamol (Oral)","1 mg/5 ml","সিরাপ","একক","Short-acting selective & β2-adrenoceptor stimulants","Silva Pharmaceuticals Ltd.","25","25","OTC"
"Actisal 2 mg","Actisal 2 mg","Levosalbutamol (Oral)","2 mg","ট্যাবলেট","10 x 10","Short-acting selective & β2-adrenoceptor stimulants","Silva Pharmaceuticals Ltd.","1.71","1.71","OTC"
"Activa 100 mg","Activa 100 mg","Sildenafil Citrate","100 mg","ট্যাবলেট","1 x 4","Drugs for Erectile Dysfunction","Pacific Pharmaceuticals Ltd.","40","40","OTC"
"Activa 50 mg","Activa 50 mg","Sildenafil Citrate","50 mg","ট্যাবলেট","1 x 4","Drugs for Erectile Dysfunction","Pacific Pharmaceuticals Ltd.","25","25","OTC"
"Activit Gold","Activit Gold","Multivitamin & Multimineral [A-Z gold preparation]","","ট্যাবলেট","1 x 15","Multi-vitamin & Multi-mineral combined preparations","Delta Pharma Ltd.","7","7","OTC"
"Activit Silver","Activit Silver","Multivitamin & Multimineral [A-Z silver preparation]","","ট্যাবলেট","1 x 15","Multi-vitamin & Multi-mineral combined preparations","Delta Pharma Ltd.","7","7","OTC"
"Activit Z","Activit Z","Vitamin B Complex + Zinc","","সিরাপ","একক","Specific mineral & vitamin combined preparations","Delta Pharma Ltd.","55","55","OTC"
"Activit ZI","Activit ZI","Iron Polymaltose Complex + Vitamin B Complex + Zinc","","সিরাপ","একক","Iron & Vitamin Combined preparations","Delta Pharma Ltd.","60","60","OTC"
"Activon 10%","Activon 10%","Diethylamine Salicylate","10%","ক্রিম","একক","","Eskayef Pharmaceuticals Ltd.","180","180","OTC"
"Actizen 10 mg","Actizen 10 mg","Cetirizine Hydrochloride","10 mg","ট্যাবলেট","10 x 10","Sedating Anti-histamine","Ambee Pharmaceuticals Ltd.","2.03","2.03","OTC"
"Actizen 5 mg/5 ml","Actizen 5 mg/5 ml","Cetirizine Hydrochloride","5 mg/5 ml","সিরাপ","একক","Sedating Anti-histamine","Ambee Pharmaceuticals Ltd.","16.07","16.07","OTC"
"Actol 120 mg/5 ml","Actol 120 mg/5 ml","Paracetamol","120 mg/5 ml","Oral Suspension","একক","Non-Opioid Analgesics","Somatec Pharmaceuticals Ltd.","20.69","20.69","OTC"
"Actolin 2 mg/5 ml","Actolin 2 mg/5 ml","Salbutamol","2 mg/5 ml","সিরাপ","একক","Short-acting selective & β2-adrenoceptor stimulants","Globe Pharmaceuticals Ltd.","23","23","OTC"
"Actolin 4 mg","Actolin 4 mg","Salbutamol","4 mg","ট্যাবলেট","10 x 10","Short-acting selective & β2-adrenoceptor stimulants","Globe Pharmaceuticals Ltd.","0.4","0.4","OTC"
"ActoMeg 15 mg+500 mg","ActoMeg 15 mg+500 mg","Pioglitazone + Metformin Hydrochloride","15 mg+500 mg","ট্যাবলেট","2 x 10","Combination Oral hypoglycemic preparations","UniMed UniHealth Pharmaceuticals Ltd.","9","9","OTC"
"ActoMeg 15 mg+850 mg","ActoMeg 15 mg+850 mg","Pioglitazone + Metformin Hydrochloride","15 mg+850 mg","ট্যাবলেট","2 x 10","Combination Oral hypoglycemic preparations","UniMed UniHealth Pharmaceuticals Ltd.","10","10","OTC"
"Actose 15 mg","Actose 15 mg","Pioglitazone","15 mg","ট্যাবলেট","3 x 10","Thiazolidinedione Group","UniMed UniHealth Pharmaceuticals Ltd.","8","8","OTC"
"Actose 30 mg","Actose 30 mg","Pioglitazone","30 mg","ট্যাবলেট","2 x 10","Thiazolidinedione Group","UniMed UniHealth Pharmaceuticals Ltd.","15","15","OTC"
"Actrapid 100 IU/ml","Actrapid 100 IU/ml","Insulin Human [rDNA]","100 IU/ml","SC Injection","একক","Long Acting Insulin","Novo Nordisk Pharma (Pvt.) Ltd","415","415","OTC"
"Actrim (200 mg+40 mg)/5 ml","Actrim (200 mg+40 mg)/5 ml","Sulphamethoxazole + Trimethoprim","200 mg+40 mg)/5 ml","Oral Suspension","একক","Anti-diarrhoeal antimicrobial drugs, Other antibacterial preparation","Globe Pharmaceuticals Ltd.","22","22","OTC"
"Actrim DS 800 mg+160 mg","Actrim DS 800 mg+160 mg","Sulphamethoxazole + Trimethoprim","800 mg+160 mg","ট্যাবলেট","10 x 10","Anti-diarrhoeal antimicrobial drugs, Other antibacterial preparation","Globe Pharmaceuticals Ltd.","2","2","OTC"
"Actulose 3.35 gm/5 ml","Actulose 3.35 gm/5 ml","Lactulose","3.35 gm/5 ml","Oral Solution","একক","Osmotic purgatives","Silva Pharmaceuticals Ltd.","60.22","60.22","OTC"
"Acubis 2.5 mg","Acubis 2.5 mg","Bisoprolol Fumarate","2.5 mg","ট্যাবলেট","3 x 10","Anti adrenergic agent (Beta blockers), Beta-adrenoceptor blocking drugs, Beta-blockers","Concord Pharmaceuticals Ltd.","6","6","OTC"
"Acubis 5 mg","Acubis 5 mg","Bisoprolol Fumarate","5 mg","ট্যাবলেট","3 x 10","Anti adrenergic agent (Beta blockers), Beta-adrenoceptor blocking drugs, Beta-blockers","Concord Pharmaceuticals Ltd.","10","10","OTC"
"Acudipin 5 mg","Acudipin 5 mg","Amlodipine Besilate","5 mg","ট্যাবলেট","5 x 10","Calcium-channel blockers","Concord Pharmaceuticals Ltd.","5.02","5.02","OTC"
"Acudipin Plus 5 mg+50 mg","Acudipin Plus 5 mg+50 mg","Amlodipine Besilate + Atenolol","5 mg+50 mg","ট্যাবলেট","3 x 10","Combined antihypertensive preparations","Concord Pharmaceuticals Ltd.","7","7","OTC"
"Acufer 30 mg","Acufer 30 mg","Ferric Maltol","30 mg","ক্যাপসুল","6 x 10","Oral Iron preparations","Aristopharma Ltd.","11","11","OTC"
"Aculizer","Aculizer","Inhaler device","","Metered-Dose Inhaler (MDI)","একক","","ACI Limited","300","300","OTC"
"Acunac 0.09%","Acunac 0.09%","Bromfenac Sodium","0.09%","Ophthalmic Solution","একক","Ophthalmic Non-Steroid drugs","General Pharmaceuticals Ltd.","100.3","100.3","OTC"
"Acupain 10 mg","Acupain 10 mg","Ketorolac Tromethamine","10 mg","ট্যাবলেট","3 x 10","Drugs used for Rheumatoid Arthritis, Non-Opioid Analgesics","Beacon Pharmaceuticals PLC","12","12","OTC"
"Acupain 30 mg/ml","Acupain 30 mg/ml","Ketorolac Tromethamine","30 mg/ml","IM/IV Injection","1 x 5","Drugs used for Rheumatoid Arthritis, Non-Opioid Analgesics","Beacon Pharmaceuticals PLC","60","60","OTC"
"Acuren 25 mg","Acuren 25 mg","Hydrochlorothiazide","25 mg","ট্যাবলেট","10 x 10","Thiazide diuretics & related drugs","Incepta Pharmaceuticals Ltd.","0.7","0.7","OTC"
"Acuren 50 mg","Acuren 50 mg","Hydrochlorothiazide","50 mg","ট্যাবলেট","10 x 10","Thiazide diuretics & related drugs","Incepta Pharmaceuticals Ltd.","1","1","OTC"
"Acusan 50 mg","Acusan 50 mg","Losartan Potassium","50 mg","ট্যাবলেট","3 x 10","Angiotensin-ll receptor blocker","Concord Pharmaceuticals Ltd.","8.02","8.02","OTC"
"Acusan Plus 50 mg+12.5 mg","Acusan Plus 50 mg+12.5 mg","Losartan Potassium + Hydrochlorothiazide","50 mg+12.5 mg","ট্যাবলেট","3 x 10","Combined antihypertensive preparations","Concord Pharmaceuticals Ltd.","8.02","8.02","OTC"
"Acxi 100 mg","Acxi 100 mg","Aceclofenac","100 mg","ট্যাবলেট","10 x 10","Drugs for Osteoarthritis, Drugs used for Rheumatoid Arthritis, Non-steroidal Anti-inflammatory Drugs (NSAIDs)","Salton Pharmaceuticals Ltd.","4","4","OTC"
"Acyvir 3%","Acyvir 3%","Acyclovir (Ophthalmic)","3%","Ophthalmic Ointment","একক","Ophthalmic Anti-viral Products","Aristopharma Ltd.","125","125","OTC"
"Acyvir 5% w/w","Acyvir 5% w/w","Acyclovir (Topical)","5% w/w","ক্রিম","একক","Topical Antiviral preparations","Aristopharma Ltd.","60","60","OTC"
"Acyvir 500 mg/vial","Acyvir 500 mg/vial","Acyclovir (Injection)","500 mg/vial","আইভি ইনফিউশন","একক","Herpes simplex & Varicella-zoster virus infections","Aristopharma Ltd.","700","700","Rx"
"Ad-All","Ad-All","Iron + Folic Acid + Vitamin B Complex + Vitamine C + Zinc Sulfate","","ক্যাপসুল","10 x 10","Iron & Vitamin Combined preparations","Ad-din Pharmaceuticals Ltd.","3","3","OTC"
"Adaben Duo 0.1%+2.5%","Adaben Duo 0.1%+2.5%","Adapalene + Benzoyl peroxide","0.1%+2.5%","জেল","একক","Topical retinoid and related preparations","Incepta Pharmaceuticals Ltd.","200","200","OTC"
"Adafil 10 mg","Adafil 10 mg","Tadalafil","10 mg","ট্যাবলেট","1 x 4","Drugs for Erectile Dysfunction","Beximco Pharmaceuticals Ltd.","35","35","OTC"
"Adafil 20 mg","Adafil 20 mg","Tadalafil","20 mg","ট্যাবলেট","1 x 4","Drugs for Erectile Dysfunction","Beximco Pharmaceuticals Ltd.","60","60","OTC"
"Adagel Plus 0.1%+2.5%","Adagel Plus 0.1%+2.5%","Adapalene + Benzoyl peroxide","0.1%+2.5%","জেল","একক","Topical retinoid and related preparations","UniMed UniHealth Pharmaceuticals Ltd.","200","200","OTC"
"Adair 500 mcg","Adair 500 mcg","Roflumilast (Tablet)","500 mcg","ট্যাবলেট","5 x 6","Antihistamines anti-allergies & hypo-sensitisation","ACI Limited","15","15","OTC"
"Adali 40 mg/0.8 ml","Adali 40 mg/0.8 ml","Adalimumab","40 mg/0.8 ml","SC Injection","একক","Disease-modifying antirheumatic drugs (DMARDs), Immunosuppressant","Beacon Pharmaceuticals PLC","15000","15000","OTC"
"Adalimab 40 mg/0.8 ml","Adalimab 40 mg/0.8 ml","Adalimumab","40 mg/0.8 ml","SC Injection","একক","Disease-modifying antirheumatic drugs (DMARDs), Immunosuppressant","Healthcare Pharmaceuticals Ltd.","15000","15000","OTC"
"Adam 33 20 mg","Adam 33 20 mg","Prednisolone","20 mg","ট্যাবলেট","5 x 10","Glucocorticoids","Nuvista Pharma Ltd.","6.28","6.28","OTC"
"Adam 33 5 mg","Adam 33 5 mg","Prednisolone","5 mg","ট্যাবলেট","30 x 10","Glucocorticoids","Nuvista Pharma Ltd.","1.73","1.73","OTC"
"Adapel 0.1%","Adapel 0.1%","Adapalene","0.1%","ক্রিম","একক","Topical retinoid and related preparations","Healthcare Pharmaceuticals Ltd.","60","60","OTC"
"Adarbi 40 mg","Adarbi 40 mg","Azilsartan Medoxomil","40 mg","ট্যাবলেট","2 x 10","Angiotensin-ll receptor blocker","NIPRO JMI Pharma Ltd.","14","14","OTC"
"Adarbi 80 mg","Adarbi 80 mg","Azilsartan Medoxomil","80 mg","ট্যাবলেট","2 x 10","Angiotensin-ll receptor blocker","NIPRO JMI Pharma Ltd.","22","22","OTC"
"Adcal D 500 mg+200 IU","Adcal D 500 mg+200 IU","Conventional Calcium + Vitamin D3","500 mg+200 IU","ট্যাবলেট","1 x 15","Specific mineral & vitamin combined preparations","Amulet Pharmaceuticals Ltd.","5.02","5.02","OTC"
"Adcovit (5 mg+2 mg+2 mg+20 mg)/5 ml","Adcovit (5 mg+2 mg+2 mg+20 mg)/5 ml","Vitamin B complex","5 mg+2 mg+2 mg+20 mg)/5 ml","সিরাপ","একক","Specific combined vitamin preparations","Team Pharmaceuticals Ltd.","62.19","62.19","OTC"
"Adebrox 15 mg/5 ml","Adebrox 15 mg/5 ml","Ambroxol Hydrochloride","15 mg/5 ml","সিরাপ","একক","Cough expectorants & mucolytics","Supreme Pharmaceutical Ltd.","40","40","OTC"
"Adecard 6 mg/2 ml","Adecard 6 mg/2 ml","Adenosine","6 mg/2 ml","IV Injection","1 x 5","Paroxysmal supraventricular tachycardia (PSVT)","Popular Pharmaceuticals Ltd.","150","150","OTC"
"Adecef 125 mg/5 ml","Adecef 125 mg/5 ml","Cephradine","125 mg/5 ml","পাউডার সাসপেনশন","একক","First generation cephalosporins","Supreme Pharmaceutical Ltd.","80","80","OTC"
"Adecef 500 mg","Adecef 500 mg","Cephradine","500 mg","ক্যাপসুল","24's pack","First generation cephalosporins","Supreme Pharmaceutical Ltd.","12.5","12.5","OTC"
"Adecef DS 250 mg/5 ml","Adecef DS 250 mg/5 ml","Cephradine","250 mg/5 ml","পাউডার সাসপেনশন","একক","First generation cephalosporins","Supreme Pharmaceutical Ltd.","120","120","OTC"
"Adecin 500 mg","Adecin 500 mg","Ciprofloxacin","500 mg","ট্যাবলেট","30's pack","4-Quinolone preparations, Anti-diarrhoeal antimicrobial drugs","Supreme Pharmaceutical Ltd.","14","14","OTC"
"Adegra 100 mg","Adegra 100 mg","Sildenafil Citrate","100 mg","ট্যাবলেট","1 x 4","Drugs for Erectile Dysfunction","ACI Limited","50.15","50.15","OTC"
"Adegra 25 mg","Adegra 25 mg","Sildenafil Citrate","25 mg","ট্যাবলেট","1 x 4","Drugs for Erectile Dysfunction","ACI Limited","20.06","20.06","OTC"
"Adegra 50 mg","Adegra 50 mg","Sildenafil Citrate","50 mg","ট্যাবলেট","1 x 4","Drugs for Erectile Dysfunction","ACI Limited","30.09","30.09","OTC"
"Adegut 10 mg","Adegut 10 mg","Domperidone Maleate","10 mg","ট্যাবলেট","50's pack","Motility Stimulants, Motility stimulants/Dopamine antagonist, Prokinetic drugs","Supreme Pharmaceutical Ltd.","2","2","OTC"
"Adegut 5 mg/5 ml","Adegut 5 mg/5 ml","Domperidone Maleate","5 mg/5 ml","Oral Suspension","একক","Motility Stimulants, Motility stimulants/Dopamine antagonist, Prokinetic drugs","Supreme Pharmaceutical Ltd.","28","28","OTC"
"Adelax 0.5 mg+10 mg","Adelax 0.5 mg+10 mg","Flupentixol + Melitracen","0.5 mg+10 mg","ট্যাবলেট","10 x 10","Combined anxiolytics & anti-depressant drugs","ACI Limited","5.3","5.3","OTC"
"Adempa 10 mg","Adempa 10 mg","Empagliflozin","10 mg","ট্যাবলেট","1 x 10","Sodium-glucose Cotransporter-2 (SGLT2) Inhibitors","UniMed UniHealth Pharmaceuticals Ltd.","25","25","OTC"
"Adempa 25 mg","Adempa 25 mg","Empagliflozin","25 mg","ট্যাবলেট","1 x 10","Sodium-glucose Cotransporter-2 (SGLT2) Inhibitors","UniMed UniHealth Pharmaceuticals Ltd.","50","50","OTC"
"Adempa-M 5 mg+500 mg","Adempa-M 5 mg+500 mg","Empagliflozin + Metformin Hydrochloride","5 mg+500 mg","ট্যাবলেট","3 x 10","Combination Oral hypoglycemic preparations","UniMed UniHealth Pharmaceuticals Ltd.","20","20","OTC"
"Adetil 250 mg","Adetil 250 mg","Cefuroxime Axetil","250 mg","ট্যাবলেট","10's pack","Second generation cephalosporins","Supreme Pharmaceutical Ltd.","25","25","OTC"
"Adetil 500 mg","Adetil 500 mg","Cefuroxime Axetil","500 mg","ট্যাবলেট","6's pack","Second generation cephalosporins","Supreme Pharmaceutical Ltd.","45","45","OTC"
"Adexim 100 mg/5 ml","Adexim 100 mg/5 ml","Cefixime Trihydrate","100 mg/5 ml","পাউডার সাসপেনশন","একক","Third generation cephalosporins","Supreme Pharmaceutical Ltd.","160","160","OTC"
"Adexim 200 mg","Adexim 200 mg","Cefixime Trihydrate","200 mg","ক্যাপসুল","6's pack","Third generation cephalosporins","Supreme Pharmaceutical Ltd.","30","30","OTC"
"Adflox 500 mg","Adflox 500 mg","Flucloxacillin Sodium","500 mg","ক্যাপসুল","10 x 4","Narrow spectrum penicillin","Team Pharmaceuticals Ltd.","10.5","10.5","OTC"
"Adgar 0.1%","Adgar 0.1%","Adapalene","0.1%","জেল","একক","Topical retinoid and related preparations","ACI Limited","60.18","60.18","OTC"
"Adgar 0.3%","Adgar 0.3%","Adapalene","0.3%","জেল","একক","Topical retinoid and related preparations","ACI Limited","80.24","80.24","OTC"
"Adglim 1 mg","Adglim 1 mg","Glimepiride","1 mg","ট্যাবলেট","3 x 10","Sulfonylureas","UniMed UniHealth Pharmaceuticals Ltd.","3","3","OTC"
"Adglim 2 mg","Adglim 2 mg","Glimepiride","2 mg","ট্যাবলেট","3 x 10","Sulfonylureas","UniMed UniHealth Pharmaceuticals Ltd.","5","5","OTC"
"Adifex 120 mg","Adifex 120 mg","Fexofenadine Hydrochloride","120 mg","ট্যাবলেট","3 x 10","Non-sedating antihistamines","United Pharmaceuticals Ltd.","6.5","6.5","OTC"
"Adimab 40 mg/0.8 ml","Adimab 40 mg/0.8 ml","Adalimumab","40 mg/0.8 ml","SC Injection","একক","Disease-modifying antirheumatic drugs (DMARDs), Immunosuppressant","Drug International Ltd.","8000","8000","OTC"
"Adimod 400 mg","Adimod 400 mg","Pidotimod","400 mg","ট্যাবলেট","1 x 10","Cellular immunity mediated","Everest Pharmaceuticals Ltd.","50","50","OTC"
"Adinir 125 mg/5 ml","Adinir 125 mg/5 ml","Cefdinir","125 mg/5 ml","পাউডার সাসপেনশন","একক","Third generation cephalosporins","ACME Laboratories Ltd.","175","175","OTC"
"Adinir 300 mg","Adinir 300 mg","Cefdinir","300 mg","ক্যাপসুল","2 x 4","Third generation cephalosporins","ACME Laboratories Ltd.","45.25","45.25","OTC"
"Adipal Plus 0.1%+2.5%","Adipal Plus 0.1%+2.5%","Adapalene + Benzoyl peroxide","0.1%+2.5%","জেল","একক","Topical retinoid and related preparations","Dermolive","150","150","OTC"
"Adiponil 120 mg","Adiponil 120 mg","Orlistat","120 mg","ক্যাপসুল","2 x 10","Appetite suppressant drugs/Anti-obesity drugs","Incepta Pharmaceuticals Ltd.","40","40","OTC"
"Adiron 30 mg","Adiron 30 mg","Ferric Maltol","30 mg","ক্যাপসুল","5 x 6","Oral Iron preparations","General Pharmaceuticals Ltd.","11","11","OTC"
"Adiva 600 mg","Adiva 600 mg","Efavirenz","600 mg","ট্যাবলেট","1 x 10","Drugs for HIV / Anti-retroviral drugs","Square Pharmaceuticals PLC","200.7","200.7","OTC"
"Adiz 200 mg/5 ml","Adiz 200 mg/5 ml","Azithromycin Dihydrate","200 mg/5 ml","পাউডার সাসপেনশন","একক","Macrolides","Euro Pharma Ltd.","95","95","OTC"
"Adiz 250 mg","Adiz 250 mg","Azithromycin Dihydrate","250 mg","ক্যাপসুল","3 x 6","Macrolides","Euro Pharma Ltd.","25","25","OTC"
"Adiz 500 mg","Adiz 500 mg","Azithromycin Dihydrate","500 mg","ট্যাবলেট","3 x 4","Macrolides","Euro Pharma Ltd.","45","45","OTC"
"Adlina 5 mg","Adlina 5 mg","Linagliptin","5 mg","ট্যাবলেট","3 x 10","Dipeptidyl Peptidase-4 (DPP-4) inhibitor","UniMed UniHealth Pharmaceuticals Ltd.","22","22","OTC"
"Adlina-EM 10 mg+5 mg","Adlina-EM 10 mg+5 mg","Empagliflozin + Linagliptin","10 mg+5 mg","ট্যাবলেট","2 x 10","Sodium-glucose Cotransporter-2 (SGLT2) Inhibitors","UniMed UniHealth Pharmaceuticals Ltd.","30","30","OTC"
"Adlina-EM 25 mg+5 mg","Adlina-EM 25 mg+5 mg","Empagliflozin + Linagliptin","25 mg+5 mg","ট্যাবলেট","1 x 10","Sodium-glucose Cotransporter-2 (SGLT2) Inhibitors","UniMed UniHealth Pharmaceuticals Ltd.","40","40","OTC"
"Adlinameg 2.5 mg+500 mg","Adlinameg 2.5 mg+500 mg","Linagliptin + Metformin Hydrochloride","2.5 mg+500 mg","ট্যাবলেট","3 x 10","Combination Oral hypoglycemic preparations","UniMed UniHealth Pharmaceuticals Ltd.","12","12","OTC"
"Adlinameg 2.5 mg+850 mg","Adlinameg 2.5 mg+850 mg","Linagliptin + Metformin Hydrochloride","2.5 mg+850 mg","ট্যাবলেট","3 x 10","Combination Oral hypoglycemic preparations","UniMed UniHealth Pharmaceuticals Ltd.","14","14","OTC"
"Adlock 10 mg","Adlock 10 mg","Propranolol Hydrochloride","10 mg","ট্যাবলেট","10 x 10","Beta-adrenoceptor blocking drugs, Beta-blockers","Sonear Laboratories Ltd.","0.5","0.5","OTC"
"Adlock 40 mg","Adlock 40 mg","Propranolol Hydrochloride","40 mg","ট্যাবলেট","10 x 10","Beta-adrenoceptor blocking drugs, Beta-blockers","Sonear Laboratories Ltd.","1.7","1.7","OTC"
"Admero 1 gm/vial","Admero 1 gm/vial","Meropenem Trihydrate","1 gm/vial","IV Injection or Infusion","একক","Other beta-lactam antibiotics","Ad-din Pharmaceuticals Ltd.","1365","1365","OTC"
"Admero 500 mg/vial","Admero 500 mg/vial","Meropenem Trihydrate","500 mg/vial","IV Injection or Infusion","একক","Other beta-lactam antibiotics","Ad-din Pharmaceuticals Ltd.","790","790","OTC"
"Admira 80 mg","Admira 80 mg","Gliclazide","80 mg","ট্যাবলেট","3 x 10","Sulfonylureas","UniMed UniHealth Pharmaceuticals Ltd.","7","7","OTC"
"Admira MR 30 mg","Admira MR 30 mg","Gliclazide","30 mg","Tablet (Modified Release)","3 x 10","Sulfonylureas","UniMed UniHealth Pharmaceuticals Ltd.","7","7","OTC"
"Admira MR 60 mg","Admira MR 60 mg","Gliclazide","60 mg","Tablet (Modified Release)","3 x 10","Sulfonylureas","UniMed UniHealth Pharmaceuticals Ltd.","12","12","OTC"
"Admox 125 mg/5 ml","Admox 125 mg/5 ml","Amoxicillin Trihydrate","125 mg/5 ml","পাউডার সাসপেনশন","একক","Broad spectrum penicillins","Team Pharmaceuticals Ltd.","70","70","OTC"
"Admox DS 500 mg","Admox DS 500 mg","Amoxicillin Trihydrate","500 mg","ক্যাপসুল","6 x 10","Broad spectrum penicillins","Team Pharmaceuticals Ltd.","7.5","7.5","OTC"
"Adnix 100 mg/5 ml","Adnix 100 mg/5 ml","Nitazoxanide","100 mg/5 ml","পাউডার সাসপেনশন","একক","Anti-diarrhoeal antiprotozoal","Alco Pharma Ltd.","35.11","35.11","OTC"
"Adnix 500 mg","Adnix 500 mg","Nitazoxanide","500 mg","ট্যাবলেট","2 x 6","Anti-diarrhoeal antiprotozoal","Alco Pharma Ltd.","10.03","10.03","OTC"
"Adnor 3 mg","Adnor 3 mg","Doxepin (Oral)","3 mg","ট্যাবলেট","3 x 10","Tricyclic & related anti-depressant drugs","Apex Pharma Ltd.","5","5","OTC"
"Adocil 125 mg/5 ml","Adocil 125 mg/5 ml","Cefadroxil Monohydrate","125 mg/5 ml","পাউডার সাসপেনশন","একক","First generation cephalosporins","Kemiko Pharmaceuticals Ltd.","80.24","80.24","OTC"
"Adocil 500 mg","Adocil 500 mg","Cefadroxil Monohydrate","500 mg","ক্যাপসুল","20's pack","First generation cephalosporins","Kemiko Pharmaceuticals Ltd.","12.04","12.04","OTC"
"Adol 120 mg/5 ml","Adol 120 mg/5 ml","Paracetamol","120 mg/5 ml","Oral Suspension","একক","Non-Opioid Analgesics","Union Pharmaceuticals Ltd","16.25","16.25","OTC"
"Adol 500 mg","Adol 500 mg","Paracetamol","500 mg","ট্যাবলেট","12 x 10","Non-Opioid Analgesics","Union Pharmaceuticals Ltd","1.2","1.2","OTC"
"Adol Plus 500 mg+65 mg","Adol Plus 500 mg+65 mg","Paracetamol + Caffeine","500 mg+65 mg","ট্যাবলেট","12 x 10","Non-Opioid Analgesics","Union Pharmaceuticals Ltd","2.5","2.5","OTC"
"Adonid 500 mg","Adonid 500 mg","Nitazoxanide","500 mg","ট্যাবলেট","30's pack","Anti-diarrhoeal antiprotozoal","Rephco Pharmaceuticals Ltd.","10","10","OTC"
"Adonid DS 100 mg/5 ml","Adonid DS 100 mg/5 ml","Nitazoxanide","100 mg/5 ml","পাউডার সাসপেনশন","একক","Anti-diarrhoeal antiprotozoal","Rephco Pharmaceuticals Ltd.","35","35","OTC"
"Adora 1000 mg","Adora 1000 mg","Cefadroxil Monohydrate","1000 mg","ক্যাপসুল","3 x 4","First generation cephalosporins","Incepta Pharmaceuticals Ltd.","32","32","OTC"
"Adora 125 mg/1.25 ml","Adora 125 mg/1.25 ml","Cefadroxil Monohydrate","125 mg/1.25 ml","Pediatric Drops","একক","First generation cephalosporins","Incepta Pharmaceuticals Ltd.","50","50","OTC"
"Adora 125 mg/5 ml","Adora 125 mg/5 ml","Cefadroxil Monohydrate","125 mg/5 ml","পাউডার সাসপেনশন","একক","First generation cephalosporins","Incepta Pharmaceuticals Ltd.","65","65","OTC"
"Adora 500 mg","Adora 500 mg","Cefadroxil Monohydrate","500 mg","ক্যাপসুল","5 x 4","First generation cephalosporins","Incepta Pharmaceuticals Ltd.","18","18","OTC"
"Adorbis 10 mg","Adorbis 10 mg","Bisoprolol Fumarate","10 mg","ট্যাবলেট","3 x 10","Anti adrenergic agent (Beta blockers), Beta-adrenoceptor blocking drugs, Beta-blockers","Ziska Pharmaceuticals Ltd.","16","16","OTC"
"Adorbis 2.5 mg","Adorbis 2.5 mg","Bisoprolol Fumarate","2.5 mg","ট্যাবলেট","3 x 10","Anti adrenergic agent (Beta blockers), Beta-adrenoceptor blocking drugs, Beta-blockers","Ziska Pharmaceuticals Ltd.","6","6","OTC"
"Adorbis 5 mg","Adorbis 5 mg","Bisoprolol Fumarate","5 mg","ট্যাবলেট","3 x 10","Anti adrenergic agent (Beta blockers), Beta-adrenoceptor blocking drugs, Beta-blockers","Ziska Pharmaceuticals Ltd.","10","10","OTC"
"Adorex 10 mg","Adorex 10 mg","Domperidone Maleate","10 mg","ট্যাবলেট","10 x 10","Motility Stimulants, Motility stimulants/Dopamine antagonist, Prokinetic drugs","Ambee Pharmaceuticals Ltd.","2","2","OTC"
"Adorex 5 mg/5 ml","Adorex 5 mg/5 ml","Domperidone Maleate","5 mg/5 ml","Oral Suspension","একক","Motility Stimulants, Motility stimulants/Dopamine antagonist, Prokinetic drugs","Ambee Pharmaceuticals Ltd.","28.1","28.1","OTC"
"Adorex 5 mg/ml","Adorex 5 mg/ml","Domperidone Maleate","5 mg/ml","Pediatric Drops","একক","Motility Stimulants, Motility stimulants/Dopamine antagonist, Prokinetic drugs","Ambee Pharmaceuticals Ltd.","20.07","20.07","OTC"
"Adosun Bar 2%","Adosun Bar 2%","Ketoconazole","2%","Medicated Bar","একক","Drugs for subcutaneous and mycoses","Bain Trade International","595","595","OTC"
"Adrebloc 100 mg/10 ml","Adrebloc 100 mg/10 ml","Esmolol Hydrochloride","100 mg/10 ml","IV Injection","একক","Anti adrenergic agent (Beta blockers)","ZAS Corporation","350","350","OTC"
"Adrenaline 1 mg/ml","Adrenaline 1 mg/ml","Adrenaline","1 mg/ml","ইনজেকশন","2 x 5","Anaphylaxis, Mydriatic and Cycloplegic agents, Other adrenoceptor stimulants, Respiratory stimulants: analeptics","Techno Drugs Ltd.","25","25","Rx"
"Adribin 2 mg/ml","Adribin 2 mg/ml","Doxorubicin Hydrochloride","2 mg/ml","আইভি ইনফিউশন","একক","Cytotoxic Chemotherapy","Healthcare Pharmaceuticals Ltd.","350","350","Rx"
"Adrin 1 mg/ml","Adrin 1 mg/ml","Adrenaline","1 mg/ml","ইনজেকশন","2 x 5","Anaphylaxis, Mydriatic and Cycloplegic agents, Other adrenoceptor stimulants, Respiratory stimulants: analeptics","Gaco Pharmaceuticals Ltd.","25.08","25.08","Rx"
"Adrinor 1 mg/ml","Adrinor 1 mg/ml","Adrenaline","1 mg/ml","ইনজেকশন","1 x 5","Anaphylaxis, Mydriatic and Cycloplegic agents, Other adrenoceptor stimulants, Respiratory stimulants: analeptics","Incepta Pharmaceuticals Ltd.","25","25","Rx"
"Adronic 4 mg/5 ml","Adronic 4 mg/5 ml","Zoledronic Acid [For hypercalcemia]","4 mg/5 ml","আইভি ইনফিউশন","একক","Bisphosphonate preparations","Aristopharma Ltd.","6500","6500","Rx"
"Adrox CV (125 mg+31.25 mg)/5 ml","Adrox CV (125 mg+31.25 mg)/5 ml","Cefuroxime Axetil + Clavulanic Acid","125 mg+31.25 mg)/5 ml","পাউডার সাসপেনশন","একক","Second generation cephalosporins","Ad-din Pharmaceuticals Ltd.","285","285","OTC"
"Adrox CV 250 mg+62.5 mg","Adrox CV 250 mg+62.5 mg","Cefuroxime Axetil + Clavulanic Acid","250 mg+62.5 mg","ট্যাবলেট","2 x 7","Second generation cephalosporins","Ad-din Pharmaceuticals Ltd.","55","55","OTC"
"Adrox CV 500 mg+125 mg","Adrox CV 500 mg+125 mg","Cefuroxime Axetil + Clavulanic Acid","500 mg+125 mg","ট্যাবলেট","2 x 7","Second generation cephalosporins","Ad-din Pharmaceuticals Ltd.","85","85","OTC"
"Adryl 10 mg/5 ml","Adryl 10 mg/5 ml","Diphenhydramine Hydrochloride","10 mg/5 ml","সিরাপ","একক","Sedating Anti-histamine","Square Pharmaceuticals PLC","45","45","OTC"
"ADS-10 0.225%+10%","ADS-10 0.225%+10%","Sodium Chloride + Dextrose","0.225%+10%","আইভি ইনফিউশন","একক","Intravenous fluid preparations, Parenteral nutritional preparations","Libra Infusions Ltd.","66.07","66.07","Rx"
"Adsalt 300 mg","Adsalt 300 mg","Sodium Chloride (Tablet)","300 mg","ট্যাবলেট","10 x 10","Oral electrolytes preparations","Square Pharmaceuticals PLC","3","3","OTC"
"Adtrizin 10 mg","Adtrizin 10 mg","Cetirizine Hydrochloride","10 mg","ট্যাবলেট","10 x 10","Sedating Anti-histamine","Team Pharmaceuticals Ltd.","3","3","OTC"
"Adult Diaper","অ্যাডাল্ট ডায়াপার","ডায়াপার","","Pack","১০ পিস","","Dr. Care","780","900","OTC"
"Aduvit (5 mg+2 mg+2 mg+20 mg)/5 ml","Aduvit (5 mg+2 mg+2 mg+20 mg)/5 ml","Vitamin B complex","5 mg+2 mg+2 mg+20 mg)/5 ml","সিরাপ","একক","Specific combined vitamin preparations","Pacific Pharmaceuticals Ltd.","35","35","OTC"
"Aduvit 5 mg+2 mg+2 mg+20 mg","Aduvit 5 mg+2 mg+2 mg+20 mg","Vitamin B complex","5 mg+2 mg+2 mg+20 mg","ক্যাপসুল","20 x 10","Specific combined vitamin preparations","Pacific Pharmaceuticals Ltd.","0.52","0.52","OTC"
"Advance A to Z Gold","Advance A to Z Gold","Multivitamin & Multimineral [A-Z gold preparation]","","ট্যাবলেট","1 x 30","Multi-vitamin & Multi-mineral combined preparations","Pharmik Laboratories Ltd.","11","11","OTC"
"Advast 5 mg+10 mg","Advast 5 mg+10 mg","Amlodipine Besilate + Atorvastatin","5 mg+10 mg","ট্যাবলেট","3 x 10","Anti-anginal & lipid lowering drugs","Alco Pharma Ltd.","10","10","OTC"
"Advel 100 mg/5 ml","Advel 100 mg/5 ml","Ibuprofen (Oral)","100 mg/5 ml","Oral Suspension","একক","Drugs for Osteoarthritis, Drugs used for Rheumatoid Arthritis, Non-steroidal Anti-inflammatory Drugs (NSAIDs)","Opsonin Pharma Ltd.","33.71","33.71","OTC"
"Advel 200 mg","Advel 200 mg","Ibuprofen (Oral)","200 mg","ট্যাবলেট","10 x 10","Drugs for Osteoarthritis, Drugs used for Rheumatoid Arthritis, Non-steroidal Anti-inflammatory Drugs (NSAIDs)","Opsonin Pharma Ltd.","0.88","0.88","OTC"
"Advel 400 mg","Advel 400 mg","Ibuprofen (Oral)","400 mg","ট্যাবলেট","10 x 10","Drugs for Osteoarthritis, Drugs used for Rheumatoid Arthritis, Non-steroidal Anti-inflammatory Drugs (NSAIDs)","Opsonin Pharma Ltd.","1.43","1.43","OTC"
"Advixa 40 mg/0.8 ml","Advixa 40 mg/0.8 ml","Adalimumab","40 mg/0.8 ml","SC Injection","একক","Disease-modifying antirheumatic drugs (DMARDs), Immunosuppressant","Incepta Pharmaceuticals Ltd.","8000","8000","OTC"
"Adze 400 mg","Adze 400 mg","Albendazole","400 mg","Chewable Tablet","50's pack","Anthelmintic","Kemiko Pharmaceuticals Ltd.","4.01","4.01","OTC"
"Aegis 200 mg","Aegis 200 mg","Cefixime Trihydrate","200 mg","ক্যাপসুল","2 x 7","Third generation cephalosporins","C2C Pharma Ltd.","35","35","OTC"
"Aegis 400 mg","Aegis 400 mg","Cefixime Trihydrate","400 mg","ক্যাপসুল","2 x 7","Third generation cephalosporins","C2C Pharma Ltd.","50","50","OTC"
"Aenixit 0.5 mg+10 mg","Aenixit 0.5 mg+10 mg","Flupentixol + Melitracen","0.5 mg+10 mg","ট্যাবলেট","15 x 10","Combined anxiolytics & anti-depressant drugs","Albion Laboratories Limited","3.5","3.5","OTC"
"Aerodyl 10 mg","Aerodyl 10 mg","Bambuterol Hydrochloride","10 mg","ট্যাবলেট","10 x 10","Short-acting selective & β2-adrenoceptor stimulants","Silva Pharmaceuticals Ltd.","1.51","1.51","OTC"
"Aerodyl 20 mg","Aerodyl 20 mg","Bambuterol Hydrochloride","20 mg","ট্যাবলেট","10 x 10","Short-acting selective & β2-adrenoceptor stimulants","Silva Pharmaceuticals Ltd.","3","3","OTC"
"Aerodyl 5 mg/5 ml","Aerodyl 5 mg/5 ml","Bambuterol Hydrochloride","5 mg/5 ml","Oral Solution","একক","Short-acting selective & β2-adrenoceptor stimulants","Silva Pharmaceuticals Ltd.","20","20","OTC"
"Aerofen 1 mg","Aerofen 1 mg","Ketotifen Fumarate (Oral)","1 mg","ট্যাবলেট","5 x 10","Cromoglycate & related drugs","Silva Pharmaceuticals Ltd.","1.51","1.51","OTC"
"Aerofen 1 mg/5 ml","Aerofen 1 mg/5 ml","Ketotifen Fumarate (Oral)","1 mg/5 ml","সিরাপ","একক","Cromoglycate & related drugs","Silva Pharmaceuticals Ltd.","55","55","OTC"
"Aeron 10 mg","Aeron 10 mg","Montelukast Sodium","10 mg","ট্যাবলেট","5 x 10","Leukotriene receptor antagonists","Healthcare Pharmaceuticals Ltd.","17.5","17.5","OTC"
"Aeron 4 mg/3.5 gm","Aeron 4 mg/3.5 gm","Montelukast Sodium","4 mg/3.5 gm","Oral Granules","30's pack","Leukotriene receptor antagonists","Healthcare Pharmaceuticals Ltd.","8","8","OTC"
"Aeron FT 4 mg","Aeron FT 4 mg","Montelukast Sodium","4 mg","Dispersible Tablet","5 x 10","Leukotriene receptor antagonists","Healthcare Pharmaceuticals Ltd.","7","7","OTC"
"Aeron FT 5 mg","Aeron FT 5 mg","Montelukast Sodium","5 mg","Dispersible Tablet","5 x 10","Leukotriene receptor antagonists","Healthcare Pharmaceuticals Ltd.","9","9","OTC"
"Aeronid 0.5 mg/2 ml","Aeronid 0.5 mg/2 ml","Budesonide (Nebuliser Suspension)","0.5 mg/2 ml","Nebuliser Suspension","1 x 5","Nasal Decongestants & Other Nasal Preparations, Respiratory corticosteroids","Beximco Pharmaceuticals Ltd.","40","40","OTC"
"Aeronid 1 mg/2 ml","Aeronid 1 mg/2 ml","Budesonide (Nebuliser Suspension)","1 mg/2 ml","Nebuliser Suspension","1 x 5","Nasal Decongestants & Other Nasal Preparations, Respiratory corticosteroids","Beximco Pharmaceuticals Ltd.","70","70","OTC"
"Aeronid 200 mcg/puff","Aeronid 200 mcg/puff","Budesonide (Inhaler)","200 mcg/puff","Metered-Dose Inhaler (MDI)","একক","Nasal Decongestants & Other Nasal Preparations, Respiratory corticosteroids","Beximco Pharmaceuticals Ltd.","410","410","OTC"
"Aeropac 67 mg/ml","Aeropac 67 mg/ml","Simethicone","67 mg/ml","Pediatric Drops","একক","Anti-dyspeptic/Carminatives","Amico Laboratories Ltd.","30","30","OTC"
"Aerophin 11.25 mg/0.5 ml","Aerophin 11.25 mg/0.5 ml","Racepinephrine","11.25 mg/0.5 ml","Nebuliser Solution","2 x 5","Other adrenoceptor stimulants","Incepta Pharmaceuticals Ltd.","25","25","OTC"
"Aerovil 15 mg/5 ml","Aerovil 15 mg/5 ml","Pheniramine Maleate","15 mg/5 ml","সিরাপ","একক","Sedating Anti-histamine","Beximco Pharmaceuticals Ltd.","20","20","OTC"
"Aexidal 50 mg","Aexidal 50 mg","Mebhydrolin Napadisylate","50 mg","ট্যাবলেট","10 x 10","Sedating Anti-histamine","Albion Laboratories Limited","2","2","OTC"
"Afalino 12.5 mg","Afalino 12.5 mg","Cenobamate","12.5 mg","ট্যাবলেট","3 x 10","Adjunct anti-epileptic drugs","Incepta Pharmaceuticals Ltd.","25","25","OTC"
"Afalino 25 mg","Afalino 25 mg","Cenobamate","25 mg","ট্যাবলেট","2 x 10","Adjunct anti-epileptic drugs","Incepta Pharmaceuticals Ltd.","35","35","OTC"
"Afalino 50 mg","Afalino 50 mg","Cenobamate","50 mg","ট্যাবলেট","1 x 10","Adjunct anti-epileptic drugs","Incepta Pharmaceuticals Ltd.","65","65","OTC"
"Afatin 40 mg","Afatin 40 mg","Afatinib Dimaleate","40 mg","ট্যাবলেট","1 x 15","Tyrosine Kinase Inhibitor","Beacon Pharmaceuticals PLC","1160","1160","OTC"
"Afaz 40 mg","Afaz 40 mg","Afatinib Dimaleate","40 mg","ট্যাবলেট","4 x 10","Tyrosine Kinase Inhibitor","Healthcare Pharmaceuticals Ltd.","1100","1100","OTC"
"Afexa 120 mg","Afexa 120 mg","Fexofenadine Hydrochloride","120 mg","ট্যাবলেট","3 x 10","Non-sedating antihistamines","UniMed UniHealth Pharmaceuticals Ltd.","9","9","OTC"
"Afexa 180 mg","Afexa 180 mg","Fexofenadine Hydrochloride","180 mg","ট্যাবলেট","3 x 10","Non-sedating antihistamines","UniMed UniHealth Pharmaceuticals Ltd.","10","10","OTC"
"Afexa 30 mg/5 ml","Afexa 30 mg/5 ml","Fexofenadine Hydrochloride","30 mg/5 ml","Oral Suspension","একক","Non-sedating antihistamines","UniMed UniHealth Pharmaceuticals Ltd.","55","55","OTC"
"Afinitor 5 mg","Afinitor 5 mg","Everolimus","5 mg","ট্যাবলেট","3 x 10","Immunosuppressant","Nevian Lifescience PLC","1300","1300","OTC"
"Afix 100 mg/5 ml","Afix 100 mg/5 ml","Cefixime Trihydrate","100 mg/5 ml","পাউডার সাসপেনশন","একক","Third generation cephalosporins","Aristopharma Ltd.","230","230","OTC"
"Afix 200 mg","Afix 200 mg","Cefixime Trihydrate","200 mg","ট্যাবলেট","2 x 7","Third generation cephalosporins","Aristopharma Ltd.","35","35","OTC"
"Afix 200 mg","Afix 200 mg","Cefixime Trihydrate","200 mg","ক্যাপসুল","2 x 7","Third generation cephalosporins","Aristopharma Ltd.","45","45","OTC"
"Afix 400 mg","Afix 400 mg","Cefixime Trihydrate","400 mg","ট্যাবলেট","2 x 7","Third generation cephalosporins","Aristopharma Ltd.","50","50","OTC"
"Afix 400 mg","Afix 400 mg","Cefixime Trihydrate","400 mg","ক্যাপসুল","2 x 7","Third generation cephalosporins","Aristopharma Ltd.","60","60","OTC"
"Afix DS 200 mg/5 ml","Afix DS 200 mg/5 ml","Cefixime Trihydrate","200 mg/5 ml","পাউডার সাসপেনশন","একক","Third generation cephalosporins","Aristopharma Ltd.","195","195","OTC"
"Afixime 100 mg/5 ml","Afixime 100 mg/5 ml","Cefixime Trihydrate","100 mg/5 ml","পাউডার সাসপেনশন","একক","Third generation cephalosporins","Asiatic Laboratories Ltd.","130","130","OTC"
"Afixime 200 mg","Afixime 200 mg","Cefixime Trihydrate","200 mg","ক্যাপসুল","3 x 4","Third generation cephalosporins","Asiatic Laboratories Ltd.","32","32","OTC"
"Afixime 25 mg/ml","Afixime 25 mg/ml","Cefixime Trihydrate","25 mg/ml","Pediatric Drops","একক","Third generation cephalosporins","Asiatic Laboratories Ltd.","100","100","OTC"
"Afixime 400 mg","Afixime 400 mg","Cefixime Trihydrate","400 mg","ক্যাপসুল","2 x 4","Third generation cephalosporins","Asiatic Laboratories Ltd.","50","50","OTC"
"Afluzole 150 mg","Afluzole 150 mg","Fluconazole","150 mg","ক্যাপসুল","1 x 10","Drugs for subcutaneous and mycoses","Ambee Pharmaceuticals Ltd.","22.08","22.08","OTC"
"Afluzole 50 mg","Afluzole 50 mg","Fluconazole","50 mg","ক্যাপসুল","3 x 10","Drugs for subcutaneous and mycoses","Ambee Pharmaceuticals Ltd.","8.03","8.03","OTC"
"Afluzole 50 mg/5 ml","Afluzole 50 mg/5 ml","Fluconazole","50 mg/5 ml","পাউডার সাসপেনশন","একক","Drugs for subcutaneous and mycoses","Ambee Pharmaceuticals Ltd.","78.3","78.3","OTC"
"AFM 0.1%","AFM 0.1%","Fluorometholone Acetate","0.1%","Ophthalmic Suspension","একক","Ophthalmic Steroid preparations","Aristopharma Ltd.","100","100","OTC"
"AFM-Plus 0.1%+0.3%","AFM-Plus 0.1%+0.3%","Fluorometholone + Gentamicin","0.1%+0.3%","Ophthalmic Ointment","একক","Ophthalmic steroid - antibiotic combined preparations","Aristopharma Ltd.","130","130","OTC"
"AFM-T 0.1%+0.025%","AFM-T 0.1%+0.025%","Fluorometholone + Tetrahydrozoline","0.1%+0.025%","Ophthalmic Solution","একক","Ophthalmic Steroid preparations","Aristopharma Ltd.","100","100","OTC"
"Afrin 0.025%","Afrin 0.025%","Oxymetazoline Hydrochloride (Nasal Preparation)","0.025%","Nasal Drop","একক","Nasal Anti-histamine preparations, Nasal Decongestants & Other Nasal Preparations","Aristopharma Ltd.","65","65","OTC"
"Afrin 0.05%","Afrin 0.05%","Oxymetazoline Hydrochloride (Nasal Preparation)","0.05%","Nasal Drop","একক","Nasal Anti-histamine preparations, Nasal Decongestants & Other Nasal Preparations","Aristopharma Ltd.","70","70","OTC"
"Afun 1%","Afun 1%","Clotrimazole (Topical)","1%","ক্রিম","একক","Drugs for subcutaneous and mycoses, Topical Antifungal preparations","Square Pharmaceuticals PLC","35.11","35.11","OTC"
"Afun VT 200 mg","Afun VT 200 mg","Clotrimazole (Vaginal tablet)","200 mg","Vaginal Tablet","1 x 3","Drugs used in Vaginal and Vulval condition, Topical Antifungal preparations","Square Pharmaceuticals PLC","20.06","20.06","OTC"
"Afuvin 500 mg","Afuvin 500 mg","Griseofulvin [Ultra Microsize]","500 mg","ট্যাবলেট","10 x 10","Other Antifungal preparations","Ambee Pharmaceuticals Ltd.","5.32","5.32","OTC"
"Agafi 2 mg/0.05 ml","Agafi 2 mg/0.05 ml","Aflibercept Intravitreal Injection","2 mg/0.05 ml","Intravitreal Injection","একক","Other ophthalmic preparations","Incepta Pharmaceuticals Ltd.","32000","32000","OTC"
"Age M 6 mg+200 mg+50 mg","Age M 6 mg+200 mg+50 mg","Beta carotene + Vitamin C + Vitamin E","6 mg+200 mg+50 mg","ট্যাবলেট","20's pack","Anti-oxidant Multivitamin preparations","Mystic Pharmaceuticals Ltd.","2.53","2.53","OTC"
"Age Plus","Age Plus","Super antioxidant [vitamins & minerals]","","ট্যাবলেট","2 x 10","Multi-vitamin & Multi-mineral combined preparations","Mystic Pharmaceuticals Ltd.","3.75","3.75","OTC"
"Agedefy 6 mg+200 mg+50 mg","Agedefy 6 mg+200 mg+50 mg","Beta carotene + Vitamin C + Vitamin E","6 mg+200 mg+50 mg","ট্যাবলেট","20's pack","Anti-oxidant Multivitamin preparations","Medimet Pharmaceuticals Ltd.","2.5","2.5","OTC"
"Aggra 100 mg","Aggra 100 mg","Sildenafil Citrate","100 mg","ট্যাবলেট","2 x 4","Drugs for Erectile Dysfunction","Eskayef Pharmaceuticals Ltd.","50","50","OTC"
"Aggra 50 mg","Aggra 50 mg","Sildenafil Citrate","50 mg","ট্যাবলেট","1 x 4","Drugs for Erectile Dysfunction","Eskayef Pharmaceuticals Ltd.","30","30","OTC"
"Aggreno 25 mg+200 mg","Aggreno 25 mg+200 mg","Aspirin + Dipyridamole","25 mg+200 mg","Capsule (Extended Release)","4 x 10","Anti-platelet drugs","Ziska Pharmaceuticals Ltd.","12","12","OTC"
"Aglip 12.5 mg","Aglip 12.5 mg","Alogliptin Benzoate","12.5 mg","ট্যাবলেট","2 x 10","Dipeptidyl Peptidase-4 (DPP-4) inhibitor","Eskayef Pharmaceuticals Ltd.","12","12","OTC"
"Aglip 25 mg","Aglip 25 mg","Alogliptin Benzoate","25 mg","ট্যাবলেট","2 x 10","Dipeptidyl Peptidase-4 (DPP-4) inhibitor","Eskayef Pharmaceuticals Ltd.","22","22","OTC"
"Agonil 10%","Agonil 10%","Diethylamine Salicylate","10%","ক্রিম","একক","","Navana Pharmaceuticals Ltd.","150","150","OTC"
"Agorest 25 mg","Agorest 25 mg","Agomelatine","25 mg","ট্যাবলেট","2 x 10","Atypical anti-depressant drugs","Everest Pharmaceuticals Ltd.","35","35","OTC"
"Agotin 25 mg","Agotin 25 mg","Agomelatine","25 mg","ট্যাবলেট","1 x 10","Atypical anti-depressant drugs","Beacon Pharmaceuticals PLC","50.15","50.15","OTC"
"Agoxin 0.25 mg","Agoxin 0.25 mg","Digoxin","0.25 mg","ট্যাবলেট","10 x 10","Positive Inotropic drugs","Aristopharma Ltd.","1.09","1.09","OTC"
"AH 200 mg/5 ml","AH 200 mg/5 ml","Albendazole","200 mg/5 ml","Oral Suspension","একক","Anthelmintic","Drug International Ltd.","20.1","20.1","OTC"
"AH 400 mg","AH 400 mg","Albendazole","400 mg","Chewable Tablet","3 x 8","Anthelmintic","Drug International Ltd.","5.05","5.05","OTC"
"Aid 50 mg","Aid 50 mg","Diclofenac Sodium","50 mg","ট্যাবলেট","100's pack","Drugs for Osteoarthritis, Drugs used for Rheumatoid Arthritis, Non-steroidal Anti-inflammatory Drugs (NSAIDs)","Premier Pharmaceuticals Ltd.","0.8","0.8","OTC"
"Aid SR 100 mg","Aid SR 100 mg","Diclofenac Sodium","100 mg","Tablet (Sustained Release)","100's pack","Drugs for Osteoarthritis, Drugs used for Rheumatoid Arthritis, Non-steroidal Anti-inflammatory Drugs (NSAIDs)","Premier Pharmaceuticals Ltd.","3","3","OTC"
"Aid TR 100 mg","Aid TR 100 mg","Diclofenac Sodium","100 mg","Capsule (Timed Release)","100's pack","Drugs for Osteoarthritis, Drugs used for Rheumatoid Arthritis, Non-steroidal Anti-inflammatory Drugs (NSAIDs)","Premier Pharmaceuticals Ltd.","3","3","OTC"
"Aircast 10 mg","Aircast 10 mg","Montelukast Sodium","10 mg","ট্যাবলেট","3 x 10","Leukotriene receptor antagonists","National Drug Co. Ltd.","15","15","OTC"
"Aire 1 mg","Aire 1 mg","Levosalbutamol (Oral)","1 mg","ট্যাবলেট","5 x 10","Short-acting selective & β2-adrenoceptor stimulants","Delta Pharma Ltd.","1","1","OTC"
"Aire 2 mg","Aire 2 mg","Levosalbutamol (Oral)","2 mg","ট্যাবলেট","5 x 10","Short-acting selective & β2-adrenoceptor stimulants","Delta Pharma Ltd.","2","2","OTC"
"AirFlow 10 mg","AirFlow 10 mg","Montelukast Sodium","10 mg","ট্যাবলেট","3 x 10","Leukotriene receptor antagonists","Ad-din Pharmaceuticals Ltd.","17.5","17.5","OTC"
"AirFlow 4 mg","AirFlow 4 mg","Montelukast Sodium","4 mg","Chewable Tablet","3 x 10","Leukotriene receptor antagonists","Ad-din Pharmaceuticals Ltd.","7","7","OTC"
"AirFlow 5 mg","AirFlow 5 mg","Montelukast Sodium","5 mg","Chewable Tablet","3 x 10","Leukotriene receptor antagonists","Ad-din Pharmaceuticals Ltd.","10","10","OTC"
"Airfors (90 mcg+80 mcg)/puff","Airfors (90 mcg+80 mcg)/puff","Salbutamol + Budesonide","90 mcg+80 mcg)/puff","Metered-Dose Inhaler (MDI)","একক","Combined bronchodilators","ACME Laboratories Ltd.","350","350","OTC"
"Airmont 10 mg","Airmont 10 mg","Montelukast Sodium","10 mg","ট্যাবলেট","3 x 10","Leukotriene receptor antagonists","Goodman Pharmaceuticals Ltd.","13","13","OTC"
"Airnaaf 1 mg/5 ml","Airnaaf 1 mg/5 ml","Ketotifen Fumarate (Oral)","1 mg/5 ml","সিরাপ","একক","Cromoglycate & related drugs","Naafco Pharma PLC","75","75","OTC"
"Airpro 1 mg/5 ml","Airpro 1 mg/5 ml","Levosalbutamol (Oral)","1 mg/5 ml","সিরাপ","একক","Short-acting selective & β2-adrenoceptor stimulants","Everest Pharmaceuticals Ltd.","45","45","OTC"
"Airup 10 mg","Airup 10 mg","Montelukast Sodium","10 mg","ট্যাবলেট","3 x 15","Leukotriene receptor antagonists","Pharmasia Limited","16","16","OTC"
"Airup 4 mg","Airup 4 mg","Montelukast Sodium","4 mg","Chewable Tablet","3 x 10","Leukotriene receptor antagonists","Pharmasia Limited","7","7","OTC"
"Airup 5 mg","Airup 5 mg","Montelukast Sodium","5 mg","Chewable Tablet","3 x 10","Leukotriene receptor antagonists","Pharmasia Limited","8","8","OTC"
"Airway 10 mg","Airway 10 mg","Montelukast Sodium","10 mg","ট্যাবলেট","3 x 10","Leukotriene receptor antagonists","One Pharma Ltd.","17","17","OTC"
"Airway 4 mg","Airway 4 mg","Montelukast Sodium","4 mg","ট্যাবলেট","3 x 10","Leukotriene receptor antagonists","One Pharma Ltd.","6","6","OTC"
"Airway 5 mg","Airway 5 mg","Montelukast Sodium","5 mg","ট্যাবলেট","2 x 10","Leukotriene receptor antagonists","One Pharma Ltd.","8","8","OTC"
"Ajardy 10 mg","Ajardy 10 mg","Empagliflozin","10 mg","ট্যাবলেট","3 x 10","Sodium-glucose Cotransporter-2 (SGLT2) Inhibitors","Ziska Pharmaceuticals Ltd.","25","25","OTC"
"Ajardy 25 mg","Ajardy 25 mg","Empagliflozin","25 mg","ট্যাবলেট","1 x 10","Sodium-glucose Cotransporter-2 (SGLT2) Inhibitors","Ziska Pharmaceuticals Ltd.","40","40","OTC"
"Ajardy M 5 mg+500 mg","Ajardy M 5 mg+500 mg","Empagliflozin + Metformin Hydrochloride","5 mg+500 mg","ট্যাবলেট","4 x 8","Combination Oral hypoglycemic preparations","Ziska Pharmaceuticals Ltd.","15","15","OTC"
"Ajuben 12 mg","Ajuben 12 mg","Deutetrabenazine","12 mg","ট্যাবলেট","1 x 10","","Incepta Pharmaceuticals Ltd.","130","130","OTC"
"Ajuben 6 mg","Ajuben 6 mg","Deutetrabenazine","6 mg","ট্যাবলেট","1 x 10","","Incepta Pharmaceuticals Ltd.","70","70","OTC"
"Ajwa 10 mg","Ajwa 10 mg","Atorvastatin Calcium","10 mg","ট্যাবলেট","3 x 10","Other Anti-anginal & Anti-ischaemic drugs, Statins","Desh Pharmaceuticals Ltd.","10","10","OTC"
"Akarvia 200 mg","Akarvia 200 mg","Favipiravir","200 mg","ট্যাবলেট","3 x 10","Anti-viral drugs","Incepta Pharmaceuticals Ltd.","200","200","OTC"
"Akicin 100 mg/2 ml","Akicin 100 mg/2 ml","Amikacin","100 mg/2 ml","IM/IV Injection","2 x 5","Aminoglycosides","Square Pharmaceuticals PLC","16.05","16.05","OTC"
"Akicin 500 mg/2 ml","Akicin 500 mg/2 ml","Amikacin","500 mg/2 ml","IM/IV Injection","2 x 5","Aminoglycosides","Square Pharmaceuticals PLC","48.14","48.14","OTC"
"Aknill 0.05%","Aknill 0.05%","Isotretinoin (Topical)","0.05%","Topical Gel","একক","Topical retinoid and related preparations","Incepta Pharmaceuticals Ltd.","130","130","OTC"
"Aknill 10 mg","Aknill 10 mg","Isotretinoin (Oral)","10 mg","ক্যাপসুল","1 x 10","Oral retinoids for Acne","Incepta Pharmaceuticals Ltd.","40","40","OTC"
"Aknill 20 mg","Aknill 20 mg","Isotretinoin (Oral)","20 mg","ক্যাপসুল","1 x 10","Oral retinoids for Acne","Incepta Pharmaceuticals Ltd.","75","75","OTC"
"Akno 10 mg","Akno 10 mg","Isotretinoin (Oral)","10 mg","ক্যাপসুল","1 x 15","Oral retinoids for Acne","Drug International Ltd.","40","40","OTC"
"Aktivex 250 mg","Aktivex 250 mg","Naproxen Sodium","250 mg","ট্যাবলেট","5 x 10","Drugs for Osteoarthritis, Drugs used for Rheumatoid Arthritis, Non-steroidal Anti-inflammatory Drugs (NSAIDs)","OSL Pharma Limited","6","6","OTC"
"Aktivex 500 mg","Aktivex 500 mg","Naproxen Sodium","500 mg","ট্যাবলেট","3 x 10","Drugs for Osteoarthritis, Drugs used for Rheumatoid Arthritis, Non-steroidal Anti-inflammatory Drugs (NSAIDs)","OSL Pharma Limited","11","11","OTC"
"AL-D3 20000 IU","AL-D3 20000 IU","Cholecalciferol [Vitamin D3]","20000 IU","ক্যাপসুল","1 x 10","Vitamin in bone formation, Vitamin-D preparations","Albion Laboratories Limited","15","15","OTC"
"AL-D3 40000 IU","AL-D3 40000 IU","Cholecalciferol [Vitamin D3]","40000 IU","ক্যাপসুল","1 x 10","Vitamin in bone formation, Vitamin-D preparations","Albion Laboratories Limited","25","25","OTC"
"AL-DS 400 mg","AL-DS 400 mg","Albendazole","400 mg","Chewable Tablet","10 x 4","Anthelmintic","Globe Pharmaceuticals Ltd.","5","5","OTC"
"ALA 500 mg","ALA 500 mg","Alpha-Lipoic Acid","500 mg","ক্যাপসুল","2 x 15","","Total Herbal & Nutraceuticals","40","40","OTC"
"Alaclov 500 mg","Alaclov 500 mg","Valacyclovir","500 mg","ট্যাবলেট","1 x 10","Herpes simplex & Varicella-zoster virus infections","ACI Limited","40.27","40.27","OTC"
"Alacot 0.1%","Alacot 0.1%","Olopatadine Hydrochloride","0.1%","Ophthalmic Solution","একক","Ophthalmic Non-Steroid drugs","Square Pharmaceuticals PLC","110.34","110.34","OTC"
"Alacot DS 0.2%","Alacot DS 0.2%","Olopatadine Hydrochloride","0.2%","Ophthalmic Solution","একক","Ophthalmic Non-Steroid drugs","Square Pharmaceuticals PLC","175","175","OTC"
"Alacot Max 0.7%","Alacot Max 0.7%","Olopatadine Hydrochloride","0.7%","Ophthalmic Solution","একক","Ophthalmic Non-Steroid drugs","Square Pharmaceuticals PLC","245","245","OTC"
"Aladay 0.1%","Aladay 0.1%","Olopatadine Hydrochloride","0.1%","Ophthalmic Solution","একক","Ophthalmic Non-Steroid drugs","Eskayef Pharmaceuticals Ltd.","110","110","OTC"
"Aladay DS 0.2%","Aladay DS 0.2%","Olopatadine Hydrochloride","0.2%","Ophthalmic Solution","একক","Ophthalmic Non-Steroid drugs","Eskayef Pharmaceuticals Ltd.","180","180","OTC"
"Aladay Max 0.7%","Aladay Max 0.7%","Olopatadine Hydrochloride","0.7%","Ophthalmic Solution","একক","Ophthalmic Non-Steroid drugs","Eskayef Pharmaceuticals Ltd.","250","250","OTC"
"Aladin 10 mg","Aladin 10 mg","Rupatadine Fumarate","10 mg","ট্যাবলেট","3 x 10","Non-sedating antihistamines","Ad-din Pharmaceuticals Ltd.","11","11","OTC"
"Alafix 1 mg/5 ml","Alafix 1 mg/5 ml","Ketotifen Fumarate (Oral)","1 mg/5 ml","সিরাপ","একক","Cromoglycate & related drugs","Jenphar Bangladesh Ltd.","75","75","OTC"
"Alafree 120 mg","Alafree 120 mg","Fexofenadine Hydrochloride","120 mg","ট্যাবলেট","3 x 10","Non-sedating antihistamines","Apex Pharma Ltd.","8","8","OTC"
"Alafree 30 mg/5 ml","Alafree 30 mg/5 ml","Fexofenadine Hydrochloride","30 mg/5 ml","Oral Suspension","একক","Non-sedating antihistamines","Apex Pharma Ltd.","52","52","OTC"
"Alagra 120 mg","Alagra 120 mg","Fexofenadine Hydrochloride","120 mg","ট্যাবলেট","6 x 10","Non-sedating antihistamines","Alco Pharma Ltd.","7","7","OTC"
"Alagra 180 mg","Alagra 180 mg","Fexofenadine Hydrochloride","180 mg","ট্যাবলেট","3 x 10","Non-sedating antihistamines","Alco Pharma Ltd.","10","10","OTC"
"Alagra 30 mg/5 ml","Alagra 30 mg/5 ml","Fexofenadine Hydrochloride","30 mg/5 ml","Oral Suspension","একক","Non-sedating antihistamines","Alco Pharma Ltd.","55","55","OTC"
"Alagra 60 mg","Alagra 60 mg","Fexofenadine Hydrochloride","60 mg","ট্যাবলেট","3 x 10","Non-sedating antihistamines","Alco Pharma Ltd.","4.5","4.5","OTC"
"Alanil 120 mg","Alanil 120 mg","Fexofenadine Hydrochloride","120 mg","ট্যাবলেট","3 x 10","Non-sedating antihistamines","ACME Laboratories Ltd.","9","9","OTC"
"Alanil 180 mg","Alanil 180 mg","Fexofenadine Hydrochloride","180 mg","ট্যাবলেট","3 x 10","Non-sedating antihistamines","ACME Laboratories Ltd.","10","10","OTC"
"Alanil 30 mg/5 ml","Alanil 30 mg/5 ml","Fexofenadine Hydrochloride","30 mg/5 ml","Oral Suspension","একক","Non-sedating antihistamines","ACME Laboratories Ltd.","55","55","OTC"
"Alaradate 10 mg","Alaradate 10 mg","Methylphenidate Hydrochloride","10 mg","ট্যাবলেট","3 x 10","CNS stimulant drugs","Incepta Pharmaceuticals Ltd.","15","15","OTC"
"Alargol 10 mg","Alargol 10 mg","Cetirizine Hydrochloride","10 mg","ট্যাবলেট","10 x 10","Sedating Anti-histamine","Ethical Drugs Limited","2.5","2.5","OTC"
"Alargol 5 mg/5 ml","Alargol 5 mg/5 ml","Cetirizine Hydrochloride","5 mg/5 ml","সিরাপ","একক","Sedating Anti-histamine","Ethical Drugs Limited","25","25","OTC"
"Alarid 0.025%","Alarid 0.025%","Ketotifen Fumarate (Ophthalmic)","0.025%","Ophthalmic Solution","একক","Ophthalmic Non-Steroid drugs","Square Pharmaceuticals PLC","100.3","100.3","OTC"
"Alarid 1 mg","Alarid 1 mg","Ketotifen Fumarate (Oral)","1 mg","ট্যাবলেট","10 x 10","Cromoglycate & related drugs","Square Pharmaceuticals PLC","3","3","OTC"
"Alarid 1 mg/5 ml","Alarid 1 mg/5 ml","Ketotifen Fumarate (Oral)","1 mg/5 ml","সিরাপ","একক","Cromoglycate & related drugs","Square Pharmaceuticals PLC","75","75","OTC"
"Alaron 10 mg","Alaron 10 mg","Loratadine","10 mg","ট্যাবলেট","10 x 10","Non-sedating antihistamines","ACI Limited","2.5","2.5","OTC"
"Alaron 5 mg/5 ml","Alaron 5 mg/5 ml","Loratadine","5 mg/5 ml","Oral Suspension","একক","Non-sedating antihistamines","ACI Limited","30.2","30.2","OTC"
"Alartn 5 mg/5 ml","Alartn 5 mg/5 ml","Cetirizine Hydrochloride","5 mg/5 ml","সিরাপ","একক","Sedating Anti-histamine","Alkad Laboratories","30","30","OTC"
"Alarup 10 mg","Alarup 10 mg","Rupatadine Fumarate","10 mg","ট্যাবলেট","3 x 10","Non-sedating antihistamines","Popular Pharmaceuticals Ltd.","10","10","OTC"
"Alarzil 22.7 mg","Alarzil 22.7 mg","Pheniramine Maleate","22.7 mg","ট্যাবলেট","15 x 10","Sedating Anti-histamine","Pharmik Laboratories Ltd.","1.5","1.5","OTC"
"Alat 10 mg","Alat 10 mg","Cetirizine Hydrochloride","10 mg","ট্যাবলেট","100's pack","Sedating Anti-histamine","Premier Pharmaceuticals Ltd.","2.5","2.5","OTC"
"Alater 10 mg","Alater 10 mg","Cetirizine Hydrochloride","10 mg","ট্যাবলেট","100's pack","Sedating Anti-histamine","Bengal drugs Ltd.","2.5","2.5","OTC"
"Alatin 10 mg","Alatin 10 mg","Cetirizine Hydrochloride","10 mg","ট্যাবলেট","10 x 10","Sedating Anti-histamine","Concord Pharmaceuticals Ltd.","2.5","2.5","OTC"
"Alatrol 10 mg","Alatrol 10 mg","Cetirizine Hydrochloride","10 mg","ট্যাবলেট","15 x 10","Sedating Anti-histamine","Square Pharmaceuticals PLC","3.01","3.01","OTC"
"Alatrol 2.5 mg/ml","Alatrol 2.5 mg/ml","Cetirizine Hydrochloride","2.5 mg/ml","Pediatric Drops","একক","Sedating Anti-histamine","Square Pharmaceuticals PLC","28","28","OTC"
"Alatrol 5 mg/5 ml","Alatrol 5 mg/5 ml","Cetirizine Hydrochloride","5 mg/5 ml","সিরাপ","একক","Sedating Anti-histamine","Square Pharmaceuticals PLC","35","35","OTC"
"Alaxen 0.25 mg","Alaxen 0.25 mg","Alprazolam","0.25 mg","ট্যাবলেট","10 x 10","Benzodiazepine sedatives","United Pharmaceuticals Ltd.","2","2","OTC"
"Alaxen 0.5 mg","Alaxen 0.5 mg","Alprazolam","0.5 mg","ট্যাবলেট","10 x 10","Benzodiazepine sedatives","United Pharmaceuticals Ltd.","3","3","OTC"
"Alba 400 mg","Alba 400 mg","Albendazole","400 mg","Chewable Tablet","48 x 1","Anthelmintic","Navana Pharmaceuticals Ltd.","4.5","4.5","OTC"
"Albafen 10 mg","Albafen 10 mg","Baclofen","10 mg","ট্যাবলেট","30's pack","Centrally acting Skeletal Muscle Relaxants","Allied Pharmaceuticals Ltd.","8","8","OTC"
"Albamax DS 400 mg","Albamax DS 400 mg","Albendazole","400 mg","Chewable Tablet","25 x 1","Anthelmintic","Ziska Pharmaceuticals Ltd.","5","5","OTC"
"Albaplex (5 mg+2 mg+2 mg+20 mg)/5 ml","Albaplex (5 mg+2 mg+2 mg+20 mg)/5 ml","Vitamin B complex","5 mg+2 mg+2 mg+20 mg)/5 ml","সিরাপ","একক","Specific combined vitamin preparations","Aexim Pharmaceuticals Ltd.","20.6","20.6","OTC"
"Albasine 30 mg+10 mg","Albasine 30 mg+10 mg","Almitrine Bismesylate + Raubasine","30 mg+10 mg","ট্যাবলেট","3 x 14","Cerebral vasodilator & Neurosensory oxygenator drugs","Drug International Ltd.","12.05","12.05","OTC"
"Albatab 5 mg+2 mg+2 mg+20 mg","Albatab 5 mg+2 mg+2 mg+20 mg","Vitamin B complex","5 mg+2 mg+2 mg+20 mg","ট্যাবলেট","10 x 10","Specific combined vitamin preparations","Aexim Pharmaceuticals Ltd.","0.44","0.44","OTC"
"Albazol DS 400 mg","Albazol DS 400 mg","Albendazole","400 mg","Chewable Tablet","50's pack","Anthelmintic","Central Pharmaceuticals Ltd.","4","4","OTC"
"Alben 200 mg/5 ml","Alben 200 mg/5 ml","Albendazole","200 mg/5 ml","Oral Suspension","একক","Anthelmintic","Eskayef Pharmaceuticals Ltd.","23","23","OTC"
"Alben-DS 400 mg","Alben-DS 400 mg","Albendazole","400 mg","Chewable Tablet","10 x 10","Anthelmintic","Eskayef Pharmaceuticals Ltd.","5","5","OTC"
"Albenda DS 400 mg","Albenda DS 400 mg","Albendazole","400 mg","Chewable Tablet","2 x 10","Anthelmintic","Aexim Pharmaceuticals Ltd.","3.4","3.4","OTC"
"Albendol 200 mg/5 ml","Albendol 200 mg/5 ml","Albendazole","200 mg/5 ml","Oral Suspension","একক","Anthelmintic","Globex Pharmaceuticals Ltd.","15","15","OTC"
"Albendol 400 mg","Albendol 400 mg","Albendazole","400 mg","Chewable Tablet","50's pack","Anthelmintic","Globex Pharmaceuticals Ltd.","3.5","3.5","OTC"
"Albendox 400 mg","Albendox 400 mg","Albendazole","400 mg","Chewable Tablet","50's pack","Anthelmintic","Indo Bangla Pharmaceutical","4","4","OTC"
"Albengen DS 400 mg","Albengen DS 400 mg","Albendazole","400 mg","Chewable Tablet","10 x 10","Anthelmintic","Biogen Pharmaceuticals Ltd.","3.5","3.5","OTC"
"Albentas 400 mg","Albentas 400 mg","Albendazole","400 mg","Chewable Tablet","50 x 1","Anthelmintic","Veritas Pharmaceuticals Ltd.","5","5","OTC"
"Albet-CL 0.1%+1%","Albet-CL 0.1%+1%","Betamethasone + Clotrimazole","0.1%+1%","অয়েন্টমেন্ট","একক","Betamethasone & Combined preparations","Albion Laboratories Limited","29.31","29.31","OTC"
"Albet-N 0.1%+0.5%","Albet-N 0.1%+0.5%","Betamethasone + Neomycin Sulphate (Topical)","0.1%+0.5%","ক্রিম","একক","Aural steroid & antibiotic combined preparations","Albion Laboratories Limited","15.28","15.28","OTC"
"Albet-N 0.1%+0.5%","Albet-N 0.1%+0.5%","Betamethasone + Neomycin Sulphate (Topical)","0.1%+0.5%","অয়েন্টমেন্ট","একক","Aural steroid & antibiotic combined preparations","Albion Laboratories Limited","18.47","18.47","OTC"
"Albezen 400 mg","Albezen 400 mg","Albendazole","400 mg","Chewable Tablet","25 x 2","Anthelmintic","Zenith Pharmaceuticals Ltd.","3","3","OTC"
"Albezole 400 mg","Albezole 400 mg","Albendazole","400 mg","Chewable Tablet","40's pack","Anthelmintic","Apollo Pharmaceutical Ltd.","3.8","3.8","OTC"
"Albicon 200 mg/5 ml","Albicon 200 mg/5 ml","Albendazole","200 mg/5 ml","Oral Suspension","একক","Anthelmintic","The White Horse Pharmaceuticals Ltd.","20","20","OTC"
"Albicon DS 400 mg","Albicon DS 400 mg","Albendazole","400 mg","Chewable Tablet","5 x 6","Anthelmintic","The White Horse Pharmaceuticals Ltd.","4","4","OTC"
"Albion Hand Rub 75%+0.125%+1.45%","Albion Hand Rub 75%+0.125%+1.45%","Isopropyl Alcohol + Hydrogen Peroxide + Glycerol","75%+0.125%+1.45%","Hand Rub","একক","Bleaching and Disinfectants, Other antibacterial preparation","Albion Laboratories Limited","42","42","OTC"
"Albion Hand Sanitizer 66%+3.5%","Albion Hand Sanitizer 66%+3.5%","Ethanol + Isopropyl alcohol","66%+3.5%","Hand Rub","একক","Bleaching and Disinfectants, Other antibacterial preparation","Albion Laboratories Limited","75","75","OTC"
"Albion Oralsaline 10.25 gm","Albion Oralsaline 10.25 gm","Oral rehydration salt [glucose based]","10.25 gm","Oral Powder","20's pack","Oral electrolytes preparations","Albion Laboratories Limited","5","5","OTC"
"Albiquin 300 mg","Albiquin 300 mg","Quinine Sulfate","300 mg","ট্যাবলেট","10 x 10","Anti-malarial drugs","Albion Laboratories Limited","6.4","6.4","OTC"
"Albizox 100 mg/5 ml","Albizox 100 mg/5 ml","Nitazoxanide","100 mg/5 ml","পাউডার সাসপেনশন","একক","Anti-diarrhoeal antiprotozoal","Albion Laboratories Limited","50","50","OTC"
"Albizox 500 mg","Albizox 500 mg","Nitazoxanide","500 mg","ট্যাবলেট","3 x 6","Anti-diarrhoeal antiprotozoal","Albion Laboratories Limited","9","9","OTC"
"Albol-DS 400 mg","Albol-DS 400 mg","Albendazole","400 mg","Chewable Tablet","30 x 2","Anthelmintic","Ethical Drugs Limited","3.5","3.5","OTC"
"Albrex 400 mg","Albrex 400 mg","Albendazole","400 mg","Chewable Tablet","50's pack","Anthelmintic","Medimet Pharmaceuticals Ltd.","3.5","3.5","OTC"
"Albunorm 20%","Albunorm 20%","Albumin (Human)","20%","আইভি ইনফিউশন","একক","Plasma expanders","Discount Pharma","5539.33","5539.33","Rx"
"Albunorm 25%","Albunorm 25%","Albumin (Human)","25%","আইভি ইনফিউশন","একক","Plasma expanders","Discount Pharma","6924.17","6924.17","Rx"
"Albunorm 5%","Albunorm 5%","Albumin (Human)","5%","আইভি ইনফিউশন","একক","Plasma expanders","Discount Pharma","6924.17","6924.17","Rx"
"AlbuRx 25%","AlbuRx 25%","Albumin (Human)","25%","আইভি ইনফিউশন","একক","Plasma expanders","International Agencies (Bd.) Limited","4500","4500","Rx"
"Albutein 25%","Albutein 25%","Albumin (Human)","25%","আইভি ইনফিউশন","একক","Plasma expanders","Shuvro Limited","11500","11500","Rx"
"Albutein 5%","Albutein 5%","Albumin (Human)","5%","আইভি ইনফিউশন","একক","Plasma expanders","Shuvro Limited","3800","3800","Rx"
"Albutrim (200 mg+40 mg)/5 ml","Albutrim (200 mg+40 mg)/5 ml","Sulphamethoxazole + Trimethoprim","200 mg+40 mg)/5 ml","Oral Suspension","একক","Anti-diarrhoeal antimicrobial drugs, Other antibacterial preparation","Albion Laboratories Limited","20","20","OTC"
"Albutrim 800 mg+160 mg","Albutrim 800 mg+160 mg","Sulphamethoxazole + Trimethoprim","800 mg+160 mg","ট্যাবলেট","10 x 10","Anti-diarrhoeal antimicrobial drugs, Other antibacterial preparation","Albion Laboratories Limited","2","2","OTC"
"Alcadin 0.25%","Alcadin 0.25%","Alcaftadine","0.25%","Ophthalmic Solution","একক","Ophthalmic Anti-allergic preparations","Popular Pharmaceuticals Ltd.","450","450","OTC"
"Alcaft 0.25%","Alcaft 0.25%","Alcaftadine","0.25%","Ophthalmic Solution","একক","Ophthalmic Anti-allergic preparations","Healthcare Pharmaceuticals Ltd.","450","450","OTC"
"Alcafta 0.25%","Alcafta 0.25%","Alcaftadine","0.25%","Ophthalmic Solution","একক","Ophthalmic Anti-allergic preparations","Incepta Pharmaceuticals Ltd.","400","400","OTC"
"Alcasol (1500 mg+250 mg)/5 ml","Alcasol (1500 mg+250 mg)/5 ml","Potassium Citrate + Citric Acid","1500 mg+250 mg)/5 ml","Oral Solution","একক","Prevention of repeated kidney stone formation, Urinary Alkalinizing Agent","ACI Limited","200","200","OTC"
"Alcavir 0.5 mg","Alcavir 0.5 mg","Entecavir Monohydrate","0.5 mg","ট্যাবলেট","2 x 10","Hepatic viral infections (Hepatitis B)","Albion Laboratories Limited","45","45","OTC"
"Alcefen 100 mg","Alcefen 100 mg","Aceclofenac","100 mg","ট্যাবলেট","একক","Drugs for Osteoarthritis, Drugs used for Rheumatoid Arthritis, Non-steroidal Anti-inflammatory Drugs (NSAIDs)","Allied Pharmaceuticals Ltd.","4","4","OTC"
"Alcet 2.5 mg/5 ml","Alcet 2.5 mg/5 ml","Levocetirizine Dihydrochloride","2.5 mg/5 ml","Oral Solution","একক","Non-sedating antihistamines","Healthcare Pharmaceuticals Ltd.","50","50","OTC"
"Alcet 5 mg","Alcet 5 mg","Levocetirizine Dihydrochloride","5 mg","ট্যাবলেট","10 x 10","Non-sedating antihistamines","Healthcare Pharmaceuticals Ltd.","4.5","4.5","OTC"
"Alchek 0.1%","Alchek 0.1%","Olopatadine Hydrochloride","0.1%","Ophthalmic Solution","একক","Ophthalmic Non-Steroid drugs","Apex Pharma Ltd.","110","110","OTC"
"Alchek DS 0.2%","Alchek DS 0.2%","Olopatadine Hydrochloride","0.2%","Ophthalmic Solution","একক","Ophthalmic Non-Steroid drugs","Apex Pharma Ltd.","180","180","OTC"
"Alclor 125 mg/1.25 ml","Alclor 125 mg/1.25 ml","Cefaclor Monohydrate","125 mg/1.25 ml","Pediatric Drops","একক","Second generation cephalosporins","ACME Laboratories Ltd.","135","135","OTC"
"Alcofen 50 mg","Alcofen 50 mg","Diclofenac Sodium","50 mg","ট্যাবলেট","10 x 10","Drugs for Osteoarthritis, Drugs used for Rheumatoid Arthritis, Non-steroidal Anti-inflammatory Drugs (NSAIDs)","Aexim Pharmaceuticals Ltd.","0.7","0.7","OTC"
"Alcofen SR 100 mg","Alcofen SR 100 mg","Diclofenac Sodium","100 mg","Capsule (Sustained Release)","10 x 10","Drugs for Osteoarthritis, Drugs used for Rheumatoid Arthritis, Non-steroidal Anti-inflammatory Drugs (NSAIDs)","Aexim Pharmaceuticals Ltd.","1.5","1.5","OTC"
"Alconil","Alconil","Eucalyptol + Menthol + Methyl Salicylate + Thymol + Sodium Fluoride","","Mouthwash","একক","Oral preparations","Ziska Pharmaceuticals Ltd.","85","85","OTC"
"Alcot (200 mg+40 mg)/5 ml","Alcot (200 mg+40 mg)/5 ml","Sulphamethoxazole + Trimethoprim","200 mg+40 mg)/5 ml","Oral Suspension","একক","Anti-diarrhoeal antimicrobial drugs, Other antibacterial preparation","Pacific Pharmaceuticals Ltd.","20","20","OTC"
"Alcot 400 mg+80 mg","Alcot 400 mg+80 mg","Sulphamethoxazole + Trimethoprim","400 mg+80 mg","ট্যাবলেট","10 x 10","Anti-diarrhoeal antimicrobial drugs, Other antibacterial preparation","Pacific Pharmaceuticals Ltd.","1","1","OTC"
"Alcot 800 mg+160 mg","Alcot 800 mg+160 mg","Sulphamethoxazole + Trimethoprim","800 mg+160 mg","ট্যাবলেট","10 x 10","Anti-diarrhoeal antimicrobial drugs, Other antibacterial preparation","Pacific Pharmaceuticals Ltd.","2","2","OTC"
"Alcox 90 mg","Alcox 90 mg","Etoricoxib","90 mg","ট্যাবলেট","3 x 10","Non-steroidal Anti-inflammatory Drugs (NSAIDs)","Guardian Healthcare Ltd.","12","12","OTC"
"Alda 200 mg/5 ml","Alda 200 mg/5 ml","Albendazole","200 mg/5 ml","Oral Suspension","একক","Anthelmintic","Supreme Pharmaceutical Ltd.","15","15","OTC"
"Alda DS 400 mg","Alda DS 400 mg","Albendazole","400 mg","Chewable Tablet","25's pack","Anthelmintic","Supreme Pharmaceutical Ltd.","4","4","OTC"
"Aldaben 200 mg/5 ml","Aldaben 200 mg/5 ml","Albendazole","200 mg/5 ml","Oral Suspension","একক","Anthelmintic","Ad-din Pharmaceuticals Ltd.","20","20","OTC"
"Aldaben-DS 400 mg","Aldaben-DS 400 mg","Albendazole","400 mg","Chewable Tablet","25 x 1","Anthelmintic","Ad-din Pharmaceuticals Ltd.","5","5","OTC"
"Aldes DS 400 mg","Aldes DS 400 mg","Albendazole","400 mg","Chewable Tablet","25 x 1","Anthelmintic","Desh Pharmaceuticals Ltd.","4","4","OTC"
"Aldin DS 400 mg","Aldin DS 400 mg","Albendazole","400 mg","Chewable Tablet","30 x 2","Anthelmintic","Techno Drugs Ltd.","4","4","OTC"
"Aldoben DS 400 mg","Aldoben DS 400 mg","Albendazole","400 mg","Chewable Tablet","12 x 4","Anthelmintic","Benham Pharmaceuticals Ltd.","5","5","OTC"
"Aldocort 0.10 mg","Aldocort 0.10 mg","Fludrocortisone Acetate","0.10 mg","ট্যাবলেট","3 x 10","Corticosteroid","Incepta Pharmaceuticals Ltd.","10","10","OTC"
"Aldonist 25 mg","Aldonist 25 mg","Eplerenone","25 mg","ট্যাবলেট","3 x 10","Potassium-sparing diuretics, Potassium-sparing diuretics & Aldosterone antagonists","UniMed UniHealth Pharmaceuticals Ltd.","45","45","OTC"
"Aldonist 50 mg","Aldonist 50 mg","Eplerenone","50 mg","ট্যাবলেট","2 x 7","Potassium-sparing diuretics, Potassium-sparing diuretics & Aldosterone antagonists","UniMed UniHealth Pharmaceuticals Ltd.","85","85","OTC"
"Aldopa 100 mg+10 mg","Aldopa 100 mg+10 mg","Levodopa + Carbidopa","100 mg+10 mg","ট্যাবলেট","5 x 10","Antiparkinson drugs","Albion Laboratories Limited","7","7","OTC"
"Aldopa 250 mg+25 mg","Aldopa 250 mg+25 mg","Levodopa + Carbidopa","250 mg+25 mg","ট্যাবলেট","5 x 10","Antiparkinson drugs","Albion Laboratories Limited","11.8","11.8","OTC"
"Aldorin 50 mg","Aldorin 50 mg","Epalrestat","50 mg","ট্যাবলেট","3 x 10","Aldose reductase inhibitor","Eskayef Pharmaceuticals Ltd.","11","11","OTC"
"Ale DS 400 mg","Ale DS 400 mg","Albendazole","400 mg","Chewable Tablet","একক","Anthelmintic","Aztec Pharmaceuticals Ltd.","4","4","OTC"
"Alecensa 150 mg","Alecensa 150 mg","Alectinib","150 mg","ক্যাপসুল","7 x 8","Anti neoplastic preparations, Protein kinase inhibitor","Roche Bangladesh Ltd.","2082","2082","OTC"
"Alecnib 150 mg","Alecnib 150 mg","Alectinib","150 mg","ক্যাপসুল","1 x 56","Anti neoplastic preparations, Protein kinase inhibitor","Everest Pharmaceuticals Ltd.","500","500","OTC"
"Aleena 4 mg","Aleena 4 mg","Drospirenone","4 mg","ট্যাবলেট","একক","Oral Contraceptive preparations","Healthcare Pharmaceuticals Ltd.","400","400","OTC"
"Alendon 10 mg","Alendon 10 mg","Alendronic acid","10 mg","ট্যাবলেট","3 x 10","Bisphosphonate preparations","Beximco Pharmaceuticals Ltd.","5","5","OTC"
"Alendon 70 mg","Alendon 70 mg","Alendronic acid","70 mg","ট্যাবলেট","3 x 10","Bisphosphonate preparations","Beximco Pharmaceuticals Ltd.","25","25","OTC"
"Alenil 10 mg/ml","Alenil 10 mg/ml","Cetirizine Hydrochloride","10 mg/ml","IV Injection","একক","Sedating Anti-histamine","Eskayef Pharmaceuticals Ltd.","70","70","OTC"
"Alenvir 25 mg","Alenvir 25 mg","Tenofovir Alafenamide","25 mg","ট্যাবলেট","1 x 10","Hepatic viral infections (Hepatitis B)","Square Pharmaceuticals PLC","90","90","OTC"
"Alercon 0.1%","Alercon 0.1%","Olopatadine Hydrochloride","0.1%","Ophthalmic Solution","একক","Ophthalmic Non-Steroid drugs","ACME Laboratories Ltd.","105","105","OTC"
"Alercon DS 0.2%","Alercon DS 0.2%","Olopatadine Hydrochloride","0.2%","Ophthalmic Solution","একক","Ophthalmic Non-Steroid drugs","ACME Laboratories Ltd.","160","160","OTC"
"Alerest 4 mg","Alerest 4 mg","Chlorpheniramine Maleate","4 mg","ট্যাবলেট","20 x 10","Sedating Anti-histamine","Veritas Pharmaceuticals Ltd.","0.29","0.29","OTC"
"Alerfast 120 mg","Alerfast 120 mg","Fexofenadine Hydrochloride","120 mg","ট্যাবলেট","3 x 10","Non-sedating antihistamines","Biopharma Limited","8","8","OTC"
"Alerfast 180 mg","Alerfast 180 mg","Fexofenadine Hydrochloride","180 mg","ট্যাবলেট","3 x 10","Non-sedating antihistamines","Biopharma Limited","10","10","OTC"
"Alerfast 30 mg/5 ml","Alerfast 30 mg/5 ml","Fexofenadine Hydrochloride","30 mg/5 ml","Oral Suspension","একক","Non-sedating antihistamines","Biopharma Limited","55","55","OTC"
"Alerfex 120 mg","Alerfex 120 mg","Fexofenadine Hydrochloride","120 mg","ট্যাবলেট","3 x 10","Non-sedating antihistamines","Kumudini Pharma Ltd.","9","9","OTC"
"Alerfex 180 mg","Alerfex 180 mg","Fexofenadine Hydrochloride","180 mg","ট্যাবলেট","2 x 10","Non-sedating antihistamines","Kumudini Pharma Ltd.","8","8","OTC"
"Alerfex 30 mg/5 ml","Alerfex 30 mg/5 ml","Fexofenadine Hydrochloride","30 mg/5 ml","Oral Suspension","একক","Non-sedating antihistamines","Kumudini Pharma Ltd.","55","55","OTC"
"Alergix MR 10 mg","Alergix MR 10 mg","Mizolastine","10 mg","Tablet (Modified Release)","3 x 10","Non-sedating antihistamines","Incepta Pharmaceuticals Ltd.","6.5","6.5","OTC"
"Alerjess 2 mg/5 ml","Alerjess 2 mg/5 ml","Chlorpheniramine Maleate","2 mg/5 ml","সিরাপ","একক","Sedating Anti-histamine","Ad-din Pharmaceuticals Ltd.","20","20","OTC"
"Alerjess 4 mg","Alerjess 4 mg","Chlorpheniramine Maleate","4 mg","ট্যাবলেট","50 x 10","Sedating Anti-histamine","Ad-din Pharmaceuticals Ltd.","0.3","0.3","OTC"
"Alermet 10 mg","Alermet 10 mg","Cetirizine Hydrochloride","10 mg","ট্যাবলেট","10 x 10","Sedating Anti-histamine","Avarox Pharmaceuticals Ltd.","3","3","OTC"
"Alert 10 mg","Alert 10 mg","Loratadine","10 mg","ট্যাবলেট","100's pack","Non-sedating antihistamines","Apollo Pharmaceutical Ltd.","2.73","2.73","OTC"
"Alertadin 5 mg","Alertadin 5 mg","Desloratadine","5 mg","ট্যাবলেট","10 x 10","Non-sedating antihistamines","Beacon Pharmaceuticals PLC","2.51","2.51","OTC"
"Alervil 15 mg/5 ml","Alervil 15 mg/5 ml","Pheniramine Maleate","15 mg/5 ml","সিরাপ","একক","Sedating Anti-histamine","Incepta Pharmaceuticals Ltd.","25","25","OTC"
"Alestin 10 mg","Alestin 10 mg","Ebastine","10 mg","ট্যাবলেট","5 x 10","Non-sedating antihistamines","Novelta Bestway Pharma Ltd.","6","6","OTC"
"Alestin 5 mg/5 ml","Alestin 5 mg/5 ml","Ebastine","5 mg/5 ml","সিরাপ","একক","Non-sedating antihistamines","Novelta Bestway Pharma Ltd.","80","80","OTC"
"Alestor 5 mg","Alestor 5 mg","Allylestrenol","5 mg","ট্যাবলেট","5 x 10","Female Sex hormones","Incepta Pharmaceuticals Ltd.","8","8","OTC"
"Aletrin 10 mg","Aletrin 10 mg","Cetirizine Hydrochloride","10 mg","ট্যাবলেট","100's pack","Sedating Anti-histamine","Reman Drug Laboratories Ltd.","2.5","2.5","OTC"
"Alexa 4000 Anti-Xa IU/0.4 ml","Alexa 4000 Anti-Xa IU/0.4 ml","Enoxaparin Sodium","0.4 ml","SC Injection","একক","Parenteral anti-coagulants","Healthcare Pharmaceuticals Ltd.","450","450","OTC"
"Alexa 6000 Anti-Xa IU/0.6 ml","Alexa 6000 Anti-Xa IU/0.6 ml","Enoxaparin Sodium","0.6 ml","SC Injection","একক","Parenteral anti-coagulants","Healthcare Pharmaceuticals Ltd.","650","650","OTC"
"Alexa 8000 Anti-Xa IU/0.8 ml","Alexa 8000 Anti-Xa IU/0.8 ml","Enoxaparin Sodium","0.8 ml","SC Injection","একক","Parenteral anti-coagulants","Healthcare Pharmaceuticals Ltd.","750","750","OTC"
"Aleze 10 mg","Aleze 10 mg","Loratadine","10 mg","ট্যাবলেট","5 x 10","Non-sedating antihistamines","UniMed UniHealth Pharmaceuticals Ltd.","3.5","3.5","OTC"
"Aleze 5 mg/5 ml","Aleze 5 mg/5 ml","Loratadine","5 mg/5 ml","Oral Suspension","একক","Non-sedating antihistamines","UniMed UniHealth Pharmaceuticals Ltd.","30","30","OTC"
"Alfacon 600 mg","Alfacon 600 mg","Amino Acid Ketoanalogues","600 mg","ট্যাবলেট","6 x 10","Other genito-urinary preparations","Beacon Pharmaceuticals PLC","40","40","OTC"
"Alfacort 40 mg/ml","Alfacort 40 mg/ml","Triamcinolone Acetonide (Injection)","40 mg/ml","IM/IA Injection","4's pack","Corticosteroid, Glucocorticoids, Triamcinolone & Combined preparations","Ziska Pharmaceuticals Ltd.","60.18","60.18","OTC"
"Alfagon 150 IU/pre-filled syringe","Alfagon 150 IU/pre-filled syringe","Recombinant Follicle Stimulating Hormone (rFSH)","150 IU/pre-filled syringe","SC Injection","একক","Drugs for Infertility, Trophic Hormones & Related Synthetic Drugs","Incepta Pharmaceuticals Ltd.","3000","3000","OTC"
"Alfagon 75 IU/pre-filled syringe","Alfagon 75 IU/pre-filled syringe","Recombinant Follicle Stimulating Hormone (rFSH)","75 IU/pre-filled syringe","SC Injection","একক","Drugs for Infertility, Trophic Hormones & Related Synthetic Drugs","Incepta Pharmaceuticals Ltd.","1900","1900","OTC"
"Alfane 300 mg","Alfane 300 mg","Alpha-Lipoic Acid","300 mg","ক্যাপসুল","5 x 6","","Square Pharmaceuticals PLC","15","15","OTC"
"Alfasin XR 10 mg","Alfasin XR 10 mg","Alfuzosin Hydrochloride","10 mg","Tablet (Extended Release)","6 x 4","BPH/ Urinary retention/ Urinary incontinence","Incepta Pharmaceuticals Ltd.","10","10","OTC"
"Alfavir 25 mg","Alfavir 25 mg","Tenofovir Alafenamide","25 mg","ট্যাবলেট","2 x 10","Hepatic viral infections (Hepatitis B)","Incepta Pharmaceuticals Ltd.","90","90","OTC"
"Alfex 120 mg","Alfex 120 mg","Fexofenadine Hydrochloride","120 mg","ট্যাবলেট","3 x 10","Non-sedating antihistamines","Medicon Pharmaceuticals Ltd.","8","8","OTC"
"Alfex 30 mg/5 ml","Alfex 30 mg/5 ml","Fexofenadine Hydrochloride","30 mg/5 ml","Oral Suspension","একক","Non-sedating antihistamines","Medicon Pharmaceuticals Ltd.","48","48","OTC"
"Alfil","Alfil","Iron + Folic acid + Vitamin B complex + Vitamin C","","ক্যাপসুল","30's pack","Iron & Vitamin Combined preparations","Marker Pharma Ltd.","3","3","OTC"
"Alfixim 100 mg/5 ml","Alfixim 100 mg/5 ml","Cefixime Trihydrate","100 mg/5 ml","পাউডার সাসপেনশন","একক","Third generation cephalosporins","Allied Pharmaceuticals Ltd.","195","195","OTC"
"Alfixim 200 mg","Alfixim 200 mg","Cefixime Trihydrate","200 mg","ক্যাপসুল","একক","Third generation cephalosporins","Allied Pharmaceuticals Ltd.","35","35","OTC"
"Alfixim 400 mg","Alfixim 400 mg","Cefixime Trihydrate","400 mg","ক্যাপসুল","একক","Third generation cephalosporins","Allied Pharmaceuticals Ltd.","50","50","OTC"
"Alflam 400 mg","Alflam 400 mg","Ibuprofen (Oral)","400 mg","ট্যাবলেট","10 x 10","Drugs for Osteoarthritis, Drugs used for Rheumatoid Arthritis, Non-steroidal Anti-inflammatory Drugs (NSAIDs)","Albion Laboratories Limited","1.42","1.42","OTC"
"Alfol CI 50 mg+0.50 mg+61.80 mg","Alfol CI 50 mg+0.50 mg+61.80 mg","Carbonyl Iron + Folic Acid + Zinc Sulfate","50 mg+0.50 mg+61.80 mg","Capsule (Timed Release)","6 x 10","Iron, Vitamin & Mineral Combined preparation","Albion Laboratories Limited","4.8","4.8","OTC"
"Alfradin 500 mg","Alfradin 500 mg","Cephradine","500 mg","ক্যাপসুল","একক","First generation cephalosporins","Allied Pharmaceuticals Ltd.","12.5","12.5","OTC"
"Alfradin DS 250 mg/5 ml","Alfradin DS 250 mg/5 ml","Cephradine","250 mg/5 ml","পাউডার সাসপেনশন","একক","First generation cephalosporins","Allied Pharmaceuticals Ltd.","120","120","OTC"
"Alfumax ER 10 mg","Alfumax ER 10 mg","Alfuzosin Hydrochloride","10 mg","Tablet (Extended Release)","3 x 10","BPH/ Urinary retention/ Urinary incontinence","UniMed UniHealth Pharmaceuticals Ltd.","10","10","OTC"
"Algaba 150 mg","Algaba 150 mg","Pregabalin","150 mg","ক্যাপসুল","2 x 10","Adjunct anti-epileptic drugs, Primary anti-epileptic drugs","Al-Madina Pharmaceuticals Ltd.","32","32","OTC"
"Algaba 50 mg","Algaba 50 mg","Pregabalin","50 mg","ক্যাপসুল","3 x 10","Adjunct anti-epileptic drugs, Primary anti-epileptic drugs","Al-Madina Pharmaceuticals Ltd.","12","12","OTC"
"Algaba 75 mg","Algaba 75 mg","Pregabalin","75 mg","ক্যাপসুল","3 x 10","Adjunct anti-epileptic drugs, Primary anti-epileptic drugs","Al-Madina Pharmaceuticals Ltd.","16","16","OTC"
"Algecal C 1000 mg+327 mg (Algae calcium)+500 mg","Algecal C 1000 mg+327 mg (Algae calcium)+500 mg","Calcium Lactate Gluconate + Calcium Carbonate + Vitamin C","1000 mg+327 mg (Algae calcium)+500 mg","Effervescent Tablet","1 x 14","Specific mineral & vitamin combined preparations","Opsonin Pharma Ltd.","12","12","OTC"
"Algecal C Plus 1000 mg+327 mg (Algae calcium)+500 mg+400 IU","Algecal C Plus 1000 mg+327 mg (Algae calcium)+500 mg+400 IU","Calcium Lactate Gluconate + Calcium Carbonate + Vitamin C + Vitamin D3","1000 mg+327 mg (Algae calcium)+500 mg+400 IU","Effervescent Tablet","1 x 14","Specific mineral & vitamin combined preparations","Opsonin Pharma Ltd.","13","13","OTC"
"Algecal D 500 mg+200 IU","Algecal D 500 mg+200 IU","Algae Calcium + Vitamin D3","500 mg+200 IU","ট্যাবলেট","3 x 10","Specific mineral & vitamin combined preparations","Opsonin Pharma Ltd.","11","11","OTC"
"Algecal Dx 600 mg+400 IU","Algecal Dx 600 mg+400 IU","Algae Calcium + Vitamin D3","600 mg+400 IU","ট্যাবলেট","3 x 10","Specific mineral & vitamin combined preparations","Opsonin Pharma Ltd.","16","16","OTC"
"Algecal Jr. 250 mg","Algecal Jr. 250 mg","Algae Calcium","250 mg","Chewable Tablet","5 x 10","","Opsonin Pharma Ltd.","4","4","OTC"
"Algerd (500 mg+100 mg)/5 ml","Algerd (500 mg+100 mg)/5 ml","Sodium Alginate + Potassium Bicarbonate","500 mg+100 mg)/5 ml","Oral Suspension","একক","Antacids","Monicopharma Ltd.","150","150","OTC"
"Algeum-D 500 mg+200 IU","Algeum-D 500 mg+200 IU","Algae Calcium + Vitamin D3","500 mg+200 IU","ট্যাবলেট","3 x 10","Specific mineral & vitamin combined preparations","Radiant Pharmaceuticals Ltd.","10","10","OTC"
"Algeum-DX 600 mg+400 IU","Algeum-DX 600 mg+400 IU","Algae Calcium + Vitamin D3","600 mg+400 IU","ট্যাবলেট","3 x 10","Specific mineral & vitamin combined preparations","Radiant Pharmaceuticals Ltd.","15","15","OTC"
"Algicar Plus (500 mg+267 mg+160 mg)/10 ml","Algicar Plus (500 mg+267 mg+160 mg)/10 ml","Sodium Alginate + Sodium Bicarbonate + Calcium Carbonate","500 mg+267 mg+160 mg)/10 ml","Oral Suspension","একক","Antacids","Techno Drugs Ltd.","250","250","OTC"
"Algicid (500 mg+100 mg)/5 ml","Algicid (500 mg+100 mg)/5 ml","Sodium Alginate + Potassium Bicarbonate","500 mg+100 mg)/5 ml","Oral Suspension","একক","Antacids","Incepta Pharmaceuticals Ltd.","150","150","OTC"
"Algicid 500 mg+100 mg","Algicid 500 mg+100 mg","Sodium Alginate + Potassium Bicarbonate","500 mg+100 mg","Chewable Tablet","10 x 10","Antacids","Incepta Pharmaceuticals Ltd.","5","5","OTC"
"Algicid DX (500 mg+213 mg+325 mg)/10 ml","Algicid DX (500 mg+213 mg+325 mg)/10 ml","Sodium Alginate + Sodium Bicarbonate + Calcium Carbonate","500 mg+213 mg+325 mg)/10 ml","Oral Suspension","10's pack","Antacids","Incepta Pharmaceuticals Ltd.","15","15","OTC"
"Algicid Plus (500 mg+267 mg+160 mg)/10 ml","Algicid Plus (500 mg+267 mg+160 mg)/10 ml","Sodium Alginate + Sodium Bicarbonate + Calcium Carbonate","500 mg+267 mg+160 mg)/10 ml","Oral Suspension","একক","Antacids","Incepta Pharmaceuticals Ltd.","250","250","OTC"
"Algicid Plus 250 mg+133.5 mg+80 mg","Algicid Plus 250 mg+133.5 mg+80 mg","Sodium Alginate + Sodium Bicarbonate + Calcium Carbonate","250 mg+133.5 mg+80 mg","Chewable Tablet","5 x 10","Antacids","Incepta Pharmaceuticals Ltd.","7","7","OTC"
"Algicon (500 mg+100 mg)/5 ml","Algicon (500 mg+100 mg)/5 ml","Sodium Alginate + Potassium Bicarbonate","500 mg+100 mg)/5 ml","Oral Suspension","একক","Antacids","Leon Pharmaceuticals Ltd.","125","125","OTC"
"Algicon 500 mg+100 mg","Algicon 500 mg+100 mg","Sodium Alginate + Potassium Bicarbonate","500 mg+100 mg","Chewable Tablet","100's pack","Antacids","Leon Pharmaceuticals Ltd.","3.01","3.01","OTC"
"Algifast (500 mg+267 mg+160 mg)/10 ml","Algifast (500 mg+267 mg+160 mg)/10 ml","Sodium Alginate + Sodium Bicarbonate + Calcium Carbonate","500 mg+267 mg+160 mg)/10 ml","Oral Suspension","একক","Antacids","Ad-din Pharmaceuticals Ltd.","300","300","OTC"
"Algiflux (500 mg+267 mg+160 mg)/10 ml","Algiflux (500 mg+267 mg+160 mg)/10 ml","Sodium Alginate + Sodium Bicarbonate + Calcium Carbonate","500 mg+267 mg+160 mg)/10 ml","Oral Suspension","একক","Antacids","DBL Pharmaceuticals Ltd.","290","290","OTC"
"Algimax-DX 600 mg+400 IU","Algimax-DX 600 mg+400 IU","Algae Calcium + Vitamin D3","600 mg+400 IU","ট্যাবলেট","6 x 10","Specific mineral & vitamin combined preparations","Biogen Pharmaceuticals Ltd.","15","15","OTC"
"Algin 10 mg/5 ml","Algin 10 mg/5 ml","Tiemonium Methylsulfate","10 mg/5 ml","সিরাপ","একক","Anticholinergics","Renata PLC","55","55","OTC"
"Algin 5 mg/2 ml","Algin 5 mg/2 ml","Tiemonium Methylsulfate","5 mg/2 ml","IM/IV Injection","1 x 5","Anticholinergics","Renata PLC","35","35","OTC"
"Algin 50 mg","Algin 50 mg","Tiemonium Methylsulfate","50 mg","ট্যাবলেট","10 x 10","Anticholinergics","Renata PLC","8.5","8.5","OTC"
"Algirex 120 mg","Algirex 120 mg","Etoricoxib","120 mg","ট্যাবলেট","2 x 10","Non-steroidal Anti-inflammatory Drugs (NSAIDs)","The IBN SINA Pharmaceutical PLC","14.25","14.25","OTC"
"Algirex 60 mg","Algirex 60 mg","Etoricoxib","60 mg","ট্যাবলেট","3 x 10","Non-steroidal Anti-inflammatory Drugs (NSAIDs)","The IBN SINA Pharmaceutical PLC","7","7","OTC"
"Algirex 90 mg","Algirex 90 mg","Etoricoxib","90 mg","ট্যাবলেট","2 x 10","Non-steroidal Anti-inflammatory Drugs (NSAIDs)","The IBN SINA Pharmaceutical PLC","12","12","OTC"
"Algisum (500 mg+100 mg)/5 ml","Algisum (500 mg+100 mg)/5 ml","Sodium Alginate + Potassium Bicarbonate","500 mg+100 mg)/5 ml","Oral Suspension","একক","Antacids","Opsonin Pharma Ltd.","150","150","OTC"
"Algisum 500 mg+100 mg","Algisum 500 mg+100 mg","Sodium Alginate + Potassium Bicarbonate","500 mg+100 mg","Chewable Tablet","5 x 10","Antacids","Opsonin Pharma Ltd.","3.5","3.5","OTC"
"Algisum DX (500 mg+213 mg+325 mg)/10 ml","Algisum DX (500 mg+213 mg+325 mg)/10 ml","Sodium Alginate + Sodium Bicarbonate + Calcium Carbonate","500 mg+213 mg+325 mg)/10 ml","Oral Suspension","একক","Antacids","Opsonin Pharma Ltd.","290","290","OTC"
"Algisum Max (500 mg+267 mg+160 mg)/10 ml","Algisum Max (500 mg+267 mg+160 mg)/10 ml","Sodium Alginate + Sodium Bicarbonate + Calcium Carbonate","500 mg+267 mg+160 mg)/10 ml","Oral Suspension","একক","Antacids","Opsonin Pharma Ltd.","300","300","OTC"
"Algita D 500 mg+200 IU","Algita D 500 mg+200 IU","Algae Calcium + Vitamin D3","500 mg+200 IU","ট্যাবলেট","5 x 10","Specific mineral & vitamin combined preparations","Labaid Pharma Ltd.","11","11","OTC"
"Algita DX 600 mg+400 IU","Algita DX 600 mg+400 IU","Algae Calcium + Vitamin D3","600 mg+400 IU","ট্যাবলেট","3 x 10","Specific mineral & vitamin combined preparations","Labaid Pharma Ltd.","16","16","OTC"
"Algrofin 250 mg","Algrofin 250 mg","Crizotinib","250 mg","ক্যাপসুল","7 x 4","Targeted Cancer Therapy","Genvio Pharma Ltd.","750","750","OTC"
"Alia 5 mg","Alia 5 mg","Allylestrenol","5 mg","ট্যাবলেট","3 x 10","Female Sex hormones","ACME Laboratories Ltd.","9","9","OTC"
"Alice 0.5%","Alice 0.5%","Ivermectin (Topical)","0.5%","লোশন","একক","Miscellaneous topical agents","Square Pharmaceuticals PLC","130","130","OTC"
"Alice 12 mg","Alice 12 mg","Ivermectin (Tablet)","12 mg","ট্যাবলেট","1 x 10","Anthelmintic","Square Pharmaceuticals PLC","20","20","OTC"
"Alice 6 mg","Alice 6 mg","Ivermectin (Tablet)","6 mg","ট্যাবলেট","1 x 10","Anthelmintic","Square Pharmaceuticals PLC","10","10","OTC"
"Alimag 250 mg+400 mg","Alimag 250 mg+400 mg","Aluminium Hydroxide + Magnesium Hydroxide","250 mg+400 mg","Chewable Tablet","20 x 10","Antacids","Asiatic Laboratories Ltd.","0.52","0.52","OTC"
"Alimta 100 mg/4 ml","Alimta 100 mg/4 ml","Pemetrexed","100 mg/4 ml","আইভি ইনফিউশন","একক","Cytotoxic Chemotherapy","Healthcare Pharmaceuticals Ltd.","15500","15500","Rx"
"Alimta 500 mg/20 ml","Alimta 500 mg/20 ml","Pemetrexed","500 mg/20 ml","আইভি ইনফিউশন","একক","Cytotoxic Chemotherapy","Healthcare Pharmaceuticals Ltd.","76000","76000","Rx"
"Alinix 100 mg/5 ml","Alinix 100 mg/5 ml","Nitazoxanide","100 mg/5 ml","পাউডার সাসপেনশন","একক","Anti-diarrhoeal antiprotozoal","Healthcare Pharmaceuticals Ltd.","35","35","OTC"
"Alinix 500 mg","Alinix 500 mg","Nitazoxanide","500 mg","ট্যাবলেট","5 x 6","Anti-diarrhoeal antiprotozoal","Healthcare Pharmaceuticals Ltd.","10","10","OTC"
"Alistin 600 mg/3 ml","Alistin 600 mg/3 ml","Acetylcysteine","600 mg/3 ml","Nebuliser Solution","1 x 5","Antidote preparations, Cough expectorants & mucolytics","Opsonin Pharma Ltd.","30","30","OTC"
"Alistin DT 600 mg","Alistin DT 600 mg","Acetylcysteine","600 mg","Dispersible Tablet","3 x 10","Antidote preparations, Cough expectorants & mucolytics","Opsonin Pharma Ltd.","15","15","OTC"
"Alistin EF 600 mg","Alistin EF 600 mg","Acetylcysteine","600 mg","Effervescent Tablet","1 x 14","Antidote preparations, Cough expectorants & mucolytics","Opsonin Pharma Ltd.","20","20","OTC"
"Alivio 15%+10%","Alivio 15%+10%","Methyl Salicylate + Menthol","15%+10%","ক্রিম","একক","Local Antipruritic, Topical Analgesics, Topical anti-inflammatory preparations","Al-Madina Pharmaceuticals Ltd.","25","25","OTC"
"Alivio Extra 30%+10%+4%","Alivio Extra 30%+10%+4%","Methyl Salicylate + Menthol + Camphor","30%+10%+4%","ক্রিম","একক","Topical anti-inflammatory preparations","Al-Madina Pharmaceuticals Ltd.","95","95","OTC"
"ALK 90 mg","ALK 90 mg","Brigatinib","90 mg","ট্যাবলেট","1 x 7","Cytotoxic Chemotherapy","Jenphar Bangladesh Ltd.","1200","1200","OTC"
"Alkalina 600 mg","Alkalina 600 mg","Sodium Bicarbonate","600 mg","ট্যাবলেট","6 x 10","Intravenous fluid preparations, Urinary Alkalinizing Agent","Radiant Pharmaceuticals Ltd.","7","7","OTC"
"Alkamax (1500 mg+250 mg)/5 ml","Alkamax (1500 mg+250 mg)/5 ml","Potassium Citrate + Citric Acid","1500 mg+250 mg)/5 ml","Oral Solution","একক","Prevention of repeated kidney stone formation, Urinary Alkalinizing Agent","Drug International Ltd.","200","200","OTC"
"Alkamin 2 mg/5 ml","Alkamin 2 mg/5 ml","Chlorpheniramine Maleate","2 mg/5 ml","সিরাপ","একক","Sedating Anti-histamine","Alkad Laboratories","11.11","11.11","OTC"
"Alkanon 500 mg","Alkanon 500 mg","Nabumetone","500 mg","ট্যাবলেট","5 x 6","Drugs for Osteoarthritis, Drugs used for Rheumatoid Arthritis","Renata PLC","15","15","OTC"
"Alkanon 750 mg","Alkanon 750 mg","Nabumetone","750 mg","ট্যাবলেট","4 x 6","Drugs for Osteoarthritis, Drugs used for Rheumatoid Arthritis","Renata PLC","22","22","OTC"
"Alkanon DT 1000 mg","Alkanon DT 1000 mg","Nabumetone","1000 mg","Dispersible Tablet","3 x 4","Drugs for Osteoarthritis, Drugs used for Rheumatoid Arthritis","Renata PLC","30","30","OTC"
"Alkaparol 120 mg/5 ml","Alkaparol 120 mg/5 ml","Paracetamol","120 mg/5 ml","Oral Suspension","একক","Non-Opioid Analgesics","Alkad Laboratories","35","35","OTC"
"Alkatrim (200 mg+40 mg)/5 ml","Alkatrim (200 mg+40 mg)/5 ml","Sulphamethoxazole + Trimethoprim","200 mg+40 mg)/5 ml","Oral Suspension","একক","Anti-diarrhoeal antimicrobial drugs, Other antibacterial preparation","Alkad Laboratories","22","22","OTC"
"Alkazol 200 mg/5 ml","Alkazol 200 mg/5 ml","Metronidazole","200 mg/5 ml","Oral Suspension","একক","Amoebicides, Anti-diarrhoeal antiprotozoal","Alkad Laboratories","24","24","OTC"
"Alken (1500 mg+250 mg)/5 ml","Alken (1500 mg+250 mg)/5 ml","Potassium Citrate + Citric Acid","1500 mg+250 mg)/5 ml","Oral Solution","একক","Prevention of repeated kidney stone formation, Urinary Alkalinizing Agent","Al-Madina Pharmaceuticals Ltd.","100","100","OTC"
"Alkenib 250 mg","Alkenib 250 mg","Lapatinib","250 mg","ট্যাবলেট","1 x 30","Cytotoxic Chemotherapy","Jenphar Bangladesh Ltd.","233","233","OTC"
"Alkixen 250 mg","Alkixen 250 mg","Crizotinib","250 mg","ক্যাপসুল","1 x 30","Targeted Cancer Therapy","Everest Pharmaceuticals Ltd.","350","350","OTC"
"Alkriz 250 mg","Alkriz 250 mg","Crizotinib","250 mg","ক্যাপসুল","7 x 4","Targeted Cancer Therapy","Beacon Pharmaceuticals PLC","750","750","OTC"
"Alkurin (1500 mg+250 mg)/5 ml","Alkurin (1500 mg+250 mg)/5 ml","Potassium Citrate + Citric Acid","1500 mg+250 mg)/5 ml","Oral Solution","একক","Prevention of repeated kidney stone formation, Urinary Alkalinizing Agent","The IBN SINA Pharmaceutical PLC","200","200","OTC"
"Allbeevit (5 mg+2 mg+2 mg+20 mg)/5 ml","Allbeevit (5 mg+2 mg+2 mg+20 mg)/5 ml","Vitamin B complex","5 mg+2 mg+2 mg+20 mg)/5 ml","সিরাপ","একক","Specific combined vitamin preparations","Medimet Pharmaceuticals Ltd.","25","25","OTC"
"Allbeevit (50 mg+5.48 mg+100 mg+5 mg+10 mg)/2 ml","Allbeevit (50 mg+5.48 mg+100 mg+5 mg+10 mg)/2 ml","Vitamin B complex","50 mg+5.48 mg+100 mg+5 mg+10 mg)/2 ml","IM/IV Injection","10's pack","Specific combined vitamin preparations","Medimet Pharmaceuticals Ltd.","8","8","OTC"
"Allbeevit 5 mg+2 mg+2 mg+20 mg","Allbeevit 5 mg+2 mg+2 mg+20 mg","Vitamin B complex","5 mg+2 mg+2 mg+20 mg","ট্যাবলেট","45's pack","Specific combined vitamin preparations","Medimet Pharmaceuticals Ltd.","0.52","0.52","OTC"
"Allbeevit 5 mg+2 mg+2 mg+20 mg","Allbeevit 5 mg+2 mg+2 mg+20 mg","Vitamin B complex","5 mg+2 mg+2 mg+20 mg","ট্যাবলেট","100's pack","Specific combined vitamin preparations","Medimet Pharmaceuticals Ltd.","0.52","0.52","OTC"
"Allbeevit 5 mg+2 mg+2 mg+20 mg","Allbeevit 5 mg+2 mg+2 mg+20 mg","Vitamin B complex","5 mg+2 mg+2 mg+20 mg","ক্যাপসুল","100's pack","Specific combined vitamin preparations","Medimet Pharmaceuticals Ltd.","1","1","OTC"
"Allbeevit-M","Allbeevit-M","Multivitamin & Multimineral","","ট্যাবলেট","24's pack","Multi-vitamin & Multi-mineral combined preparations, Specific mineral & vitamin combined preparations","Medimet Pharmaceuticals Ltd.","1.5","1.5","OTC"
"Alleloc 0.1%","Alleloc 0.1%","Olopatadine Hydrochloride","0.1%","Ophthalmic Solution","একক","Ophthalmic Non-Steroid drugs","Navana Pharmaceuticals Ltd.","100","100","OTC"
"Alleloc DS 0.2%","Alleloc DS 0.2%","Olopatadine Hydrochloride","0.2%","Ophthalmic Solution","একক","Ophthalmic Non-Steroid drugs","Navana Pharmaceuticals Ltd.","175","175","OTC"
"Allercet 10 mg","Allercet 10 mg","Cetirizine Hydrochloride","10 mg","ট্যাবলেট","100's pack","Sedating Anti-histamine","Marksman Pharmaceuticals Ltd.","2.5","2.5","OTC"
"Allercet 5 mg/5 ml","Allercet 5 mg/5 ml","Cetirizine Hydrochloride","5 mg/5 ml","সিরাপ","একক","Sedating Anti-histamine","Marksman Pharmaceuticals Ltd.","14.8","14.8","OTC"
"Allergan 5 mg/5 ml","Allergan 5 mg/5 ml","Promethazine Hydrochloride","5 mg/5 ml","Oral Solution","একক","Anti-emetic drugs, Miscellaneous sedatives & hypnotics, Sedating Anti-histamine","Cipla Limited","24","24","OTC"
"Allerkit 1 mg/5 ml","Allerkit 1 mg/5 ml","Ketotifen Fumarate (Oral)","1 mg/5 ml","সিরাপ","একক","Cromoglycate & related drugs","Monicopharma Ltd.","40","40","OTC"
"Allerkit-E 0.025%","Allerkit-E 0.025%","Ketotifen Fumarate (Ophthalmic)","0.025%","Ophthalmic Solution","একক","Ophthalmic Non-Steroid drugs","Monicopharma Ltd.","95.36","95.36","OTC"
"Allernil 10 mg","Allernil 10 mg","Cetirizine Hydrochloride","10 mg","ট্যাবলেট","100's pack","Sedating Anti-histamine","Kemiko Pharmaceuticals Ltd.","2.51","2.51","OTC"
"Allernil 5 mg/5 ml","Allernil 5 mg/5 ml","Cetirizine Hydrochloride","5 mg/5 ml","সিরাপ","একক","Sedating Anti-histamine","Kemiko Pharmaceuticals Ltd.","25","25","OTC"
"Allertin 12.5 mg/5 ml","Allertin 12.5 mg/5 ml","Bilastine","12.5 mg/5 ml","Oral Solution","একক","Non-sedating antihistamines","Navana Pharmaceuticals Ltd.","120","120","OTC"
"Allertin 20 mg","Allertin 20 mg","Bilastine","20 mg","ট্যাবলেট","3 x 10","Non-sedating antihistamines","Navana Pharmaceuticals Ltd.","15","15","OTC"
"Allertin ODT 10 mg","Allertin ODT 10 mg","Bilastine","10 mg","Dispersible Tablet","3 x 10","Non-sedating antihistamines","Navana Pharmaceuticals Ltd.","13","13","OTC"
"Allet 0.1%","Allet 0.1%","Olopatadine Hydrochloride","0.1%","Ophthalmic Solution","একক","Ophthalmic Non-Steroid drugs","Healthcare Pharmaceuticals Ltd.","110","110","OTC"
"Allet DS 0.2%","Allet DS 0.2%","Olopatadine Hydrochloride","0.2%","Ophthalmic Solution","একক","Ophthalmic Non-Steroid drugs","Healthcare Pharmaceuticals Ltd.","180","180","OTC"
"Allet Max 0.7%","Allet Max 0.7%","Olopatadine Hydrochloride","0.7%","Ophthalmic Solution","একক","Ophthalmic Non-Steroid drugs","Healthcare Pharmaceuticals Ltd.","250","250","OTC"
"Allion Gold","Allion Gold","Multivitamin & Multimineral [A-Z gold preparation]","","ট্যাবলেট","1 x 30","Multi-vitamin & Multi-mineral combined preparations","Beacon Pharmaceuticals PLC","12","12","OTC"
"Allion Silver","Allion Silver","Multivitamin & Multimineral [A-Z silver preparation]","","ট্যাবলেট","1 x 30","Multi-vitamin & Multi-mineral combined preparations","Beacon Pharmaceuticals PLC","12","12","OTC"
"Allphen 5 mg/5 ml","Allphen 5 mg/5 ml","Promethazine Hydrochloride","5 mg/5 ml","Oral Solution","একক","Anti-emetic drugs, Miscellaneous sedatives & hypnotics, Sedating Anti-histamine","Medimet Pharmaceuticals Ltd.","24","24","OTC"
"AllStar","AllStar","Insulin device & needle","","Insulin Device","একক","","Synovia Pharma PLC.","1240","1240","OTC"
"Allygest 5 mg","Allygest 5 mg","Allylestrenol","5 mg","ট্যাবলেট","3 x 10","Female Sex hormones","Nuvista Pharma Ltd.","8","8","OTC"
"Allynol 5 mg","Allynol 5 mg","Allylestrenol","5 mg","ট্যাবলেট","3 x 15","Female Sex hormones","Popular Pharmaceuticals Ltd.","8","8","OTC"
"Almasil MS (400 mg+400 mg+30 mg)/5 ml","Almasil MS (400 mg+400 mg+30 mg)/5 ml","Aluminium Hydroxide + Magnesium Hydroxide + Simethicone","400 mg+400 mg+30 mg)/5 ml","Oral Suspension","একক","Antacids","United Pharmaceuticals Ltd.","55","55","OTC"
"Almasil MS 400 mg+400 mg+30 mg","Almasil MS 400 mg+400 mg+30 mg","Aluminium Hydroxide + Magnesium Hydroxide + Simethicone","400 mg+400 mg+30 mg","Chewable Tablet","25 x 10","Antacids","United Pharmaceuticals Ltd.","0.75","0.75","OTC"
"Almex 200 mg/5 ml","Almex 200 mg/5 ml","Albendazole","200 mg/5 ml","Oral Suspension","একক","Anthelmintic","Square Pharmaceuticals PLC","23","23","OTC"
"Almex 400 mg","Almex 400 mg","Albendazole","400 mg","Chewable Tablet","12 x 4","Anthelmintic","Square Pharmaceuticals PLC","5.02","5.02","OTC"
"Almigut 10 mg","Almigut 10 mg","Domperidone Maleate","10 mg","ট্যাবলেট","10 x 10","Motility Stimulants, Motility stimulants/Dopamine antagonist, Prokinetic drugs","Al-Madina Pharmaceuticals Ltd.","3","3","OTC"
"Almin 200 mg/5 ml","Almin 200 mg/5 ml","Albendazole","200 mg/5 ml","Oral Suspension","একক","Anthelmintic","Kumudini Pharma Ltd.","15","15","OTC"
"Almin 400 mg","Almin 400 mg","Albendazole","400 mg","Chewable Tablet","25 x 2","Anthelmintic","Kumudini Pharma Ltd.","4","4","OTC"
"Almitan 6.25 mg","Almitan 6.25 mg","Almotriptan","6.25 mg","ট্যাবলেট","1 x 4","5-HT Agonists","Opsonin Pharma Ltd.","25","25","OTC"
"Almovate 0.05%","Almovate 0.05%","Clobetasol Propionate","0.05%","অয়েন্টমেন্ট","একক","Other Topical corticosteroids","Albion Laboratories Limited","55","55","OTC"
"Almoxil 125 mg/5 ml","Almoxil 125 mg/5 ml","Amoxicillin Trihydrate","125 mg/5 ml","পাউডার সাসপেনশন","একক","Broad spectrum penicillins","Aexim Pharmaceuticals Ltd.","45","45","OTC"
"Almoxil 250 mg","Almoxil 250 mg","Amoxicillin Trihydrate","250 mg","ক্যাপসুল","10 x 10","Broad spectrum penicillins","Aexim Pharmaceuticals Ltd.","3.3","3.3","OTC"
"Almoxil 500 mg","Almoxil 500 mg","Amoxicillin Trihydrate","500 mg","ক্যাপসুল","5 x 10","Broad spectrum penicillins","Aexim Pharmaceuticals Ltd.","6.6","6.6","OTC"
"Alneed","Alneed","Iron + Folic acid + Vitamin B complex + Vitamin C","","ক্যাপসুল","10 x 10","Iron & Vitamin Combined preparations","Incepta Pharmaceuticals Ltd.","3","3","OTC"
"Alneed Gold","Alneed Gold","Iron Polymaltose Complex + Folic Acid + Zinc + Vitamin B-Complex","","ক্যাপসুল","5 x 10","Iron & Vitamin Combined preparations","Incepta Pharmaceuticals Ltd.","6","6","OTC"
"Alneed Plus","Alneed Plus","Iron + Folic Acid + Vitamin B Complex + Vitamine C + Zinc Sulfate","","ক্যাপসুল","10 x 10","Iron & Vitamin Combined preparations","Incepta Pharmaceuticals Ltd.","3.5","3.5","OTC"
"Alodia 12.5 mg","Alodia 12.5 mg","Alogliptin Benzoate","12.5 mg","ট্যাবলেট","3 x 10","Dipeptidyl Peptidase-4 (DPP-4) inhibitor","ACME Laboratories Ltd.","12","12","OTC"
"Alodia 25 mg","Alodia 25 mg","Alogliptin Benzoate","25 mg","ট্যাবলেট","3 x 10","Dipeptidyl Peptidase-4 (DPP-4) inhibitor","ACME Laboratories Ltd.","22","22","OTC"
"Alofen 100 mg","Alofen 100 mg","Aceclofenac","100 mg","ট্যাবলেট","10 x 10","Drugs for Osteoarthritis, Drugs used for Rheumatoid Arthritis, Non-steroidal Anti-inflammatory Drugs (NSAIDs)","Avarox Pharmaceuticals Ltd.","5","5","OTC"
"Aloglip 12.5 mg","Aloglip 12.5 mg","Alogliptin Benzoate","12.5 mg","ট্যাবলেট","3 x 10","Dipeptidyl Peptidase-4 (DPP-4) inhibitor","Navana Pharmaceuticals Ltd.","12","12","OTC"
"Aloglip 25 mg","Aloglip 25 mg","Alogliptin Benzoate","25 mg","ট্যাবলেট","3 x 10","Dipeptidyl Peptidase-4 (DPP-4) inhibitor","Navana Pharmaceuticals Ltd.","22","22","OTC"
"Aloglip 6.25 mg","Aloglip 6.25 mg","Alogliptin Benzoate","6.25 mg","ট্যাবলেট","3 x 10","Dipeptidyl Peptidase-4 (DPP-4) inhibitor","Navana Pharmaceuticals Ltd.","8","8","OTC"
"Alona 100 mg","Alona 100 mg","Aceclofenac","100 mg","ট্যাবলেট","50's pack","Drugs for Osteoarthritis, Drugs used for Rheumatoid Arthritis, Non-steroidal Anti-inflammatory Drugs (NSAIDs)","Kemiko Pharmaceuticals Ltd.","4.01","4.01","OTC"
"Alopin 5 mg","Alopin 5 mg","Amlodipine Besilate","5 mg","ট্যাবলেট","5 x 10","Calcium-channel blockers","Silco Pharmaceutical Ltd.","4","4","OTC"
"Aloran 5 mg","Aloran 5 mg","Desloratadine","5 mg","ট্যাবলেট","5 x 10","Non-sedating antihistamines","Alco Pharma Ltd.","2.51","2.51","OTC"
"Aloten 5 mg+25 mg","Aloten 5 mg+25 mg","Amlodipine Besilate + Atenolol","5 mg+25 mg","ট্যাবলেট","5 x 10","Combined antihypertensive preparations","Kemiko Pharmaceuticals Ltd.","4.24","4.24","OTC"
"Aloten Forte 5 mg+50 mg","Aloten Forte 5 mg+50 mg","Amlodipine Besilate + Atenolol","5 mg+50 mg","ট্যাবলেট","5 x 10","Combined antihypertensive preparations","Kemiko Pharmaceuticals Ltd.","4.51","4.51","OTC"
"Alovit BZ","Alovit BZ","Vitamin B Complex + Zinc","","ট্যাবলেট","1 x 30","Specific mineral & vitamin combined preparations","Al-Madina Pharmaceuticals Ltd.","2.5","2.5","OTC"
"Alovit Gold","Alovit Gold","Multivitamin & Multimineral [A-Z gold preparation]","","ট্যাবলেট","3 x 10","Multi-vitamin & Multi-mineral combined preparations","Al-Madina Pharmaceuticals Ltd.","9.5","9.5","OTC"
"Alpa Extra 500 mg+65 mg","Alpa Extra 500 mg+65 mg","Paracetamol + Caffeine","500 mg+65 mg","ট্যাবলেট","10 x 10","Non-Opioid Analgesics","Albion Specialized Pharma Limited","2.5","2.5","OTC"
"Alpam 0.25 mg","Alpam 0.25 mg","Alprazolam","0.25 mg","ট্যাবলেট","10 x 10","Benzodiazepine sedatives","Asiatic Laboratories Ltd.","1","1","OTC"
"Alpam 0.5 mg","Alpam 0.5 mg","Alprazolam","0.5 mg","ট্যাবলেট","5 x 10","Benzodiazepine sedatives","Asiatic Laboratories Ltd.","2","2","OTC"
"Alpatin 0.05%","Alpatin 0.05%","Epinastine Hydrochloride","0.05%","Ophthalmic Solution","একক","Ophthalmic Non-Steroid drugs","Beximco Pharmaceuticals Ltd.","150","150","OTC"
"Alpesib 150 mg","Alpesib 150 mg","Alpelisib","150 mg","ট্যাবলেট","1 x 28","Cytotoxic Chemotherapy","Everest Pharmaceuticals Ltd.","1500","1500","OTC"
"Alphagan P 0.15%","Alphagan P 0.15%","Brimonidine Tartrate","0.15%","Ophthalmic Solution","একক","Drugs for miotics and glaucoma","Eskayef Pharmaceuticals Ltd.","664","664","OTC"
"Alphalok 1 mg","Alphalok 1 mg","Prazosin Hydrochloride","1 mg","ট্যাবলেট","3 x 14","Alpha adrenoceptor blocking drugs","Opsonin Pharma Ltd.","4","4","OTC"
"Alphalok 2 mg","Alphalok 2 mg","Prazosin Hydrochloride","2 mg","ট্যাবলেট","3 x 14","Alpha adrenoceptor blocking drugs","Opsonin Pharma Ltd.","6","6","OTC"
"Alphalok XR 2.5 mg","Alphalok XR 2.5 mg","Prazosin Hydrochloride","2.5 mg","Tablet (Extended Release)","2 x 14","Alpha adrenoceptor blocking drugs","Opsonin Pharma Ltd.","10","10","OTC"
"Alphalok XR 5 mg","Alphalok XR 5 mg","Prazosin Hydrochloride","5 mg","Tablet (Extended Release)","2 x 14","Alpha adrenoceptor blocking drugs","Opsonin Pharma Ltd.","15","15","OTC"
"Alphanate 250 IU/vial","Alphanate 250 IU/vial","Alphanate","250 IU/vial","আইভি ইনফিউশন","একক","Haemostatics","Grifols Biologicals LLC","9500","9500","Rx"
"Alphanate 250 IU/vial","Alphanate 250 IU/vial","Antihemophilic Factor [Factor VIII]","250 IU/vial","ইনজেকশন","একক","Antihaemophilic factor","Grifols Biologicals LLC","9900","9900","Rx"
"Alphapress 1 mg","Alphapress 1 mg","Prazosin Hydrochloride","1 mg","ট্যাবলেট","10 x 10","Alpha adrenoceptor blocking drugs","Renata PLC","4","4","OTC"
"Alphapress 2 mg","Alphapress 2 mg","Prazosin Hydrochloride","2 mg","ট্যাবলেট","10 x 10","Alpha adrenoceptor blocking drugs","Renata PLC","6","6","OTC"
"Alphapress XR 2.5 mg","Alphapress XR 2.5 mg","Prazosin Hydrochloride","2.5 mg","Tablet (Extended Release)","3 x 10","Alpha adrenoceptor blocking drugs","Renata PLC","12","12","OTC"
"Alphapress XR 5 mg","Alphapress XR 5 mg","Prazosin Hydrochloride","5 mg","Tablet (Extended Release)","3 x 10","Alpha adrenoceptor blocking drugs","Renata PLC","17","17","OTC"
"Alphedin 120 mg","Alphedin 120 mg","Fexofenadine Hydrochloride","120 mg","ট্যাবলেট","5 x 10","Non-sedating antihistamines","Doctor’s Chemical Works Ltd.","7","7","OTC"
"Alphin DS 400 mg","Alphin DS 400 mg","Albendazole","400 mg","Chewable Tablet","50 x 1","Anthelmintic","Beximco Pharmaceuticals Ltd.","5","5","OTC"
"ALPK2 (Original) Manual blood pressure monitor","ALPK2 (Original) Manual blood pressure monitor","BP monitoring device","","BP Monitor Device","একক","","Tanaka Sangyo Co. Ltd.","4000","4000","OTC"
"ALPK2 (V500) Manual blood pressure monitor","ALPK2 (V500) Manual blood pressure monitor","BP monitoring device","","BP Monitor Device","একক","","Tanaka Sangyo Co. Ltd.","2200","2200","OTC"
"Alprax 0.25 mg","Alprax 0.25 mg","Alprazolam","0.25 mg","ট্যাবলেট","5 x 10","Benzodiazepine sedatives","Opsonin Pharma Ltd.","1.5","1.5","OTC"
"Alprax 0.5 mg","Alprax 0.5 mg","Alprazolam","0.5 mg","ট্যাবলেট","5 x 10","Benzodiazepine sedatives","Opsonin Pharma Ltd.","3","3","OTC"
"Alprax XR 1 mg","Alprax XR 1 mg","Alprazolam","1 mg","Tablet (Extended Release)","3 x 10","Benzodiazepine sedatives","Opsonin Pharma Ltd.","4.02","4.02","OTC"
"Alprax XR 2 mg","Alprax XR 2 mg","Alprazolam","2 mg","Tablet (Extended Release)","3 x 10","Benzodiazepine sedatives","Opsonin Pharma Ltd.","8.03","8.03","OTC"
"Alprazol 0.25 mg","Alprazol 0.25 mg","Alprazolam","0.25 mg","ট্যাবলেট","3 x 10","Benzodiazepine sedatives","Albion Laboratories Limited","1.5","1.5","OTC"
"Alprazol 0.5 mg","Alprazol 0.5 mg","Alprazolam","0.5 mg","ট্যাবলেট","3 x 10","Benzodiazepine sedatives","Albion Laboratories Limited","2","2","OTC"
"Alpro 400 mg","Alpro 400 mg","Albendazole","400 mg","Chewable Tablet","30's pack","Anthelmintic","Pharmadesh Laboratories Ltd.","4","4","OTC"
"Altadin 0.25%","Altadin 0.25%","Alcaftadine","0.25%","Ophthalmic Solution","একক","Ophthalmic Anti-allergic preparations","Eskayef Pharmaceuticals Ltd.","400","400","OTC"
"Alterin 50 mg","Alterin 50 mg","Diclofenac Sodium","50 mg","ট্যাবলেট","10 x 10","Drugs for Osteoarthritis, Drugs used for Rheumatoid Arthritis, Non-steroidal Anti-inflammatory Drugs (NSAIDs)","Euro Pharma Ltd.","1","1","OTC"
"Alterin TR 100 mg","Alterin TR 100 mg","Diclofenac Sodium","100 mg","Capsule (Timed Release)","5 x 10","Drugs for Osteoarthritis, Drugs used for Rheumatoid Arthritis, Non-steroidal Anti-inflammatory Drugs (NSAIDs)","Euro Pharma Ltd.","3","3","OTC"
"Altina 250 mg","Altina 250 mg","Lapatinib","250 mg","ট্যাবলেট","3 x 10","Cytotoxic Chemotherapy","Healthcare Pharmaceuticals Ltd.","350","350","OTC"
"Alton 20 mg","Alton 20 mg","Esomeprazole","20 mg","Tablet (Enteric Coated)","3 x 10","","General Pharmaceuticals Ltd.","7","7","OTC"
"Alton 40 mg","Alton 40 mg","Esomeprazole","40 mg","Tablet (Enteric Coated)","3 x 10","","General Pharmaceuticals Ltd.","8.03","8.03","OTC"
"Alton 40 mg/vial","Alton 40 mg/vial","Esomeprazole","40 mg/vial","IV Injection","একক","","General Pharmaceuticals Ltd.","100","100","OTC"
"Altorec 10 mg","Altorec 10 mg","Ketorolac Tromethamine","10 mg","ট্যাবলেট","একক","Drugs used for Rheumatoid Arthritis, Non-Opioid Analgesics","Allied Pharmaceuticals Ltd.","10","10","OTC"
"Altovas 10 mg","Altovas 10 mg","Atorvastatin Calcium","10 mg","ট্যাবলেট","3 x 10","Other Anti-anginal & Anti-ischaemic drugs, Statins","Albion Laboratories Limited","10","10","OTC"
"Altovas 20 mg","Altovas 20 mg","Atorvastatin Calcium","20 mg","ট্যাবলেট","3 x 10","Other Anti-anginal & Anti-ischaemic drugs, Statins","Albion Laboratories Limited","18","18","OTC"
"Altrax 40 mg/5 ml","Altrax 40 mg/5 ml","Levamisole Hydrochloride","40 mg/5 ml","সিরাপ","একক","Anthelmintic","Alkad Laboratories","15","15","OTC"
"Altrip 6.25 mg","Altrip 6.25 mg","Almotriptan","6.25 mg","ট্যাবলেট","1 x 10","5-HT Agonists","NIPRO JMI Pharma Ltd.","25.08","25.08","OTC"
"Altrum Gold","Altrum Gold","Multivitamin & Multimineral [A-Z gold preparation]","","ট্যাবলেট","1 x 15","Multi-vitamin & Multi-mineral combined preparations","Ziska Pharmaceuticals Ltd.","7","7","OTC"
"Altrum Silver","Altrum Silver","Multivitamin & Multimineral [A-Z silver preparation]","","ট্যাবলেট","1 x 15","Multi-vitamin & Multi-mineral combined preparations","Ziska Pharmaceuticals Ltd.","7","7","OTC"
"Alucil-S (400 mg+400 mg+30 mg)/5 ml","Alucil-S (400 mg+400 mg+30 mg)/5 ml","Aluminium Hydroxide + Magnesium Hydroxide + Simethicone","400 mg+400 mg+30 mg)/5 ml","Oral Suspension","একক","Antacids","Opsonin Pharma Ltd.","80","80","OTC"
"Alucil-S 400 mg+400 mg+30 mg","Alucil-S 400 mg+400 mg+30 mg","Aluminium Hydroxide + Magnesium Hydroxide + Simethicone","400 mg+400 mg+30 mg","Chewable Tablet","10 x 10","Antacids","Opsonin Pharma Ltd.","2","2","OTC"
"Aluctin 30 mg","Aluctin 30 mg","Flurazepam","30 mg","ক্যাপসুল","10 x 10","Benzodiazepine hypnotics","Ambee Pharmaceuticals Ltd.","6","6","OTC"
"Aluric 100 mg","Aluric 100 mg","Allopurinol","100 mg","ট্যাবলেট","100's pack","Drugs used in Gout","Sonear Laboratories Ltd.","4.1","4.1","OTC"
"Alurol 100 mg","Alurol 100 mg","Allopurinol","100 mg","ট্যাবলেট","10 x 10","Drugs used in Gout","Incepta Pharmaceuticals Ltd.","4","4","OTC"
"Alve 60 mg","Alve 60 mg","Alverine Citrate","60 mg","ট্যাবলেট","5 x 10","Anticholinergics","Orion Pharma Ltd.","5.01","5.01","OTC"
"Alvenor 450 mg+50 mg","Alvenor 450 mg+50 mg","Diosmin + Hesperidin","450 mg+50 mg","ট্যাবলেট","3 x 10","Phlebotonic & Vascular protecting preparation","Beacon Pharmaceuticals PLC","13","13","OTC"
"Alvenor 900 mg+100 mg","Alvenor 900 mg+100 mg","Diosmin + Hesperidin","900 mg+100 mg","ট্যাবলেট","3 x 10","Phlebotonic & Vascular protecting preparation","Beacon Pharmaceuticals PLC","23","23","OTC"
"Alveofact 45 mg/ml","Alveofact 45 mg/ml","Phospholipids","45 mg/ml","Intratracheal Suspension","একক","Cholagogues, Cholelitholytics & Hepatic Protectors, Pulmonary surfactants","ZAS Corporation","27000","27000","OTC"
"Alverate 60 mg","Alverate 60 mg","Alverine Citrate","60 mg","ট্যাবলেট","5 x 10","Anticholinergics","The IBN SINA Pharmaceutical PLC","5","5","OTC"
"Alverin 60 mg","Alverin 60 mg","Alverine Citrate","60 mg","ট্যাবলেট","3 x 10","Anticholinergics","Rangs Pharmaceuticals Ltd.","5.02","5.02","OTC"
"Alvit C 100 mg/5 ml","Alvit C 100 mg/5 ml","Vitamin C [Ascorbic acid]","100 mg/5 ml","সিরাপ","একক","Vitamin-C Preparations","Albion Laboratories Limited","40","40","OTC"
"Alvit Gold","Alvit Gold","Multivitamin & Multimineral [A-Z gold preparation]","","ট্যাবলেট","5 x 6","Multi-vitamin & Multi-mineral combined preparations","Albion Laboratories Limited","9.6","9.6","OTC"
"Alvit Gold","Alvit Gold","Multivitamin & Multimineral [A-Z gold preparation]","","সিরাপ","একক","Multi-vitamin & Multi-mineral combined preparations","Albion Laboratories Limited","85","85","OTC"
"Alvit-B Gold","Alvit-B Gold","Vitamin B complex + Vitamin C","","ক্যাপসুল","10 x 6","Specific combined vitamin preparations","Albion Laboratories Limited","3.62","3.62","OTC"
"Alvit-Z","Alvit-Z","Vitamin B Complex + Zinc","","সিরাপ","একক","Specific mineral & vitamin combined preparations","Albion Laboratories Limited","50","50","OTC"
"Alvita 100 mg+200 mg+200 mcg","Alvita 100 mg+200 mg+200 mcg","Vitamin B1, B6 & B12","100 mg+200 mg+200 mcg","ট্যাবলেট","3 x 10","Specific combined vitamin preparations","Albion Laboratories Limited","7","7","OTC"
"Alvital","Alvital","Super antioxidant [vitamins & minerals]","","ট্যাবলেট","1 x 30","Multi-vitamin & Multi-mineral combined preparations","Silva Pharmaceuticals Ltd.","4.02","4.02","OTC"
"Alvolex 2 mg/5 ml","Alvolex 2 mg/5 ml","Salbutamol","2 mg/5 ml","সিরাপ","একক","Short-acting selective & β2-adrenoceptor stimulants","Silva Pharmaceuticals Ltd.","16.06","16.06","OTC"
"Alvonib 80 mg","Alvonib 80 mg","Osimertinib","80 mg","ট্যাবলেট","1 x 10","Cytotoxic Chemotherapy","Pharmacil Limited","500","500","OTC"
"Alytus 600 mg","Alytus 600 mg","Acetylcysteine","600 mg","Effervescent Tablet","1 x 10","Antidote preparations, Cough expectorants & mucolytics","Healthcare Pharmaceuticals Ltd.","20","20","OTC"
"Alzacare 14 mg+10 mg","Alzacare 14 mg+10 mg","Memantine + Donepezil","14 mg+10 mg","Capsule (Extended Release)","3 x 6","Anti-Alzheimer drugs","Renata PLC","25","25","OTC"
"Alzacare 21 mg+10 mg","Alzacare 21 mg+10 mg","Memantine + Donepezil","21 mg+10 mg","Capsule (Extended Release)","3 x 6","Anti-Alzheimer drugs","Renata PLC","30","30","OTC"
"Alzacare 28 mg+10 mg","Alzacare 28 mg+10 mg","Memantine + Donepezil","28 mg+10 mg","Capsule (Extended Release)","3 x 6","Anti-Alzheimer drugs","Renata PLC","35","35","OTC"
"Alzacare 7 mg+10 mg","Alzacare 7 mg+10 mg","Memantine + Donepezil","7 mg+10 mg","Capsule (Extended Release)","3 x 6","Anti-Alzheimer drugs","Renata PLC","20","20","OTC"
"Alzed 400 mg","Alzed 400 mg","Albendazole","400 mg","Chewable Tablet","5 x 4","Anthelmintic","General Pharmaceuticals Ltd.","3.32","3.32","OTC"
"Alzema 0.1%+1%+2%","Alzema 0.1%+1%+2%","Dithranol + Boric Acid + Salicylic Acid","0.1%+1%+2%","অয়েন্টমেন্ট","একক","Dithranol & combined preparations","Albion Laboratories Limited","35","35","OTC"
"Alzolam 0.25 mg","Alzolam 0.25 mg","Alprazolam","0.25 mg","ট্যাবলেট","10 x 10","Benzodiazepine sedatives","Sun Pharmaceutical (Bangladesh) Ltd.","1.5","1.5","OTC"
"Alzolam 0.5 mg","Alzolam 0.5 mg","Alprazolam","0.5 mg","ট্যাবলেট","10 x 10","Benzodiazepine sedatives","Sun Pharmaceutical (Bangladesh) Ltd.","3","3","OTC"
"Alzolux DS 400 mg","Alzolux DS 400 mg","Albendazole","400 mg","Chewable Tablet","25 x 2","Anthelmintic","Pharmik Laboratories Ltd.","4.5","4.5","OTC"
"AM 200 mg/5 ml","AM 200 mg/5 ml","Azithromycin Dihydrate","200 mg/5 ml","পাউডার সাসপেনশন","একক","Macrolides","Reliance Pharmaceuticals Ltd.","130","130","OTC"
"AM 500 mg","AM 500 mg","Azithromycin Dihydrate","500 mg","ট্যাবলেট","10's pack","Macrolides","Reliance Pharmaceuticals Ltd.","30","30","OTC"
"Amantril 100 mg","Amantril 100 mg","Amantadine Hydrochloride","100 mg","ক্যাপসুল","3 x 10","Respiratory viral infections (Influenza)","ACI Limited","10","10","OTC"
"Amarin 15 mg/5 ml","Amarin 15 mg/5 ml","Pheniramine Maleate","15 mg/5 ml","সিরাপ","একক","Sedating Anti-histamine","Opsonin Pharma Ltd.","20","20","OTC"
"Amarin 22.7 mg","Amarin 22.7 mg","Pheniramine Maleate","22.7 mg","ট্যাবলেট","10 x 10","Sedating Anti-histamine","Opsonin Pharma Ltd.","0.47","0.47","OTC"
"Amarin 45.5 mg/2 ml","Amarin 45.5 mg/2 ml","Pheniramine Maleate","45.5 mg/2 ml","IM/IV Injection","5 x 5","Sedating Anti-histamine","Opsonin Pharma Ltd.","7.48","7.48","OTC"
"Amaryl 1 mg","Amaryl 1 mg","Glimepiride","1 mg","ট্যাবলেট","4 x 15","Sulfonylureas","Synovia Pharma PLC.","6.92","6.92","OTC"
"Amaryl 2 mg","Amaryl 2 mg","Glimepiride","2 mg","ট্যাবলেট","3 x 15","Sulfonylureas","Synovia Pharma PLC.","12.94","12.94","OTC"
"Amaryl 3 mg","Amaryl 3 mg","Glimepiride","3 mg","ট্যাবলেট","2 x 15","Sulfonylureas","Synovia Pharma PLC.","16.55","16.55","OTC"
"Amaryl 4 mg","Amaryl 4 mg","Glimepiride","4 mg","ট্যাবলেট","2 x 15","Sulfonylureas","Synovia Pharma PLC.","21.06","21.06","OTC"
"Amaryl M 1 mg+500 mg","Amaryl M 1 mg+500 mg","Glimepiride + Metformin","1 mg+500 mg","Tablet (Prolonged Release)","3 x 10","Combination Oral hypoglycemic preparations","Synovia Pharma PLC.","12","12","OTC"
"Amaryl M 2 mg+500 mg","Amaryl M 2 mg+500 mg","Glimepiride + Metformin","2 mg+500 mg","Tablet (Prolonged Release)","3 x 10","Combination Oral hypoglycemic preparations","Synovia Pharma PLC.","18","18","OTC"
"Amason 0.5 mg","Amason 0.5 mg","Dexamethasone","0.5 mg","ট্যাবলেট","10 x 10","","Ambee Pharmaceuticals Ltd.","1","1","OTC"
"Ambeecal 500 mg","Ambeecal 500 mg","Calcium Carbonate","500 mg","ট্যাবলেট","5 x 10","Minerals in bone formation, Specific mineral preparations","Ambee Pharmaceuticals Ltd.","2.01","2.01","OTC"
"Ambeecal-D 500 mg+200 IU","Ambeecal-D 500 mg+200 IU","Conventional Calcium + Vitamin D3","500 mg+200 IU","ট্যাবলেট","1 x 15","Specific mineral & vitamin combined preparations","Ambee Pharmaceuticals Ltd.","3.31","3.31","OTC"
"Ambeeclox 500 mg","Ambeeclox 500 mg","Cloxacillin Sodium","500 mg","ক্যাপসুল","10 x 10","Narrow spectrum penicillin","Ambee Pharmaceuticals Ltd.","5.96","5.96","OTC"
"Ambeet 15 mg/5 ml","Ambeet 15 mg/5 ml","Ambroxol Hydrochloride","15 mg/5 ml","সিরাপ","একক","Cough expectorants & mucolytics","Ethical Drugs Limited","40","40","OTC"
"Ambeet 75 mg","Ambeet 75 mg","Ambroxol Hydrochloride","75 mg","Capsule (Sustained Release)","5 x 6","Cough expectorants & mucolytics","Ethical Drugs Limited","5","5","OTC"
"Ambeexin 125 mg/1.25 ml","Ambeexin 125 mg/1.25 ml","Amoxicillin Trihydrate","125 mg/1.25 ml","Pediatric Drops","একক","Broad spectrum penicillins","Ambee Pharmaceuticals Ltd.","28.42","28.42","OTC"
"Ambeexin 125 mg/5 ml","Ambeexin 125 mg/5 ml","Amoxicillin Trihydrate","125 mg/5 ml","পাউডার সাসপেনশন","একক","Broad spectrum penicillins","Ambee Pharmaceuticals Ltd.","46.55","46.55","OTC"
"Ambeexin 250 mg","Ambeexin 250 mg","Amoxicillin Trihydrate","250 mg","ক্যাপসুল","10 x 10","Broad spectrum penicillins","Ambee Pharmaceuticals Ltd.","3.55","3.55","OTC"
"Amber 10 mg","Amber 10 mg","Rosuvastatin Calcium","10 mg","ট্যাবলেট","3 x 10","Other Anti-anginal & Anti-ischaemic drugs, Statins","Desh Pharmaceuticals Ltd.","20","20","OTC"
"Amber 5 mg","Amber 5 mg","Rosuvastatin Calcium","5 mg","ট্যাবলেট","3 x 10","Other Anti-anginal & Anti-ischaemic drugs, Statins","Desh Pharmaceuticals Ltd.","10","10","OTC"
"Ambfex 120 mg","Ambfex 120 mg","Fexofenadine Hydrochloride","120 mg","ট্যাবলেট","3 x 10","Non-sedating antihistamines","Ambee Pharmaceuticals Ltd.","8","8","OTC"
"Ambfex 180 mg","Ambfex 180 mg","Fexofenadine Hydrochloride","180 mg","ট্যাবলেট","3 x 10","Non-sedating antihistamines","Ambee Pharmaceuticals Ltd.","9","9","OTC"
"Ambix 15 mg/5 ml","Ambix 15 mg/5 ml","Ambroxol Hydrochloride","15 mg/5 ml","সিরাপ","একক","Cough expectorants & mucolytics","Modern Pharmaceuticals Ltd.","40","40","OTC"
"Ambkust 10 mg","Ambkust 10 mg","Montelukast Sodium","10 mg","ট্যাবলেট","3 x 10","Leukotriene receptor antagonists","Ambee Pharmaceuticals Ltd.","14","14","OTC"
"Ambocus 15 mg/5 ml","Ambocus 15 mg/5 ml","Ambroxol Hydrochloride","15 mg/5 ml","সিরাপ","একক","Cough expectorants & mucolytics","OSL Pharma Limited","50","50","OTC"
"Ambocus 6 mg/ml","Ambocus 6 mg/ml","Ambroxol Hydrochloride","6 mg/ml","Pediatric Drops","একক","Cough expectorants & mucolytics","OSL Pharma Limited","35","35","OTC"
"Ambokof 15 mg/5 ml","Ambokof 15 mg/5 ml","Ambroxol Hydrochloride","15 mg/5 ml","সিরাপ","একক","Cough expectorants & mucolytics","Novelta Bestway Pharma Ltd.","40","40","OTC"
"Ambokof 6 mg/ml","Ambokof 6 mg/ml","Ambroxol Hydrochloride","6 mg/ml","Pediatric Drops","একক","Cough expectorants & mucolytics","Novelta Bestway Pharma Ltd.","30","30","OTC"
"Ambolin 15 mg/5 ml","Ambolin 15 mg/5 ml","Ambroxol Hydrochloride","15 mg/5 ml","সিরাপ","একক","Cough expectorants & mucolytics","Virgo Pharmaceuticals Ltd.","40","40","OTC"
"Ambolin 6 mg/ml","Ambolin 6 mg/ml","Ambroxol Hydrochloride","6 mg/ml","Pediatric Drops","একক","Cough expectorants & mucolytics","Virgo Pharmaceuticals Ltd.","25","25","OTC"
"Ambolos 15 mg/5 ml","Ambolos 15 mg/5 ml","Ambroxol Hydrochloride","15 mg/5 ml","সিরাপ","একক","Cough expectorants & mucolytics","S.N. Pharmaceutical Ltd.","30","30","OTC"
"Ambolyt 15 mg/5 ml","Ambolyt 15 mg/5 ml","Ambroxol Hydrochloride","15 mg/5 ml","সিরাপ","একক","Cough expectorants & mucolytics","Incepta Pharmaceuticals Ltd.","50","50","OTC"
"Ambolyt 6 mg/ml","Ambolyt 6 mg/ml","Ambroxol Hydrochloride","6 mg/ml","Pediatric Drops","একক","Cough expectorants & mucolytics","Incepta Pharmaceuticals Ltd.","30","30","OTC"
"Ambolyt SR 75 mg","Ambolyt SR 75 mg","Ambroxol Hydrochloride","75 mg","Capsule (Sustained Release)","3 x 10","Cough expectorants & mucolytics","Incepta Pharmaceuticals Ltd.","5.5","5.5","OTC"
"Amboral 15 mg/5 ml","Amboral 15 mg/5 ml","Ambroxol Hydrochloride","15 mg/5 ml","সিরাপ","একক","Cough expectorants & mucolytics","Pharmadesh Laboratories Ltd.","30.11","30.11","OTC"
"Amboral 6 mg/ml","Amboral 6 mg/ml","Ambroxol Hydrochloride","6 mg/ml","Pediatric Drops","একক","Cough expectorants & mucolytics","Pharmadesh Laboratories Ltd.","20.06","20.06","OTC"
"Ambosil 15 mg/5 ml","Ambosil 15 mg/5 ml","Ambroxol Hydrochloride","15 mg/5 ml","সিরাপ","একক","Cough expectorants & mucolytics","Silva Pharmaceuticals Ltd.","40","40","OTC"
"Ambosil 6 mg/ml","Ambosil 6 mg/ml","Ambroxol Hydrochloride","6 mg/ml","Pediatric Drops","একক","Cough expectorants & mucolytics","Silva Pharmaceuticals Ltd.","20","20","OTC"
"Amboten 15 mg/5 ml","Amboten 15 mg/5 ml","Ambroxol Hydrochloride","15 mg/5 ml","সিরাপ","একক","Cough expectorants & mucolytics","Eskayef Pharmaceuticals Ltd.","50","50","OTC"
"Amboten 6 mg/ml","Amboten 6 mg/ml","Ambroxol Hydrochloride","6 mg/ml","Pediatric Drops","একক","Cough expectorants & mucolytics","Eskayef Pharmaceuticals Ltd.","35","35","OTC"
"Amboxol 15 mg/5 ml","Amboxol 15 mg/5 ml","Ambroxol Hydrochloride","15 mg/5 ml","সিরাপ","একক","Cough expectorants & mucolytics","Kumudini Pharma Ltd.","42","42","OTC"
"Amboxol 6 mg/ml","Amboxol 6 mg/ml","Ambroxol Hydrochloride","6 mg/ml","Pediatric Drops","একক","Cough expectorants & mucolytics","Kumudini Pharma Ltd.","23","23","OTC"
"Ambozin 15 mg/5 ml","Ambozin 15 mg/5 ml","Ambroxol Hydrochloride","15 mg/5 ml","সিরাপ","একক","Cough expectorants & mucolytics","Rephco Pharmaceuticals Ltd.","40","40","OTC"
"Ambozin SR 75 mg","Ambozin SR 75 mg","Ambroxol Hydrochloride","75 mg","Capsule (Sustained Release)","30's pack","Cough expectorants & mucolytics","Rephco Pharmaceuticals Ltd.","5","5","OTC"
"Ambrisan 5 mg","Ambrisan 5 mg","Ambrisentan","5 mg","ট্যাবলেট","2 x 10","Anti-hypertensive, Endothelin receptor antagonist","Square Pharmaceuticals PLC","40.13","40.13","OTC"
"Ambrocod 15 mg/5 ml","Ambrocod 15 mg/5 ml","Ambroxol Hydrochloride","15 mg/5 ml","সিরাপ","একক","Cough expectorants & mucolytics","Amulet Pharmaceuticals Ltd.","40","40","OTC"
"Ambrodex 15 mg/5 ml","Ambrodex 15 mg/5 ml","Ambroxol Hydrochloride","15 mg/5 ml","সিরাপ","একক","Cough expectorants & mucolytics","Decent Pharma Laboratories Ltd.","40","40","OTC"
"Ambrogen 15 mg/5 ml","Ambrogen 15 mg/5 ml","Ambroxol Hydrochloride","15 mg/5 ml","সিরাপ","একক","Cough expectorants & mucolytics","Biogen Pharmaceuticals Ltd.","40","40","OTC"
"Ambrokof 15 mg/5 ml","Ambrokof 15 mg/5 ml","Ambroxol Hydrochloride","15 mg/5 ml","সিরাপ","একক","Cough expectorants & mucolytics","Euro Pharma Ltd.","45","45","OTC"
"Ambromax 15 mg/5 ml","Ambromax 15 mg/5 ml","Ambroxol Hydrochloride","15 mg/5 ml","সিরাপ","একক","Cough expectorants & mucolytics","Goodman Pharmaceuticals Ltd.","40","40","OTC"
"Ambronaaf 15 mg/5 ml","Ambronaaf 15 mg/5 ml","Ambroxol Hydrochloride","15 mg/5 ml","সিরাপ","একক","Cough expectorants & mucolytics","Naafco Pharma PLC","50","50","OTC"
"Ambronil 15 mg/5 ml","Ambronil 15 mg/5 ml","Ambroxol Hydrochloride","15 mg/5 ml","সিরাপ","একক","Cough expectorants & mucolytics","Orion Pharma Ltd.","50","50","OTC"
"Ambronil 6 mg/ml","Ambronil 6 mg/ml","Ambroxol Hydrochloride","6 mg/ml","Pediatric Drops","একক","Cough expectorants & mucolytics","Orion Pharma Ltd.","30","30","OTC"
"Ambrop 15 mg/5 ml","Ambrop 15 mg/5 ml","Ambroxol Hydrochloride","15 mg/5 ml","সিরাপ","একক","Cough expectorants & mucolytics","Bengal drugs Ltd.","40","40","OTC"
"Ambrosia 15 mg/5 ml","Ambrosia 15 mg/5 ml","Ambroxol Hydrochloride","15 mg/5 ml","সিরাপ","একক","Cough expectorants & mucolytics","Silco Pharmaceutical Ltd.","40","40","OTC"
"Ambrosol 15 mg/5 ml","Ambrosol 15 mg/5 ml","Ambroxol Hydrochloride","15 mg/5 ml","সিরাপ","একক","Cough expectorants & mucolytics","Popular Pharmaceuticals Ltd.","40","40","OTC"
"Ambrosol 75 mg","Ambrosol 75 mg","Ambroxol Hydrochloride","75 mg","Capsule (Sustained Release)","30's pack","Cough expectorants & mucolytics","Popular Pharmaceuticals Ltd.","5","5","OTC"
"Ambrotil 15 mg/5 ml","Ambrotil 15 mg/5 ml","Ambroxol Hydrochloride","15 mg/5 ml","সিরাপ","একক","Cough expectorants & mucolytics","Amico Laboratories Ltd.","35","35","OTC"
"Ambroton 15 mg/5 ml","Ambroton 15 mg/5 ml","Ambroxol Hydrochloride","15 mg/5 ml","সিরাপ","একক","Cough expectorants & mucolytics","Novatek Pharmaceuticals Ltd.","40.13","40.13","OTC"
"Ambrotus 15 mg/5 ml","Ambrotus 15 mg/5 ml","Ambroxol Hydrochloride","15 mg/5 ml","সিরাপ","একক","Cough expectorants & mucolytics","Labaid Pharma Ltd.","50","50","OTC"
"Ambrox 15 mg/5 ml","Ambrox 15 mg/5 ml","Ambroxol Hydrochloride","15 mg/5 ml","সিরাপ","একক","Cough expectorants & mucolytics","Square Pharmaceuticals PLC","50","50","OTC"
"Ambrox 6 mg/ml","Ambrox 6 mg/ml","Ambroxol Hydrochloride","6 mg/ml","Pediatric Drops","একক","Cough expectorants & mucolytics","Square Pharmaceuticals PLC","40","40","OTC"
"Ambrox SR 75 mg","Ambrox SR 75 mg","Ambroxol Hydrochloride","75 mg","Capsule (Sustained Release)","3 x 10","Cough expectorants & mucolytics","Square Pharmaceuticals PLC","5.5","5.5","OTC"
"Ambroxol 15 mg/5 ml","Ambroxol 15 mg/5 ml","Ambroxol Hydrochloride","15 mg/5 ml","সিরাপ","একক","Cough expectorants & mucolytics","Biopharma Limited","45","45","OTC"
"Ambroxol SR 75 mg","Ambroxol SR 75 mg","Ambroxol Hydrochloride","75 mg","Capsule (Sustained Release)","3 x 10","Cough expectorants & mucolytics","Biopharma Limited","5.02","5.02","OTC"
"Ambryl 15 mg/5 ml","Ambryl 15 mg/5 ml","Ambroxol Hydrochloride","15 mg/5 ml","সিরাপ","একক","Cough expectorants & mucolytics","Jenphar Bangladesh Ltd.","45","45","OTC"
"Ambryl 6 mg/ml","Ambryl 6 mg/ml","Ambroxol Hydrochloride","6 mg/ml","Pediatric Drops","একক","Cough expectorants & mucolytics","Jenphar Bangladesh Ltd.","34","34","OTC"
"Ambuterol 5 mg/5 ml","Ambuterol 5 mg/5 ml","Bambuterol Hydrochloride","5 mg/5 ml","Oral Solution","একক","Short-acting selective & β2-adrenoceptor stimulants","APC Pharma Ltd.","20","20","OTC"
"Amcold 15 mg/5 ml","Amcold 15 mg/5 ml","Ambroxol Hydrochloride","15 mg/5 ml","সিরাপ","একক","Cough expectorants & mucolytics","DBL Pharmaceuticals Ltd.","50","50","OTC"
"Amdepin AT 5 mg+50 mg","Amdepin AT 5 mg+50 mg","Amlodipine Besilate + Atenolol","5 mg+50 mg","ট্যাবলেট","5 x 10","Combined antihypertensive preparations","Pharmik Laboratories Ltd.","5","5","OTC"
"Amdin 10 mg","Amdin 10 mg","Amlodipine Besilate","10 mg","ট্যাবলেট","3 x 10","Calcium-channel blockers","Alco Pharma Ltd.","6.02","6.02","OTC"
"Amdin 5 mg","Amdin 5 mg","Amlodipine Besilate","5 mg","ট্যাবলেট","5 x 10","Calcium-channel blockers","Alco Pharma Ltd.","4.01","4.01","OTC"
"Amdin Plus 5 mg+50 mg","Amdin Plus 5 mg+50 mg","Amlodipine Besilate + Atenolol","5 mg+50 mg","ট্যাবলেট","5 x 10","Combined antihypertensive preparations","Alco Pharma Ltd.","4.51","4.51","OTC"
"Amdocal 10 mg","Amdocal 10 mg","Amlodipine Besilate","10 mg","ট্যাবলেট","4 x 15","Calcium-channel blockers","Beximco Pharmaceuticals Ltd.","8","8","OTC"
"Amdocal 2.5 mg","Amdocal 2.5 mg","Amlodipine Besilate","2.5 mg","ট্যাবলেট","3 x 10","Calcium-channel blockers","Beximco Pharmaceuticals Ltd.","3","3","OTC"
"Amdocal 5 mg","Amdocal 5 mg","Amlodipine Besilate","5 mg","ট্যাবলেট","7 x 15","Calcium-channel blockers","Beximco Pharmaceuticals Ltd.","5.5","5.5","OTC"
"Amdocal Plus 5 mg+25 mg","Amdocal Plus 5 mg+25 mg","Amlodipine Besilate + Atenolol","5 mg+25 mg","ট্যাবলেট","3 x 10","Combined antihypertensive preparations","Beximco Pharmaceuticals Ltd.","6.5","6.5","OTC"
"Amdocal Plus 5 mg+50 mg","Amdocal Plus 5 mg+50 mg","Amlodipine Besilate + Atenolol","5 mg+50 mg","ট্যাবলেট","6 x 10","Combined antihypertensive preparations","Beximco Pharmaceuticals Ltd.","8.5","8.5","OTC"
"Amdocal Pro 2.5 mg+5 mg","Amdocal Pro 2.5 mg+5 mg","Bisoprolol Fumarate + Amlodipine Besilate","2.5 mg+5 mg","ট্যাবলেট","3 x 10","Anti-hypertensive","Beximco Pharmaceuticals Ltd.","6","6","OTC"
"Amdoper 5 mg","Amdoper 5 mg","Amlodipine Besilate","5 mg","ট্যাবলেট","30's pack","Calcium-channel blockers","Hallmark Pharmaceuticals Ltd.","3","3","OTC"
"Amdova 5 mg+10 mg","Amdova 5 mg+10 mg","Amlodipine Besilate + Atorvastatin","5 mg+10 mg","ট্যাবলেট","3 x 10","Anti-anginal & lipid lowering drugs","Beximco Pharmaceuticals Ltd.","11","11","OTC"
"Amela 0.01%+4%+0.05%","Amela 0.01%+4%+0.05%","Fluocinolone Acetonide + Hydroquinone + Tretinoin","0.01%+4%+0.05%","ক্রিম","একক","Hydroquinone Preparations","The IBN SINA Pharmaceutical PLC","200","200","OTC"
"Amelex 0.5 mg+10 mg","Amelex 0.5 mg+10 mg","Flupentixol + Melitracen","0.5 mg+10 mg","ট্যাবলেট","একক","Combined anxiolytics & anti-depressant drugs","Apollo Pharmaceutical Ltd.","4","4","OTC"
"Ameloss 10 mg","Ameloss 10 mg","Donepezil Hydrochloride","10 mg","ট্যাবলেট","2 x 10","Drugs for Dementia","Incepta Pharmaceuticals Ltd.","18.05","18.05","OTC"
"Ameloss 5 mg","Ameloss 5 mg","Donepezil Hydrochloride","5 mg","ট্যাবলেট","3 x 10","Drugs for Dementia","Incepta Pharmaceuticals Ltd.","10","10","OTC"
"Ameloss M 14 mg+10 mg","Ameloss M 14 mg+10 mg","Memantine + Donepezil","14 mg+10 mg","Capsule (Extended Release)","2 x 10","Anti-Alzheimer drugs","Incepta Pharmaceuticals Ltd.","25","25","OTC"
"Ameloss M 28 mg+10 mg","Ameloss M 28 mg+10 mg","Memantine + Donepezil","28 mg+10 mg","Capsule (Extended Release)","2 x 10","Anti-Alzheimer drugs","Incepta Pharmaceuticals Ltd.","35","35","OTC"
"Ameloss M 7 mg+10 mg","Ameloss M 7 mg+10 mg","Memantine + Donepezil","7 mg+10 mg","Capsule (Extended Release)","2 x 10","Anti-Alzheimer drugs","Incepta Pharmaceuticals Ltd.","20","20","OTC"
"Amenavir 200 mg","Amenavir 200 mg","Amenamevir","200 mg","ট্যাবলেট","1 x 7","Anti-viral drugs","Square Pharmaceuticals PLC","150","150","OTC"
"Ametrol-VT 100 mg+100 mg","Ametrol-VT 100 mg+100 mg","Metronidazole + Miconazole Nitrate","100 mg+100 mg","Vaginal Tablet","1 x 10","Drugs used in Vaginal and Vulval condition","Ambee Pharmaceuticals Ltd.","11.04","11.04","OTC"
"Amezol 200 mg/5 ml","Amezol 200 mg/5 ml","Metronidazole","200 mg/5 ml","Oral Suspension","একক","Amoebicides, Anti-diarrhoeal antiprotozoal","Cosmic Pharma Ltd.","28.5","28.5","OTC"
"Amezol 400 mg","Amezol 400 mg","Metronidazole","400 mg","ট্যাবলেট","100's pack","Amoebicides, Anti-diarrhoeal antiprotozoal","Cosmic Pharma Ltd.","1.25","1.25","OTC"
"Amfrad 125 mg/5 ml","Amfrad 125 mg/5 ml","Cephradine","125 mg/5 ml","পাউডার সাসপেনশন","একক","First generation cephalosporins","Amulet Pharmaceuticals Ltd.","80.24","80.24","OTC"
"Amfrad 250 mg","Amfrad 250 mg","Cephradine","250 mg","ক্যাপসুল","30's pack","First generation cephalosporins","Amulet Pharmaceuticals Ltd.","6.25","6.25","OTC"
"Amfrad 500 mg","Amfrad 500 mg","Cephradine","500 mg","ক্যাপসুল","24's pack","First generation cephalosporins","Amulet Pharmaceuticals Ltd.","12.54","12.54","OTC"
"Amibac 500 mg/2 ml","Amibac 500 mg/2 ml","Amikacin","500 mg/2 ml","IM/IV Injection","2 x 5","Aminoglycosides","Popular Pharmaceuticals Ltd.","48.18","48.18","OTC"
"Amicard Plus 5 mg+50 mg","Amicard Plus 5 mg+50 mg","Amlodipine Besilate + Atenolol","5 mg+50 mg","ট্যাবলেট","5 x 10","Combined antihypertensive preparations","Aexim Pharmaceuticals Ltd.","8","8","OTC"
"AmiClean 15 mg","AmiClean 15 mg","Sodium Thiosulfate","15 mg","ট্যাবলেট","100's pack","Antidote preparations","Amico Laboratories Ltd.","0.95","0.95","OTC"
"AmiClean 7.5 mg","AmiClean 7.5 mg","Sodium Thiosulfate","7.5 mg","ট্যাবলেট","100's pack","Antidote preparations","Amico Laboratories Ltd.","0.6","0.6","OTC"
"Amiclo 12.5 mg+5 mg","Amiclo 12.5 mg+5 mg","Amitriptyline Hydrochloride + Chlordiazepoxide","12.5 mg+5 mg","ট্যাবলেট","4 x 10","Combined anxiolytics & anti-depressant drugs","Popular Pharmaceuticals Ltd.","8","8","OTC"
"AmiCoxib 120 mg","AmiCoxib 120 mg","Etoricoxib","120 mg","ট্যাবলেট","3 x 10","Non-steroidal Anti-inflammatory Drugs (NSAIDs)","Amico Laboratories Ltd.","14","14","OTC"
"AmiCoxib 90 mg","AmiCoxib 90 mg","Etoricoxib","90 mg","ট্যাবলেট","3 x 10","Non-steroidal Anti-inflammatory Drugs (NSAIDs)","Amico Laboratories Ltd.","12","12","OTC"
"Amidol 300 mg/100 ml","Amidol 300 mg/100 ml","Iopamidol","300 mg/100 ml","ইনজেকশন","একক","Contrast medium for diagnostic procedures","Incepta Pharmaceuticals Ltd.","1454","1454","Rx"
"Amidol 300 mg/50 ml","Amidol 300 mg/50 ml","Iopamidol","300 mg/50 ml","ইনজেকশন","একক","Contrast medium for diagnostic procedures","Incepta Pharmaceuticals Ltd.","1203","1203","Rx"
"Amidol 370 mg/100 ml","Amidol 370 mg/100 ml","Iopamidol","370 mg/100 ml","ইনজেকশন","একক","Contrast medium for diagnostic procedures","Incepta Pharmaceuticals Ltd.","2636","2636","Rx"
"Amidol 370 mg/50 ml","Amidol 370 mg/50 ml","Iopamidol","370 mg/50 ml","ইনজেকশন","একক","Contrast medium for diagnostic procedures","Incepta Pharmaceuticals Ltd.","1318","1318","Rx"
"Amifen 50 mg/5 ml","Amifen 50 mg/5 ml","Mefenamic acid","50 mg/5 ml","Oral Suspension","একক","Drugs for Osteoarthritis, Drugs used for Rheumatoid Arthritis, Non-steroidal Anti-inflammatory Drugs (NSAIDs)","Opsonin Pharma Ltd.","28.11","28.11","OTC"
"Amifen 500 mg","Amifen 500 mg","Mefenamic acid","500 mg","ট্যাবলেট","5 x 10","Drugs for Osteoarthritis, Drugs used for Rheumatoid Arthritis, Non-steroidal Anti-inflammatory Drugs (NSAIDs)","Opsonin Pharma Ltd.","5.02","5.02","OTC"
"Amifex 120 mg","Amifex 120 mg","Fexofenadine Hydrochloride","120 mg","ট্যাবলেট","একক","Non-sedating antihistamines","Amico Laboratories Ltd.","7","7","OTC"
"Amifex 60 mg","Amifex 60 mg","Fexofenadine Hydrochloride","60 mg","ট্যাবলেট","একক","Non-sedating antihistamines","Amico Laboratories Ltd.","3.5","3.5","OTC"
"Amiflox 250 mg","Amiflox 250 mg","Ciprofloxacin","250 mg","ট্যাবলেট","30's pack","4-Quinolone preparations, Anti-diarrhoeal antimicrobial drugs","Amico Laboratories Ltd.","6","6","OTC"
"Amiflox 500 mg","Amiflox 500 mg","Ciprofloxacin","500 mg","ট্যাবলেট","30's pack","4-Quinolone preparations, Anti-diarrhoeal antimicrobial drugs","Amico Laboratories Ltd.","10","10","OTC"
"Amiflox 750 mg","Amiflox 750 mg","Ciprofloxacin","750 mg","ট্যাবলেট","10's pack","4-Quinolone preparations, Anti-diarrhoeal antimicrobial drugs","Amico Laboratories Ltd.","16","16","OTC"
"Amiflox DS 250 mg/5 ml","Amiflox DS 250 mg/5 ml","Ciprofloxacin","250 mg/5 ml","পাউডার সাসপেনশন","একক","4-Quinolone preparations, Anti-diarrhoeal antimicrobial drugs","Amico Laboratories Ltd.","85","85","OTC"
"Amikast 10 mg","Amikast 10 mg","Montelukast Sodium","10 mg","ট্যাবলেট","3 x 10","Leukotriene receptor antagonists","Amico Laboratories Ltd.","15","15","OTC"
"Amikast 5 mg","Amikast 5 mg","Montelukast Sodium","5 mg","ট্যাবলেট","3 x 10","Leukotriene receptor antagonists","Amico Laboratories Ltd.","8","8","OTC"
"Amikin 100 mg/2 ml","Amikin 100 mg/2 ml","Amikacin","100 mg/2 ml","IM/IV Injection","2 x 5","Aminoglycosides","Incepta Pharmaceuticals Ltd.","16","16","OTC"
"Amikin 500 mg/2 ml","Amikin 500 mg/2 ml","Amikacin","500 mg/2 ml","IM/IV Injection","2 x 5","Aminoglycosides","Incepta Pharmaceuticals Ltd.","48","48","OTC"
"Amilac 5%","Amilac 5%","Amino Acid, D-Sorbitol & Electrolytes","5%","আইভি ইনফিউশন","একক","Parenteral nutritional preparations","Biopharma Limited","350","350","Rx"
"Amilax 0.5 mg+10 mg","Amilax 0.5 mg+10 mg","Flupentixol + Melitracen","0.5 mg+10 mg","ট্যাবলেট","50's pack","Combined anxiolytics & anti-depressant drugs","Amico Laboratories Ltd.","3.2","3.2","OTC"
"Amilin 10 mg","Amilin 10 mg","Amitriptyline Hydrochloride","10 mg","ট্যাবলেট","10 x 14","Tricyclic Anti-depressant","Opsonin Pharma Ltd.","0.85","0.85","OTC"
"Amilin 25 mg","Amilin 25 mg","Amitriptyline Hydrochloride","25 mg","ট্যাবলেট","10 x 14","Tricyclic Anti-depressant","Opsonin Pharma Ltd.","1.75","1.75","OTC"
"Amilin Max 25 mg+10 mg","Amilin Max 25 mg+10 mg","Amitriptyline Hydrochloride + Chlordiazepoxide","25 mg+10 mg","ট্যাবলেট","2 x 14","Combined anxiolytics & anti-depressant drugs","Opsonin Pharma Ltd.","12","12","OTC"
"Amilin Plus 12.5 mg+5 mg","Amilin Plus 12.5 mg+5 mg","Amitriptyline Hydrochloride + Chlordiazepoxide","12.5 mg+5 mg","ট্যাবলেট","4 x 14","Combined anxiolytics & anti-depressant drugs","Opsonin Pharma Ltd.","7.5","7.5","OTC"
"Amimax 100 mg/2 ml","Amimax 100 mg/2 ml","Amikacin","100 mg/2 ml","IM/IV Injection","2 x 5","Aminoglycosides","Biopharma Limited","16","16","OTC"
"Amimax 500 mg/2 ml","Amimax 500 mg/2 ml","Amikacin","500 mg/2 ml","IM/IV Injection","2 x 5","Aminoglycosides","Biopharma Limited","48","48","OTC"
"AminoBost 5%","AminoBost 5%","Amino Acid, D-Sorbitol & Electrolytes","5%","আইভি ইনফিউশন","একক","Parenteral nutritional preparations","SMC Enterprise Ltd","450","450","Rx"
"Aminomax 5%","Aminomax 5%","Amino Acid, D-Sorbitol & Electrolytes","5%","আইভি ইনফিউশন","একক","Parenteral nutritional preparations","Globe Pharmaceuticals Ltd.","350","350","Rx"
"Aminomax Gold 7%+10%","Aminomax Gold 7%+10%","Amino acids, Glucose & Electrolytes","7%+10%","আইভি ইনফিউশন","একক","Parenteral nutritional preparations","Globe Pharmaceuticals Ltd.","400","400","Rx"
"Aminomix 10%","Aminomix 10%","Amino Acid, D-Sorbitol & Electrolytes","10%","আইভি ইনফিউশন","একক","Parenteral nutritional preparations","ACME Laboratories Ltd.","402.72","402.72","Rx"
"Aminomix 5%","Aminomix 5%","Amino Acid, D-Sorbitol & Electrolytes","5%","আইভি ইনফিউশন","একক","Parenteral nutritional preparations","ACME Laboratories Ltd.","352.37","352.37","Rx"
"Aminophylline 100 mg","Aminophylline 100 mg","Aminophylline","100 mg","ট্যাবলেট","50 x 10","Bronchodilator, Methyl xanthine derivatives, Respiratory stimulants: analeptics, Theophylline & related drugs","Ambee Pharmaceuticals Ltd.","0.38","0.38","OTC"
"Aminophylline 100 mg","Aminophylline 100 mg","Aminophylline","100 mg","ট্যাবলেট","200's pack","Bronchodilator, Methyl xanthine derivatives, Respiratory stimulants: analeptics, Theophylline & related drugs","Bristol Pharmaceuticals Ltd.","0.95","0.95","OTC"
"Aminophylline 125 mg/5 ml","Aminophylline 125 mg/5 ml","Aminophylline","125 mg/5 ml","IV Injection","1 x 5","Bronchodilator, Methyl xanthine derivatives, Respiratory stimulants: analeptics, Theophylline & related drugs","Ambee Pharmaceuticals Ltd.","5.46","5.46","OTC"
"Aminosin 5%","Aminosin 5%","Amino Acid, D-Sorbitol & Electrolytes","5%","আইভি ইনফিউশন","একক","Parenteral nutritional preparations","The IBN SINA Pharmaceutical PLC","350","350","Rx"
"Aminosin Plus 7%+10%","Aminosin Plus 7%+10%","Amino acids, Glucose & Electrolytes","7%+10%","আইভি ইনফিউশন","একক","Parenteral nutritional preparations","The IBN SINA Pharmaceutical PLC","400","400","Rx"
"Aminosol Gold 7%+10%","Aminosol Gold 7%+10%","Amino acids, Glucose & Electrolytes","7%+10%","আইভি ইনফিউশন","একক","Parenteral nutritional preparations","OSL Pharma Limited","450","450","Rx"
"Aminosol IV 5%+10%","Aminosol IV 5%+10%","Amino Acid, D-sorbitol, Vitamins & Electrolytes","5%+10%","আইভি ইনফিউশন","একক","Parenteral nutritional preparations","OSL Pharma Limited","400","400","Rx"
"Aminosol Vit 5%","Aminosol Vit 5%","Amino Acid, D-Sorbitol & Electrolytes","5%","আইভি ইনফিউশন","একক","Parenteral nutritional preparations","OSL Pharma Limited","500","500","Rx"
"Aminosteril N-Hepa 8%","Aminosteril N-Hepa 8%","Amino Acid","8%","আইভি ইনফিউশন","একক","Parenteral nutritional preparations","Radiant Pharmaceuticals Ltd.","1166","1166","Rx"
"Aminosyn 10%","Aminosyn 10%","Amino Acid, D-Sorbitol & Electrolytes","10%","আইভি ইনফিউশন","একক","Parenteral nutritional preparations","UniMed UniHealth Pharmaceuticals Ltd.","560.97","560.97","Rx"
"Amiodarone Hameln 150 mg/3 ml","Amiodarone Hameln 150 mg/3 ml","Amiodarone Hydrochloride","150 mg/3 ml","ইনজেকশন","1 x 10","Potassium channel blockers","ZAS Corporation","240","240","Rx"
"Amiphin 1 gm/vial","Amiphin 1 gm/vial","Ceftriaxone Sodium","1 gm/vial","IV Injection","একক","Third generation cephalosporins","Al-Madina Pharmaceuticals Ltd.","200","200","OTC"
"Amiphin 2 gm/vial","Amiphin 2 gm/vial","Ceftriaxone Sodium","2 gm/vial","IV Injection","একক","Third generation cephalosporins","Al-Madina Pharmaceuticals Ltd.","300","300","OTC"
"Amipride 100 mg","Amipride 100 mg","Amisulpride","100 mg","ট্যাবলেট","2 x 10","Atypical neuroleptic drugs","Beacon Pharmaceuticals PLC","30","30","OTC"
"Amipride 200 mg","Amipride 200 mg","Amisulpride","200 mg","ট্যাবলেট","2 x 10","Atypical neuroleptic drugs","Beacon Pharmaceuticals PLC","50","50","OTC"
"Amipride 50 mg","Amipride 50 mg","Amisulpride","50 mg","ট্যাবলেট","3 x 10","Atypical neuroleptic drugs","Beacon Pharmaceuticals PLC","20","20","OTC"
"Amirid 400 mg","Amirid 400 mg","Metronidazole","400 mg","ট্যাবলেট","10 x 10","Amoebicides, Anti-diarrhoeal antiprotozoal","Veritas Pharmaceuticals Ltd.","1.7","1.7","OTC"
"Amiron 15 mg","Amiron 15 mg","Mirtazapine","15 mg","ট্যাবলেট","3 x 10","Atypical anti-depressant drugs","Orion Pharma Ltd.","10","10","OTC"
"Amiron 30 mg","Amiron 30 mg","Mirtazapine","30 mg","ট্যাবলেট","3 x 10","Atypical anti-depressant drugs","Orion Pharma Ltd.","15","15","OTC"
"Amiron 7.5 mg","Amiron 7.5 mg","Mirtazapine","7.5 mg","ট্যাবলেট","3 x 10","Atypical anti-depressant drugs","Orion Pharma Ltd.","6.5","6.5","OTC"
"Amisol 5%","Amisol 5%","Amino Acid, D-Sorbitol & Electrolytes","5%","আইভি ইনফিউশন","একক","Parenteral nutritional preparations","Popular Pharmaceuticals Ltd.","450","450","Rx"
"Amisol Gold 7%+10%","Amisol Gold 7%+10%","Amino acids, Glucose & Electrolytes","7%+10%","আইভি ইনফিউশন","একক","Parenteral nutritional preparations","Popular Pharmaceuticals Ltd.","490","490","Rx"
"Amisure 5 mg/2 ml","Amisure 5 mg/2 ml","Amisulpride","5 mg/2 ml","আইভি ইনফিউশন","1 x 5","Atypical neuroleptic drugs","ACME Laboratories Ltd.","60","60","Rx"
"Amit 10 mg","Amit 10 mg","Amitriptyline Hydrochloride","10 mg","ট্যাবলেট","15 x 10","Tricyclic Anti-depressant","General Pharmaceuticals Ltd.","0.85","0.85","OTC"
"Amit 25 mg","Amit 25 mg","Amitriptyline Hydrochloride","25 mg","ট্যাবলেট","15 x 10","Tricyclic Anti-depressant","General Pharmaceuticals Ltd.","1.76","1.76","OTC"
"Amitip 10 mg","Amitip 10 mg","Amitriptyline Hydrochloride","10 mg","ট্যাবলেট","10 x 10","Tricyclic Anti-depressant","Pacific Pharmaceuticals Ltd.","0.85","0.85","OTC"
"Amitip 25 mg","Amitip 25 mg","Amitriptyline Hydrochloride","25 mg","ট্যাবলেট","5 x 10","Tricyclic Anti-depressant","Pacific Pharmaceuticals Ltd.","1.75","1.75","OTC"
"Amival 0.5 mg+10 mg","Amival 0.5 mg+10 mg","Fluphenazine + Nortriptyline","0.5 mg+10 mg","ট্যাবলেট","100's pack","Combined anxiolytics & anti-depressant drugs","Amico Laboratories Ltd.","0.8","0.8","OTC"
"Amlevo 2.5 mg","Amlevo 2.5 mg","Levamlodipine Maleate","2.5 mg","ট্যাবলেট","3 x 10","Calcium-channel blockers","Eskayef Pharmaceuticals Ltd.","7","7","OTC"
"Amlevo 5 mg","Amlevo 5 mg","Levamlodipine Maleate","5 mg","ট্যাবলেট","3 x 10","Calcium-channel blockers","Eskayef Pharmaceuticals Ltd.","10","10","OTC"
"Amlex 5%","Amlex 5%","Amlexanox","5%","Oral Paste","একক","","ACI Limited","75.23","75.23","OTC"
"Amlip 5 mg+10 mg","Amlip 5 mg+10 mg","Amlodipine Besilate + Atorvastatin","5 mg+10 mg","ট্যাবলেট","3 x 10","Anti-anginal & lipid lowering drugs","Eskayef Pharmaceuticals Ltd.","11","11","OTC"
"Amlo 5 mg","Amlo 5 mg","Amlodipine Besilate","5 mg","ট্যাবলেট","50's pack","Calcium-channel blockers","Pharmadesh Laboratories Ltd.","3.5","3.5","OTC"
"Amlobet 5 mg+50 mg","Amlobet 5 mg+50 mg","Amlodipine Besilate + Atenolol","5 mg+50 mg","ট্যাবলেট","5 x 10","Combined antihypertensive preparations","Sun Pharmaceutical (Bangladesh) Ltd.","6","6","OTC"
"Amlocard 10 mg","Amlocard 10 mg","Amlodipine Besilate","10 mg","ট্যাবলেট","4 x 14","Calcium-channel blockers","Drug International Ltd.","7.05","7.05","OTC"
"Amlocard 5 mg","Amlocard 5 mg","Amlodipine Besilate","5 mg","ট্যাবলেট","4 x 14","Calcium-channel blockers","Drug International Ltd.","5","5","OTC"
"Amlocard Plus 5 mg+25 mg","Amlocard Plus 5 mg+25 mg","Amlodipine Besilate + Atenolol","5 mg+25 mg","ট্যাবলেট","4 x 14","Combined antihypertensive preparations","Drug International Ltd.","6","6","OTC"
"Amlocard Plus 5 mg+50 mg","Amlocard Plus 5 mg+50 mg","Amlodipine Besilate + Atenolol","5 mg+50 mg","ট্যাবলেট","4 x 14","Combined antihypertensive preparations","Drug International Ltd.","7","7","OTC"
"Amlohil 10 mg","Amlohil 10 mg","Amlodipine Besilate","10 mg","ট্যাবলেট","3 x 10","Calcium-channel blockers","Goodman Pharmaceuticals Ltd.","6","6","OTC"
"Amlohil 5 mg","Amlohil 5 mg","Amlodipine Besilate","5 mg","ট্যাবলেট","5 x 10","Calcium-channel blockers","Goodman Pharmaceuticals Ltd.","4.5","4.5","OTC"
"Amlonaaf 5 mg","Amlonaaf 5 mg","Amlodipine Besilate","5 mg","ট্যাবলেট","5 x 10","Calcium-channel blockers","Naafco Pharma PLC","5","5","OTC"
"Amlopin 10 mg","Amlopin 10 mg","Amlodipine Besilate","10 mg","ট্যাবলেট","3 x 10","Calcium-channel blockers","ACME Laboratories Ltd.","7.02","7.02","OTC"
"Amlopin 5 mg","Amlopin 5 mg","Amlodipine Besilate","5 mg","ট্যাবলেট","5 x 10","Calcium-channel blockers","ACME Laboratories Ltd.","5.01","5.01","OTC"
"Amlosartan 10 mg+160 mg","Amlosartan 10 mg+160 mg","Amlodipine Besilate + Valsartan","10 mg+160 mg","ট্যাবলেট","3 x 10","Combined antihypertensive preparations","Incepta Pharmaceuticals Ltd.","9","9","OTC"
"Amlosartan 5 mg+160 mg","Amlosartan 5 mg+160 mg","Amlodipine Besilate + Valsartan","5 mg+160 mg","ট্যাবলেট","3 x 10","Combined antihypertensive preparations","Incepta Pharmaceuticals Ltd.","8","8","OTC"
"Amlosartan 5 mg+80 mg","Amlosartan 5 mg+80 mg","Amlodipine Besilate + Valsartan","5 mg+80 mg","ট্যাবলেট","3 x 10","Combined antihypertensive preparations","Incepta Pharmaceuticals Ltd.","6","6","OTC"
"Amlosin 5 mg","Amlosin 5 mg","Amlodipine Besilate","5 mg","ট্যাবলেট","5 x 10","Calcium-channel blockers","Doctor’s Chemical Works Ltd.","4","4","OTC"
"Amlosin Plus 5 mg+25 mg","Amlosin Plus 5 mg+25 mg","Amlodipine Besilate + Atenolol","5 mg+25 mg","ট্যাবলেট","5 x 10","Combined antihypertensive preparations","Doctor’s Chemical Works Ltd.","5","5","OTC"
"Amlosun 5 mg","Amlosun 5 mg","Amlodipine Besilate","5 mg","ট্যাবলেট","5 x 10","Calcium-channel blockers","Sun Pharmaceutical (Bangladesh) Ltd.","5.02","5.02","OTC"
"Amlotab 10 mg","Amlotab 10 mg","Amlodipine Besilate","10 mg","ট্যাবলেট","3 x 10","Calcium-channel blockers","Incepta Pharmaceuticals Ltd.","7","7","OTC"
"Amlotab 5 mg","Amlotab 5 mg","Amlodipine Besilate","5 mg","ট্যাবলেট","5 x 10","Calcium-channel blockers","Incepta Pharmaceuticals Ltd.","5","5","OTC"
"Amloten 5 mg+25 mg","Amloten 5 mg+25 mg","Amlodipine Besilate + Atenolol","5 mg+25 mg","ট্যাবলেট","3 x 10","Combined antihypertensive preparations","ACME Laboratories Ltd.","5.27","5.27","OTC"
"Amloten 5 mg+50 mg","Amloten 5 mg+50 mg","Amlodipine Besilate + Atenolol","5 mg+50 mg","ট্যাবলেট","5 x 10","Combined antihypertensive preparations","ACME Laboratories Ltd.","8","8","OTC"
"Amlotol Plus 5 mg+50 mg","Amlotol Plus 5 mg+50 mg","Amlodipine Besilate + Atenolol","5 mg+50 mg","ট্যাবলেট","3 x 10","Combined antihypertensive preparations","Biogen Pharmaceuticals Ltd.","6","6","OTC"
"Amlovas 10 mg","Amlovas 10 mg","Amlodipine Besilate","10 mg","ট্যাবলেট","3 x 10","Calcium-channel blockers","Popular Pharmaceuticals Ltd.","8","8","OTC"
"Amlovas 5 mg","Amlovas 5 mg","Amlodipine Besilate","5 mg","ট্যাবলেট","5 x 10","Calcium-channel blockers","Popular Pharmaceuticals Ltd.","5","5","OTC"
"Amlovas AT 5 mg+50 mg","Amlovas AT 5 mg+50 mg","Amlodipine Besilate + Atenolol","5 mg+50 mg","ট্যাবলেট","5 x 10","Combined antihypertensive preparations","Popular Pharmaceuticals Ltd.","6","6","OTC"
"Amlovas VS 10 mg+160 mg","Amlovas VS 10 mg+160 mg","Amlodipine Besilate + Valsartan","10 mg+160 mg","ট্যাবলেট","3 x 10","Combined antihypertensive preparations","Popular Pharmaceuticals Ltd.","16.06","16.06","OTC"
"Amlovas VS 5 mg+160 mg","Amlovas VS 5 mg+160 mg","Amlodipine Besilate + Valsartan","5 mg+160 mg","ট্যাবলেট","3 x 10","Combined antihypertensive preparations","Popular Pharmaceuticals Ltd.","16.06","16.06","OTC"
"Amlovas VS 5 mg+80 mg","Amlovas VS 5 mg+80 mg","Amlodipine Besilate + Valsartan","5 mg+80 mg","ট্যাবলেট","3 x 10","Combined antihypertensive preparations","Popular Pharmaceuticals Ltd.","9.03","9.03","OTC"
"Amlozep 5 mg+10 mg","Amlozep 5 mg+10 mg","Amlodipine Besilate + Benazepril Hydrochloride","5 mg+10 mg","ক্যাপসুল","3 x 10","Combined antihypertensive preparations","Beacon Pharmaceuticals PLC","6.04","6.04","OTC"
"Amobet 0.05%","Amobet 0.05%","Clobetasone Butyrate","0.05%","ক্রিম","একক","Clobetasol / Clobetasone & Combined Preparations","Ad-din Pharmaceuticals Ltd.","30","30","OTC"
"Amocal 10 mg","Amocal 10 mg","Amlodipine Besilate","10 mg","ট্যাবলেট","3 x 14","Calcium-channel blockers","Opsonin Pharma Ltd.","6.04","6.04","OTC"
"Amocal 5 mg","Amocal 5 mg","Amlodipine Besilate","5 mg","ট্যাবলেট","3 x 14","Calcium-channel blockers","Opsonin Pharma Ltd.","5","5","OTC"
"Amocal-AT 5 mg+50 mg","Amocal-AT 5 mg+50 mg","Amlodipine Besilate + Atenolol","5 mg+50 mg","ট্যাবলেট","3 x 14","Combined antihypertensive preparations","Opsonin Pharma Ltd.","6.02","6.02","OTC"
"Amocal-BZ 5 mg+10 mg","Amocal-BZ 5 mg+10 mg","Amlodipine Besilate + Benazepril Hydrochloride","5 mg+10 mg","ক্যাপসুল","3 x 10","Combined antihypertensive preparations","Opsonin Pharma Ltd.","6.02","6.02","OTC"
"Amocap 250 mg","Amocap 250 mg","Amoxicillin Trihydrate","250 mg","ক্যাপসুল","100's pack","Broad spectrum penicillins","Sonear Laboratories Ltd.","3.59","3.59","OTC"
"Amocap 500 mg","Amocap 500 mg","Amoxicillin Trihydrate","500 mg","ক্যাপসুল","40's pack","Broad spectrum penicillins","Sonear Laboratories Ltd.","6.15","6.15","OTC"
"Amocil 125 mg/5 ml","Amocil 125 mg/5 ml","Amoxicillin Trihydrate","125 mg/5 ml","পাউডার সাসপেনশন","একক","Broad spectrum penicillins","MST Pharma","50","50","OTC"
"Amocil 250 mg","Amocil 250 mg","Amoxicillin Trihydrate","250 mg","ক্যাপসুল","100's pack","Broad spectrum penicillins","MST Pharma","3","3","OTC"
"Amocil 500 mg","Amocil 500 mg","Amoxicillin Trihydrate","500 mg","ক্যাপসুল","50's pack","Broad spectrum penicillins","MST Pharma","6","6","OTC"
"Amocin 125 mg/5 ml","Amocin 125 mg/5 ml","Amoxicillin Trihydrate","125 mg/5 ml","পাউডার সাসপেনশন","একক","Broad spectrum penicillins","Pacific Pharmaceuticals Ltd.","47.5","47.5","OTC"
"Amocin 250 mg","Amocin 250 mg","Amoxicillin Trihydrate","250 mg","ক্যাপসুল","10 x 10","Broad spectrum penicillins","Pacific Pharmaceuticals Ltd.","3.3","3.3","OTC"
"Amocin 500 mg","Amocin 500 mg","Amoxicillin Trihydrate","500 mg","ক্যাপসুল","5 x 10","Broad spectrum penicillins","Pacific Pharmaceuticals Ltd.","6.7","6.7","OTC"
"Amoclav (1 gm+200 mg)/20 ml","Amoclav (1 gm+200 mg)/20 ml","Amoxicillin + Clavulanic Acid","1 gm+200 mg)/20 ml","IV Injection","একক","Broad spectrum penicillins","Techno Drugs Ltd.","300","300","OTC"
"Amoclav (125 mg+31.25 mg)/5 ml","Amoclav (125 mg+31.25 mg)/5 ml","Amoxicillin + Clavulanic Acid","125 mg+31.25 mg)/5 ml","পাউডার সাসপেনশন","একক","Broad spectrum penicillins","Techno Drugs Ltd.","220","220","OTC"
"Amoclav 500 mg+125 mg","Amoclav 500 mg+125 mg","Amoxicillin + Clavulanic Acid","500 mg+125 mg","ট্যাবলেট","3 x 6","Broad spectrum penicillins","Techno Drugs Ltd.","28","28","OTC"
"Amoclav 875 mg+125 mg","Amoclav 875 mg+125 mg","Amoxicillin + Clavulanic Acid","875 mg+125 mg","ট্যাবলেট","2 x 6","Broad spectrum penicillins","Techno Drugs Ltd.","40","40","OTC"
"Amoclav Forte (400 mg+57.50 mg)/5 ml","Amoclav Forte (400 mg+57.50 mg)/5 ml","Amoxicillin + Clavulanic Acid","400 mg+57.50 mg)/5 ml","পাউডার সাসপেনশন","একক","Broad spectrum penicillins","Techno Drugs Ltd.","220","220","OTC"
"Amodis 200 mg/5 ml","Amodis 200 mg/5 ml","Metronidazole","200 mg/5 ml","Oral Suspension","একক","Amoebicides, Anti-diarrhoeal antiprotozoal","Square Pharmaceuticals PLC","35","35","OTC"
"Amodis 400 mg","Amodis 400 mg","Metronidazole","400 mg","ট্যাবলেট","24 x 10","Amoebicides, Anti-diarrhoeal antiprotozoal","Square Pharmaceuticals PLC","1.7","1.7","OTC"
"Amofun 0.25%","Amofun 0.25%","Amorolfine Hydrochloride (cream)","0.25%","ক্রিম","একক","Topical Antifungal preparations","Biopharma Limited","90","90","OTC"
"Amogit 400 mg","Amogit 400 mg","Metronidazole","400 mg","ট্যাবলেট","100's pack","Amoebicides, Anti-diarrhoeal antiprotozoal","Marksman Pharmaceuticals Ltd.","1.03","1.03","OTC"
"Amore Black","Amore Black","Latex condom [Amore]","","Condom","6's pack","","SMC Enterprise Ltd","100","100","OTC"
"Amore Gold","Amore Gold","Latex condom [Amore]","","Condom","6's pack","","SMC Enterprise Ltd","100","100","OTC"
"Amorox 15 mg/5 ml","Amorox 15 mg/5 ml","Ambroxol Hydrochloride","15 mg/5 ml","সিরাপ","একক","Cough expectorants & mucolytics","United Pharmaceuticals Ltd.","40","40","OTC"
"Amotid 125 mg/1.25 ml","Amotid 125 mg/1.25 ml","Amoxicillin Trihydrate","125 mg/1.25 ml","Pediatric Drops","একক","Broad spectrum penicillins","Biopharma Limited","35","35","OTC"
"Amotid 125 mg/5 ml","Amotid 125 mg/5 ml","Amoxicillin Trihydrate","125 mg/5 ml","পাউডার সাসপেনশন","একক","Broad spectrum penicillins","Biopharma Limited","70","70","OTC"
"Amotid 250 mg","Amotid 250 mg","Amoxicillin Trihydrate","250 mg","ক্যাপসুল","10 x 10","Broad spectrum penicillins","Biopharma Limited","4","4","OTC"
"Amotid 500 mg","Amotid 500 mg","Amoxicillin Trihydrate","500 mg","ক্যাপসুল","10 x 10","Broad spectrum penicillins","Biopharma Limited","7.5","7.5","OTC"
"Amotid CL (125 mg+31.25 mg)/5 ml","Amotid CL (125 mg+31.25 mg)/5 ml","Amoxicillin + Clavulanic Acid","125 mg+31.25 mg)/5 ml","পাউডার সাসপেনশন","একক","Broad spectrum penicillins","Biopharma Limited","200","200","OTC"
"Amotid CL 500 mg+125 mg","Amotid CL 500 mg+125 mg","Amoxicillin + Clavulanic Acid","500 mg+125 mg","ট্যাবলেট","4 x 7","Broad spectrum penicillins","Biopharma Limited","30","30","OTC"
"Amotid-F 250 mg/5 ml","Amotid-F 250 mg/5 ml","Amoxicillin Trihydrate","250 mg/5 ml","পাউডার সাসপেনশন","একক","Broad spectrum penicillins","Biopharma Limited","100","100","OTC"
"Amotrex 200 mg","Amotrex 200 mg","Metronidazole","200 mg","ট্যাবলেট","10 x 10","Amoebicides, Anti-diarrhoeal antiprotozoal","ACI Limited","1","1","OTC"
"Amotrex 200 mg/5 ml","Amotrex 200 mg/5 ml","Metronidazole","200 mg/5 ml","Oral Suspension","একক","Amoebicides, Anti-diarrhoeal antiprotozoal","ACI Limited","35","35","OTC"
"Amotrex 400 mg","Amotrex 400 mg","Metronidazole","400 mg","ট্যাবলেট","10 x 10","Amoebicides, Anti-diarrhoeal antiprotozoal","ACI Limited","1.7","1.7","OTC"
"Amotrex 500 mg/100 ml","Amotrex 500 mg/100 ml","Metronidazole","500 mg/100 ml","আইভি ইনফিউশন","একক","Amoebicides, Anti-diarrhoeal antiprotozoal","ACI Limited","85.26","85.26","Rx"
"Amotrex DS 800 mg","Amotrex DS 800 mg","Metronidazole","800 mg","ট্যাবলেট","10 x 10","Amoebicides, Anti-diarrhoeal antiprotozoal","ACI Limited","2","2","OTC"
"Amovast 5 mg+10 mg","Amovast 5 mg+10 mg","Amlodipine Besilate + Atorvastatin","5 mg+10 mg","ট্যাবলেট","2 x 10","Anti-anginal & lipid lowering drugs","Beacon Pharmaceuticals PLC","11.07","11.07","OTC"
"Amovix (1 gm+200 mg)/20 ml","Amovix (1 gm+200 mg)/20 ml","Amoxicillin + Clavulanic Acid","1 gm+200 mg)/20 ml","IV Injection","একক","Broad spectrum penicillins","OSL Pharma Limited","300","300","OTC"
"Amovix (125 mg+31.25 mg)/5 ml","Amovix (125 mg+31.25 mg)/5 ml","Amoxicillin + Clavulanic Acid","125 mg+31.25 mg)/5 ml","পাউডার সাসপেনশন","একক","Broad spectrum penicillins","OSL Pharma Limited","220","220","OTC"
"Amovix 250 mg+125 mg","Amovix 250 mg+125 mg","Amoxicillin + Clavulanic Acid","250 mg+125 mg","ট্যাবলেট","3 x 6","Broad spectrum penicillins","OSL Pharma Limited","25","25","OTC"
"Amovix 500 mg+125 mg","Amovix 500 mg+125 mg","Amoxicillin + Clavulanic Acid","500 mg+125 mg","ট্যাবলেট","2 x 6","Broad spectrum penicillins","OSL Pharma Limited","35","35","OTC"
"Amoxic 125 mg/5 ml","Amoxic 125 mg/5 ml","Amoxicillin Trihydrate","125 mg/5 ml","পাউডার সাসপেনশন","একক","Broad spectrum penicillins","Cosmo Pharma Laboratories Ltd.","46","46","OTC"
"Amoxic 500 mg","Amoxic 500 mg","Amoxicillin Trihydrate","500 mg","ক্যাপসুল","10 x 10","Broad spectrum penicillins","Cosmo Pharma Laboratories Ltd.","6.5","6.5","OTC"
"Amoxicon 125 mg/5 ml","Amoxicon 125 mg/5 ml","Amoxicillin Trihydrate","125 mg/5 ml","পাউডার সাসপেনশন","একক","Broad spectrum penicillins","Medicon Pharmaceuticals Ltd.","70","70","OTC"
"Amoxicon 500 mg","Amoxicon 500 mg","Amoxicillin Trihydrate","500 mg","ক্যাপসুল","5 x 10","Broad spectrum penicillins","Medicon Pharmaceuticals Ltd.","7.5","7.5","OTC"
"Amoxikil 500 mg","Amoxikil 500 mg","Amoxicillin Trihydrate","500 mg","ক্যাপসুল","5 x 10","Broad spectrum penicillins","Veritas Pharmaceuticals Ltd.","7.5","7.5","OTC"
"Amoxima 125 mg/5 ml","Amoxima 125 mg/5 ml","Amoxicillin Trihydrate","125 mg/5 ml","পাউডার সাসপেনশন","একক","Broad spectrum penicillins","Modern Pharmaceuticals Ltd.","47.29","47.29","OTC"
"Amoxima 500 mg","Amoxima 500 mg","Amoxicillin Trihydrate","500 mg","ক্যাপসুল","50's pack","Broad spectrum penicillins","Modern Pharmaceuticals Ltd.","6.65","6.65","OTC"
"Amoxizen 125 mg/5 ml","Amoxizen 125 mg/5 ml","Amoxicillin Trihydrate","125 mg/5 ml","পাউডার সাসপেনশন","একক","Broad spectrum penicillins","Zenith Pharmaceuticals Ltd.","70","70","OTC"
"Amoxizen 250 mg","Amoxizen 250 mg","Amoxicillin Trihydrate","250 mg","ক্যাপসুল","10 x 10","Broad spectrum penicillins","Zenith Pharmaceuticals Ltd.","4","4","OTC"
"Amoxizen DS 500 mg","Amoxizen DS 500 mg","Amoxicillin Trihydrate","500 mg","ক্যাপসুল","5 x 10","Broad spectrum penicillins","Zenith Pharmaceuticals Ltd.","7.5","7.5","OTC"
"Amoxon 125 mg/5 ml","Amoxon 125 mg/5 ml","Amoxicillin Trihydrate","125 mg/5 ml","পাউডার সাসপেনশন","একক","Broad spectrum penicillins","Jayson Pharmaceutical Ltd.","47.6","47.6","OTC"
"Amoxon 250 mg","Amoxon 250 mg","Amoxicillin Trihydrate","250 mg","ক্যাপসুল","10 x 10","Broad spectrum penicillins","Jayson Pharmaceutical Ltd.","3.62","3.62","OTC"
"Amoxon 500 mg","Amoxon 500 mg","Amoxicillin Trihydrate","500 mg","ক্যাপসুল","10 x 5","Broad spectrum penicillins","Jayson Pharmaceutical Ltd.","6.78","6.78","OTC"
"Amoxon 500 mg/vial","Amoxon 500 mg/vial","Amoxicillin Trihydrate","500 mg/vial","IM/IV Injection","1 x 5","Broad spectrum penicillins","Jayson Pharmaceutical Ltd.","24.67","24.67","OTC"
"Amoxycillin 500 mg","Amoxycillin 500 mg","Amoxicillin Trihydrate","500 mg","ক্যাপসুল","5 x 10","Broad spectrum penicillins","Albion Laboratories Limited","7.5","7.5","OTC"
"AmoxyClavulanic 500 mg+125 mg","AmoxyClavulanic 500 mg+125 mg","Amoxicillin + Clavulanic Acid","500 mg+125 mg","ট্যাবলেট","5 x 6","Broad spectrum penicillins","Pharmik Laboratories Ltd.","35","35","OTC"
"Ampexin 250 mg/vial","Ampexin 250 mg/vial","Ampicillin Sodium","250 mg/vial","ইনজেকশন","1 x 4","","Opsonin Pharma Ltd.","17.98","17.98","Rx"
"Ampexin 500 mg/vial","Ampexin 500 mg/vial","Ampicillin Sodium","500 mg/vial","ইনজেকশন","1 x 4","","Opsonin Pharma Ltd.","24","24","Rx"
"Amphoject 50 mg/vial","Amphoject 50 mg/vial","Amphotericin B","50 mg/vial","আইভি ইনফিউশন","একক","Other Antifungal preparations","Incepta Pharmaceuticals Ltd.","15000","15000","Rx"
"Ampil 5 mg","Ampil 5 mg","Amlodipine Besilate","5 mg","ট্যাবলেট","5 x 10","Calcium-channel blockers","The White Horse Pharmaceuticals Ltd.","5","5","OTC"
"Ampil Plus 5 mg+50 mg","Ampil Plus 5 mg+50 mg","Amlodipine Besilate + Atenolol","5 mg+50 mg","ট্যাবলেট","5 x 10","Combined antihypertensive preparations","The White Horse Pharmaceuticals Ltd.","6","6","OTC"
"Ampimet 250 mg","Ampimet 250 mg","Ampicillin Sodium","250 mg","ক্যাপসুল","100's pack","","Medimet Pharmaceuticals Ltd.","3.25","3.25","OTC"
"Ampimet 500 mg","Ampimet 500 mg","Ampicillin Sodium","500 mg","ক্যাপসুল","50's pack","","Medimet Pharmaceuticals Ltd.","5","5","OTC"
"Ampimet DS 125 mg/5 ml","Ampimet DS 125 mg/5 ml","Ampicillin Sodium","125 mg/5 ml","Oral Suspension","একক","","Medimet Pharmaceuticals Ltd.","43.75","43.75","OTC"
"Ampirex 500 mg/vial","Ampirex 500 mg/vial","Ampicillin Sodium","500 mg/vial","IM/IV Injection","1 x 5","","Jayson Pharmaceutical Ltd.","22.49","22.49","OTC"
"Ampol 500 mg","Ampol 500 mg","Paracetamol","500 mg","ট্যাবলেট","30 x 10","Non-Opioid Analgesics","Al-Madina Pharmaceuticals Ltd.","0.8","0.8","OTC"
"Ampol Plus 500 mg+65 mg","Ampol Plus 500 mg+65 mg","Paracetamol + Caffeine","500 mg+65 mg","ট্যাবলেট","20 x 10","Non-Opioid Analgesics","Al-Madina Pharmaceuticals Ltd.","2.5","2.5","OTC"
"Ampol XR 665 mg","Ampol XR 665 mg","Paracetamol","665 mg","Tablet (Extended Release)","20 x 10","Non-Opioid Analgesics","Al-Madina Pharmaceuticals Ltd.","1.5","1.5","OTC"
"Ampre 5 mg","Ampre 5 mg","Amlodipine Besilate","5 mg","ট্যাবলেট","3 x 10","Calcium-channel blockers","Kumudini Pharma Ltd.","5","5","OTC"
"Ampre Plus 5 mg+25 mg","Ampre Plus 5 mg+25 mg","Amlodipine Besilate + Atenolol","5 mg+25 mg","ট্যাবলেট","3 x 10","Combined antihypertensive preparations","Kumudini Pharma Ltd.","6","6","OTC"
"Ampress 5 mg","Ampress 5 mg","Amlodipine Besilate","5 mg","ট্যাবলেট","5 x 10","Calcium-channel blockers","Benham Pharmaceuticals Ltd.","5.5","5.5","OTC"
"Ampress Plus 5 mg+50 mg","Ampress Plus 5 mg+50 mg","Amlodipine Besilate + Atenolol","5 mg+50 mg","ট্যাবলেট","5 x 10","Combined antihypertensive preparations","Benham Pharmaceuticals Ltd.","7.5","7.5","OTC"
"Amsiv 15 mg/5 ml","Amsiv 15 mg/5 ml","Ambroxol Hydrochloride","15 mg/5 ml","সিরাপ","একক","Cough expectorants & mucolytics","Delta Pharma Ltd.","45","45","OTC"
"Amtinol 5 mg","Amtinol 5 mg","Amlodipine Besilate","5 mg","ট্যাবলেট","5 x 10","Calcium-channel blockers","Euro Pharma Ltd.","4","4","OTC"
"Amtinol Plus 5 mg+50 mg","Amtinol Plus 5 mg+50 mg","Amlodipine Besilate + Atenolol","5 mg+50 mg","ট্যাবলেট","5 x 10","Combined antihypertensive preparations","Euro Pharma Ltd.","7.5","7.5","OTC"
"Amtylin 10 mg","Amtylin 10 mg","Amitriptyline Hydrochloride","10 mg","ট্যাবলেট","100's pack","Tricyclic Anti-depressant","Edruc Limited","0.5","0.5","OTC"
"Amtylin 25 mg","Amtylin 25 mg","Amitriptyline Hydrochloride","25 mg","ট্যাবলেট","100's pack","Tricyclic Anti-depressant","Edruc Limited","1","1","OTC"
"Amucef 100 mg/5 ml","Amucef 100 mg/5 ml","Cefixime Trihydrate","100 mg/5 ml","পাউডার সাসপেনশন","একক","Third generation cephalosporins","Amulet Pharmaceuticals Ltd.","195.6","195.6","OTC"
"Amucef 200 mg","Amucef 200 mg","Cefixime Trihydrate","200 mg","ক্যাপসুল","12's pack","Third generation cephalosporins","Amulet Pharmaceuticals Ltd.","30","30","OTC"
"Amucef 400 mg","Amucef 400 mg","Cefixime Trihydrate","400 mg","ক্যাপসুল","6's pack","Third generation cephalosporins","Amulet Pharmaceuticals Ltd.","50","50","OTC"
"Amupime 500 mg/vial","Amupime 500 mg/vial","Cefepime Hydrochloride","500 mg/vial","IM/IV Injection","একক","Fourth generation cephalosporins","Amulet Pharmaceuticals Ltd.","300","300","OTC"
"AMX 125 mg/5 ml","AMX 125 mg/5 ml","Amoxicillin Trihydrate","125 mg/5 ml","পাউডার সাসপেনশন","একক","Broad spectrum penicillins","NIPRO JMI Pharma Ltd.","70","70","OTC"
"AMX 250 mg","AMX 250 mg","Amoxicillin Trihydrate","250 mg","ক্যাপসুল","10 x 10","Broad spectrum penicillins","NIPRO JMI Pharma Ltd.","4","4","OTC"
"AMX 500 mg","AMX 500 mg","Amoxicillin Trihydrate","500 mg","ক্যাপসুল","5 x 10","Broad spectrum penicillins","NIPRO JMI Pharma Ltd.","7.5","7.5","OTC"
"Amynil 1 mg","Amynil 1 mg","Glimepiride","1 mg","ট্যাবলেট","30's pack","Sulfonylureas","Globex Pharmaceuticals Ltd.","6.9","6.9","OTC"
"Amynil 2 mg","Amynil 2 mg","Glimepiride","2 mg","ট্যাবলেট","30's pack","Sulfonylureas","Globex Pharmaceuticals Ltd.","12.9","12.9","OTC"
"Amzith 200 mg/5 ml","Amzith 200 mg/5 ml","Azithromycin Dihydrate","200 mg/5 ml","পাউডার সাসপেনশন","একক","Macrolides","Amulet Pharmaceuticals Ltd.","130","130","OTC"
"Amzith 250 mg","Amzith 250 mg","Azithromycin Dihydrate","250 mg","ক্যাপসুল","6's pack","Macrolides","Amulet Pharmaceuticals Ltd.","20.06","20.06","OTC"
"Amzith 500 mg","Amzith 500 mg","Azithromycin Dihydrate","500 mg","ট্যাবলেট","12's pack","Macrolides","Amulet Pharmaceuticals Ltd.","35.11","35.11","OTC"
"Anabolin 25 mg/ml","Anabolin 25 mg/ml","Nandrolone Phenylpropionate","25 mg/ml","IM Injection","5's pack","Anabolic steroid (Androgens), Hormone in bone formation by stimulation","Techno Drugs Ltd.","60","60","OTC"
"Anacaine HC 0.5% + 3%","Anacaine HC 0.5% + 3%","Hydrocortisone + Lidocaine","0.5% + 3%","ক্রিম","একক","Drugs used in Ano-rectal region","Incepta Pharmaceuticals Ltd.","100","100","OTC"
"Anacare 1 mg","Anacare 1 mg","Anastrozole","1 mg","ট্যাবলেট","2 x 14","Hormonal Chemotherapy","Drug International Ltd.","40","40","OTC"
"Anacort 100 mg/2 ml","Anacort 100 mg/2 ml","Hydrocortisone","100 mg/2 ml","IM/IV Injection","একক","Glucocorticoids","Techno Drugs Ltd.","50","50","OTC"
"Anadol 100 mg","Anadol 100 mg","Tramadol Hydrochloride","100 mg","সাপোজিটরি","4 x 5","Opioid analgesics","Square Pharmaceuticals PLC","20","20","OTC"
"Anadol 100 mg/2 ml","Anadol 100 mg/2 ml","Tramadol Hydrochloride","100 mg/2 ml","IM/IV Injection","2 x 5","Opioid analgesics","Square Pharmaceuticals PLC","20.14","20.14","OTC"
"Anadol 50 mg","Anadol 50 mg","Tramadol Hydrochloride","50 mg","ক্যাপসুল","4 x 10","Opioid analgesics","Square Pharmaceuticals PLC","8.07","8.07","OTC"
"Anadol Plus 325 mg+37.5 mg","Anadol Plus 325 mg+37.5 mg","Paracetamol + Tramadol Hydrochloride","325 mg+37.5 mg","ট্যাবলেট","3 x 10","Non-steroidal Anti-inflammatory Drugs (NSAIDs)","Square Pharmaceuticals PLC","8.03","8.03","OTC"
"Anadol SR 100 mg","Anadol SR 100 mg","Tramadol Hydrochloride","100 mg","Capsule (Sustained Release)","3 x 10","Opioid analgesics","Square Pharmaceuticals PLC","17","17","OTC"
"Anaflam 400 mg","Anaflam 400 mg","Ibuprofen (Oral)","400 mg","ট্যাবলেট","10 x 10","Drugs for Osteoarthritis, Drugs used for Rheumatoid Arthritis, Non-steroidal Anti-inflammatory Drugs (NSAIDs)","Asiatic Laboratories Ltd.","1.43","1.43","OTC"
"Anaflex 10% w/w","Anaflex 10% w/w","Naproxen Sodium","10% w/w","জেল","একক","Drugs for Osteoarthritis, Drugs used for Rheumatoid Arthritis, Non-steroidal Anti-inflammatory Drugs (NSAIDs)","ACI Limited","80","80","OTC"
"Anaflex 250 mg","Anaflex 250 mg","Naproxen Sodium","250 mg","ট্যাবলেট","5 x 10","Drugs for Osteoarthritis, Drugs used for Rheumatoid Arthritis, Non-steroidal Anti-inflammatory Drugs (NSAIDs)","ACI Limited","9","9","OTC"
"Anaflex 500 mg","Anaflex 500 mg","Naproxen Sodium","500 mg","ট্যাবলেট","3 x 10","Drugs for Osteoarthritis, Drugs used for Rheumatoid Arthritis, Non-steroidal Anti-inflammatory Drugs (NSAIDs)","ACI Limited","16","16","OTC"
"Anaflex Max 375 mg+20 mg","Anaflex Max 375 mg+20 mg","Naproxen Sodium + Esomeprazole Magnesium","375 mg+20 mg","Tablet (Delayed Release)","5 x 10","Drugs for Osteoarthritis, Drugs used for Rheumatoid Arthritis, Non-steroidal Anti-inflammatory Drugs (NSAIDs)","ACI Limited","17","17","OTC"
"Anaflex Max 500 mg+20 mg","Anaflex Max 500 mg+20 mg","Naproxen Sodium + Esomeprazole Magnesium","500 mg+20 mg","Tablet (Delayed Release)","5 x 10","Drugs for Osteoarthritis, Drugs used for Rheumatoid Arthritis, Non-steroidal Anti-inflammatory Drugs (NSAIDs)","ACI Limited","21","21","OTC"
"Anaflex SR 500 mg","Anaflex SR 500 mg","Naproxen Sodium","500 mg","Tablet (Sustained Release)","2 x 10","Drugs for Osteoarthritis, Drugs used for Rheumatoid Arthritis, Non-steroidal Anti-inflammatory Drugs (NSAIDs)","ACI Limited","14.09","14.09","OTC"
"Anafranil 25 mg","Anafranil 25 mg","Clomipramine Hydrochloride","25 mg","ট্যাবলেট","5 x 10","Tricyclic & related anti-depressant drugs","Naafco Pharma PLC","8","8","OTC"
"Analac 10 mg","Analac 10 mg","Ketorolac Tromethamine","10 mg","ট্যাবলেট","2 x 10","Drugs used for Rheumatoid Arthritis, Non-Opioid Analgesics","Ziska Pharmaceuticals Ltd.","10","10","OTC"
"Analac 30 mg/ml","Analac 30 mg/ml","Ketorolac Tromethamine","30 mg/ml","IM/IV Injection","1 x 5","Drugs used for Rheumatoid Arthritis, Non-Opioid Analgesics","Ziska Pharmaceuticals Ltd.","55","55","OTC"
"Analac 60 mg/2 ml","Analac 60 mg/2 ml","Ketorolac Tromethamine","60 mg/2 ml","IM/IV Injection","একক","Drugs used for Rheumatoid Arthritis, Non-Opioid Analgesics","Ziska Pharmaceuticals Ltd.","95","95","OTC"
"Analgen 100 mg","Analgen 100 mg","Aceclofenac","100 mg","ট্যাবলেট","10 x 10","Drugs for Osteoarthritis, Drugs used for Rheumatoid Arthritis, Non-steroidal Anti-inflammatory Drugs (NSAIDs)","Cosmo Pharma Laboratories Ltd.","3.5","3.5","OTC"
"Analor 10 mg","Analor 10 mg","Loratadine","10 mg","ট্যাবলেট","5 x 10","Non-sedating antihistamines","Techno Drugs Ltd.","2.99","2.99","OTC"
"Analpain 120 mg/5 ml","Analpain 120 mg/5 ml","Paracetamol","120 mg/5 ml","Oral Suspension","একক","Non-Opioid Analgesics","Pharmadesh Laboratories Ltd.","35","35","OTC"
"Analpain 500 mg","Analpain 500 mg","Paracetamol","500 mg","ট্যাবলেট","300's pack","Non-Opioid Analgesics","Pharmadesh Laboratories Ltd.","1.25","1.25","OTC"
"Analpain 80 mg/ml","Analpain 80 mg/ml","Paracetamol","80 mg/ml","Pediatric Drops","একক","Non-Opioid Analgesics","Pharmadesh Laboratories Ltd.","20","20","OTC"
"Anamet 200 mg/5 ml","Anamet 200 mg/5 ml","Metronidazole","200 mg/5 ml","Oral Suspension","একক","Amoebicides, Anti-diarrhoeal antiprotozoal","Navana Pharmaceuticals Ltd.","30","30","OTC"
"Anamet 400 mg","Anamet 400 mg","Metronidazole","400 mg","ট্যাবলেট","10 x 10","Amoebicides, Anti-diarrhoeal antiprotozoal","Navana Pharmaceuticals Ltd.","1.27","1.27","OTC"
"Anapril 10 mg","Anapril 10 mg","Enalapril Maleate","10 mg","ট্যাবলেট","10 x 10","Angiotensin-converting enzyme (ACE) inhibitors","Eskayef Pharmaceuticals Ltd.","2.7","2.7","OTC"
"Anapril 5 mg","Anapril 5 mg","Enalapril Maleate","5 mg","ট্যাবলেট","10 x 10","Angiotensin-converting enzyme (ACE) inhibitors","Eskayef Pharmaceuticals Ltd.","1.51","1.51","OTC"
"Anaprox 500 mg+20 mg","Anaprox 500 mg+20 mg","Naproxen Sodium + Esomeprazole Magnesium","500 mg+20 mg","Tablet (Delayed Release)","3 x 10","Drugs for Osteoarthritis, Drugs used for Rheumatoid Arthritis, Non-steroidal Anti-inflammatory Drugs (NSAIDs)","Al-Madina Pharmaceuticals Ltd.","10","10","OTC"
"Anaroxyl 2.5 mg","Anaroxyl 2.5 mg","Monosemicarbazone Adrenochrome","2.5 mg","ট্যাবলেট","3 x 10","Anti-fibrinolytic drugs","Nuvista Pharma Ltd.","19.75","19.75","OTC"
"Anaroxyl 5 mg/ml","Anaroxyl 5 mg/ml","Monosemicarbazone Adrenochrome","5 mg/ml","ইনজেকশন","1 x 5","Anti-fibrinolytic drugs","Nuvista Pharma Ltd.","66.9","66.9","Rx"
"Anasec 20 mg","Anasec 20 mg","Omeprazole","20 mg","Capsule (Enteric Coated)","60's pack","Proton Pump Inhibitor","Novo Healthcare and Pharma Ltd.","5.02","5.02","OTC"
"Anasec 40 mg/vial","Anasec 40 mg/vial","Omeprazole","40 mg/vial","IV Injection","একক","Proton Pump Inhibitor","Novo Healthcare and Pharma Ltd.","70.21","70.21","OTC"
"Anastrol 1 mg","Anastrol 1 mg","Anastrozole","1 mg","ট্যাবলেট","3 x 10","Hormonal Chemotherapy","Beacon Pharmaceuticals PLC","50","50","OTC"
"Anaxyl 500 mg","Anaxyl 500 mg","Tranexamic Acid","500 mg","ট্যাবলেট","2 x 10","Anti-fibrinolytic drugs, Haemostatic drugs","ACI Limited","20.06","20.06","OTC"
"Anaxyl 500 mg/5 ml","Anaxyl 500 mg/5 ml","Tranexamic Acid","500 mg/5 ml","IM/IV Injection","1 x 5","Anti-fibrinolytic drugs, Haemostatic drugs","ACI Limited","50.34","50.34","OTC"
"Anaya 1 mg","Anaya 1 mg","Anastrozole","1 mg","ট্যাবলেট","3 x 10","Hormonal Chemotherapy","Renata PLC","48","48","OTC"
"Ancef 125 mg/1.25 ml","Ancef 125 mg/1.25 ml","Cephradine","125 mg/1.25 ml","Pediatric Drops","একক","First generation cephalosporins","UniMed UniHealth Pharmaceuticals Ltd.","65","65","OTC"
"Ancef 125 mg/5 ml","Ancef 125 mg/5 ml","Cephradine","125 mg/5 ml","পাউডার সাসপেনশন","একক","First generation cephalosporins","UniMed UniHealth Pharmaceuticals Ltd.","95","95","OTC"
"Ancef 500 mg","Ancef 500 mg","Cephradine","500 mg","ক্যাপসুল","5 x 4","First generation cephalosporins","UniMed UniHealth Pharmaceuticals Ltd.","15","15","OTC"
"Ancef Forte 250 mg/5 ml","Ancef Forte 250 mg/5 ml","Cephradine","250 mg/5 ml","পাউডার সাসপেনশন","একক","First generation cephalosporins","UniMed UniHealth Pharmaceuticals Ltd.","140","140","OTC"
"Ancipro 250 mg","Ancipro 250 mg","Ciprofloxacin","250 mg","ট্যাবলেট","2 x 10","4-Quinolone preparations, Anti-diarrhoeal antimicrobial drugs","UniMed UniHealth Pharmaceuticals Ltd.","8.5","8.5","OTC"
"Ancipro 500 mg","Ancipro 500 mg","Ciprofloxacin","500 mg","ট্যাবলেট","2 x 10","4-Quinolone preparations, Anti-diarrhoeal antimicrobial drugs","UniMed UniHealth Pharmaceuticals Ltd.","14","14","OTC"
"Ancipro 750 mg","Ancipro 750 mg","Ciprofloxacin","750 mg","ট্যাবলেট","2 x 10","4-Quinolone preparations, Anti-diarrhoeal antimicrobial drugs","UniMed UniHealth Pharmaceuticals Ltd.","18","18","OTC"
"Ancliz 25 mg+50 mg","Ancliz 25 mg+50 mg","Meclizine + Pyridoxine","25 mg+50 mg","ট্যাবলেট","5 x 10","Anti-emetic drugs","Monicopharma Ltd.","3","3","OTC"
"Anclog 75 mg","Anclog 75 mg","Clopidogrel Bisulphate","75 mg","ট্যাবলেট","4 x 10","Anti-platelet drugs","Square Pharmaceuticals PLC","12.03","12.03","OTC"
"Anclog Plus 75 mg+75 mg","Anclog Plus 75 mg+75 mg","Clopidogrel + Aspirin","75 mg+75 mg","ট্যাবলেট","4 x 10","Anti-platelet drugs","Square Pharmaceuticals PLC","12.03","12.03","OTC"
"Ancoc 125 mg/5 ml","Ancoc 125 mg/5 ml","Flucloxacillin Sodium","125 mg/5 ml","পাউডার সাসপেনশন","একক","Narrow spectrum penicillin","Marker Pharma Ltd.","60","60","OTC"
"Ancoc 250 mg","Ancoc 250 mg","Flucloxacillin Sodium","250 mg","ক্যাপসুল","30's pack","Narrow spectrum penicillin","Marker Pharma Ltd.","5.5","5.5","OTC"
"Ancoc 500 mg","Ancoc 500 mg","Flucloxacillin Sodium","500 mg","ক্যাপসুল","20's pack","Narrow spectrum penicillin","Marker Pharma Ltd.","10","10","OTC"
"Ancopan 10 mg","Ancopan 10 mg","Hyoscine Butylbromide","10 mg","ট্যাবলেট","100's pack","Anticholinergics (antimuscarinics)/ Anti-spasmodics","Bristol Pharmaceuticals Ltd.","1.8","1.8","OTC"
"Ancopan 20 mg","Ancopan 20 mg","Hyoscine Butylbromide","20 mg","ট্যাবলেট","50's pack","Anticholinergics (antimuscarinics)/ Anti-spasmodics","Bristol Pharmaceuticals Ltd.","3.5","3.5","OTC"
"Ancor 10 mg","Ancor 10 mg","Bisoprolol Fumarate","10 mg","ট্যাবলেট","1 x 10","Anti adrenergic agent (Beta blockers), Beta-adrenoceptor blocking drugs, Beta-blockers","Aristopharma Ltd.","18","18","OTC"
"Ancor 2.5 mg","Ancor 2.5 mg","Bisoprolol Fumarate","2.5 mg","ট্যাবলেট","6 x 10","Anti adrenergic agent (Beta blockers), Beta-adrenoceptor blocking drugs, Beta-blockers","Aristopharma Ltd.","7","7","OTC"
"Ancor 5 mg","Ancor 5 mg","Bisoprolol Fumarate","5 mg","ট্যাবলেট","3 x 10","Anti adrenergic agent (Beta blockers), Beta-adrenoceptor blocking drugs, Beta-blockers","Aristopharma Ltd.","11.5","11.5","OTC"
"Ancor Plus 2.5 mg+6.25 mg","Ancor Plus 2.5 mg+6.25 mg","Bisoprolol Fumarate + Hydrochlorothiazide","2.5 mg+6.25 mg","ট্যাবলেট","3 x 10","Combined antihypertensive preparations","Aristopharma Ltd.","7","7","OTC"
"Ancor Plus 5 mg+6.25 mg","Ancor Plus 5 mg+6.25 mg","Bisoprolol Fumarate + Hydrochlorothiazide","5 mg+6.25 mg","ট্যাবলেট","3 x 10","Combined antihypertensive preparations","Aristopharma Ltd.","13","13","OTC"
"Ancor-A 2.5 mg+5 mg","Ancor-A 2.5 mg+5 mg","Bisoprolol Fumarate + Amlodipine Besilate","2.5 mg+5 mg","ট্যাবলেট","3 x 10","Anti-hypertensive","Aristopharma Ltd.","8","8","OTC"
"Ancotil 3 mg","Ancotil 3 mg","Bromazepam","3 mg","ট্যাবলেট","5 x 10","Benzodiazepine sedatives","Rangs Pharmaceuticals Ltd.","4.02","4.02","OTC"
"Andep 100 mg","Andep 100 mg","Sertraline Hydrochloride","100 mg","ট্যাবলেট","3 x 10","SSRIs & related anti-depressant drugs","Healthcare Pharmaceuticals Ltd.","10","10","OTC"
"Andep 25 mg","Andep 25 mg","Sertraline Hydrochloride","25 mg","ট্যাবলেট","5 x 10","SSRIs & related anti-depressant drugs","Healthcare Pharmaceuticals Ltd.","3","3","OTC"
"Andep 50 mg","Andep 50 mg","Sertraline Hydrochloride","50 mg","ট্যাবলেট","5 x 10","SSRIs & related anti-depressant drugs","Healthcare Pharmaceuticals Ltd.","5.5","5.5","OTC"
"Andepram 10 mg","Andepram 10 mg","Escitalopram Oxalate","10 mg","ট্যাবলেট","2 x 14","SSRIs & related anti-depressant drugs","Radiant Pharmaceuticals Ltd.","13","13","OTC"
"Andepram 5 mg","Andepram 5 mg","Escitalopram Oxalate","5 mg","ট্যাবলেট","3 x 14","SSRIs & related anti-depressant drugs","Radiant Pharmaceuticals Ltd.","8","8","OTC"
"Andriol TestoCaps 40 mg","Andriol TestoCaps 40 mg","Testosterone Undecanoate","40 mg","ক্যাপসুল","3 x 10","Male Sex hormones (Androgens)","Healthcare Pharmaceuticals Ltd.","40.77","40.77","OTC"
"Androcap 112.5 mg","Androcap 112.5 mg","Testosterone Undecanoate","112.5 mg","ক্যাপসুল","4 x 5","Male Sex hormones (Androgens)","Renata PLC","70","70","OTC"
"Androcap 40 mg","Androcap 40 mg","Testosterone Undecanoate","40 mg","ক্যাপসুল","3 x 10","Male Sex hormones (Androgens)","Renata PLC","25","25","OTC"
"AndroGel 16.2 mg/gm","AndroGel 16.2 mg/gm","Testosterone","16.2 mg/gm","Topical Gel","একক","Male Sex hormones (Androgens)","ZAS Corporation","8500","8500","OTC"
"Androjet 250 mg/ml","Androjet 250 mg/ml","Testosterone Decanoate","250 mg/ml","IM Injection","একক","Male Sex hormones (Androgens)","Renata PLC","174","174","OTC"
"Anefer 100 mg/5 ml","Anefer 100 mg/5 ml","Iron Sucrose","100 mg/5 ml","IV Injection or Infusion","একক","Parenteral Iron Preparations","Opsonin Pharma Ltd.","327.26","327.26","OTC"
"Anefer 200 mg/10 ml","Anefer 200 mg/10 ml","Iron Sucrose","200 mg/10 ml","IV Injection or Infusion","একক","Parenteral Iron Preparations","Opsonin Pharma Ltd.","600","600","OTC"
"Anema (19 gm+7 gm)/118 ml","Anema (19 gm+7 gm)/118 ml","Monobasic Sodium Phosphate + Dibasic Sodium Phosphate","19 gm+7 gm)/118 ml","Rectal Saline","একক","Enema & bowel cleansing solution","Square Pharmaceuticals PLC","250","250","OTC"
"Anespine 0.5%+8%","Anespine 0.5%+8%","Bupivacaine Hydrochloride + Dextrose","0.5%+8%","Intraspinal Injection","5 x 2","Regional anesthesia","Square Pharmaceuticals PLC","30.2","30.2","OTC"
"Anestho 1 gm/vial","Anestho 1 gm/vial","Thiopental Sodium","1 gm/vial","IV Injection","একক","General (Intravenous) anesthetics","Incepta Pharmaceuticals Ltd.","100","100","OTC"
"Anestho 500 mg/vial","Anestho 500 mg/vial","Thiopental Sodium","500 mg/vial","IV Injection","একক","General (Intravenous) anesthetics","Incepta Pharmaceuticals Ltd.","70","70","OTC"
"Anet 10 mg","Anet 10 mg","Domperidone Maleate","10 mg","ট্যাবলেট","100's pack","Motility Stimulants, Motility stimulants/Dopamine antagonist, Prokinetic drugs","Kemiko Pharmaceuticals Ltd.","2","2","OTC"
"Anet 5 mg/5 ml","Anet 5 mg/5 ml","Domperidone Maleate","5 mg/5 ml","Oral Suspension","একক","Motility Stimulants, Motility stimulants/Dopamine antagonist, Prokinetic drugs","Kemiko Pharmaceuticals Ltd.","35","35","OTC"
"Anfasil 150 mg","Anfasil 150 mg","Fluconazole","150 mg","ট্যাবলেট","2 x 6","Drugs for subcutaneous and mycoses","Silva Pharmaceuticals Ltd.","20","20","OTC"
"Anfasil 50 mg","Anfasil 50 mg","Fluconazole","50 mg","ট্যাবলেট","5 x 6","Drugs for subcutaneous and mycoses","Silva Pharmaceuticals Ltd.","7","7","OTC"
"Anfasil 50 mg/5 ml","Anfasil 50 mg/5 ml","Fluconazole","50 mg/5 ml","পাউডার সাসপেনশন","একক","Drugs for subcutaneous and mycoses","Silva Pharmaceuticals Ltd.","75.28","75.28","OTC"
"Anfenac 0.1%","Anfenac 0.1%","Diclofenac Sodium (Ophthalmic)","0.1%","Ophthalmic Solution","একক","Ophthalmic Non-Steroid drugs","Nipa Pharmaceuticals Ltd.","80","80","OTC"
"Anflu 0.5 mg+10 mg","Anflu 0.5 mg+10 mg","Fluphenazine + Nortriptyline","0.5 mg+10 mg","ট্যাবলেট","10 x 10","Combined anxiolytics & anti-depressant drugs","Alco Pharma Ltd.","0.75","0.75","OTC"
"Anfree 0.5 mg+10 mg","Anfree 0.5 mg+10 mg","Flupentixol + Melitracen","0.5 mg+10 mg","ট্যাবলেট","10 x 10","Combined anxiolytics & anti-depressant drugs","Aristopharma Ltd.","5","5","OTC"
"Angela 1 mg+0.5 mg","Angela 1 mg+0.5 mg","Drospirenone + Estradiol","1 mg+0.5 mg","ট্যাবলেট","1 x 28","Drugs for menopausal symptoms: Hormone replacement therapy","Renata PLC","24","24","OTC"
"Angenta 0.5 mg+10 mg","Angenta 0.5 mg+10 mg","Flupentixol + Melitracen","0.5 mg+10 mg","ট্যাবলেট","10 x 10","Combined anxiolytics & anti-depressant drugs","Healthcare Pharmaceuticals Ltd.","5","5","OTC"
"Angesic 10 mg","Angesic 10 mg","Ketorolac Tromethamine","10 mg","ট্যাবলেট","3 x 10","Drugs used for Rheumatoid Arthritis, Non-Opioid Analgesics","The White Horse Pharmaceuticals Ltd.","11.5","11.5","OTC"
"Angical 5 mg+50 mg","Angical 5 mg+50 mg","Amlodipine Besilate + Atenolol","5 mg+50 mg","ট্যাবলেট","3 x 10","Combined antihypertensive preparations","Apex Pharma Ltd.","7","7","OTC"
"Angicard 0.5 mg","Angicard 0.5 mg","Nitroglycerin","0.5 mg","Sublingual Tablet","3 x 14","Nitrates: Coronary vasodilators","Drug International Ltd.","3.05","3.05","OTC"
"Angifix 20 mg","Angifix 20 mg","Isosorbide Mononitrate","20 mg","ট্যাবলেট","5 x 10","Nitrates: Coronary vasodilators","Incepta Pharmaceuticals Ltd.","1.42","1.42","OTC"
"Angilock 100 mg","Angilock 100 mg","Losartan Potassium","100 mg","ট্যাবলেট","3 x 10","Angiotensin-ll receptor blocker","Square Pharmaceuticals PLC","12.03","12.03","OTC"
"Angilock 25 mg","Angilock 25 mg","Losartan Potassium","25 mg","ট্যাবলেট","5 x 10","Angiotensin-ll receptor blocker","Square Pharmaceuticals PLC","5","5","OTC"
"Angilock 50 mg","Angilock 50 mg","Losartan Potassium","50 mg","ট্যাবলেট","5 x 10","Angiotensin-ll receptor blocker","Square Pharmaceuticals PLC","10","10","OTC"
"Angilock Plus 100 mg+12.5 mg","Angilock Plus 100 mg+12.5 mg","Losartan Potassium + Hydrochlorothiazide","100 mg+12.5 mg","ট্যাবলেট","3 x 10","Combined antihypertensive preparations","Square Pharmaceuticals PLC","12","12","OTC"
"Angilock Plus 100 mg+25 mg","Angilock Plus 100 mg+25 mg","Losartan Potassium + Hydrochlorothiazide","100 mg+25 mg","ট্যাবলেট","3 x 10","Combined antihypertensive preparations","Square Pharmaceuticals PLC","12.03","12.03","OTC"
"Angilock Plus 50 mg+12.5 mg","Angilock Plus 50 mg+12.5 mg","Losartan Potassium + Hydrochlorothiazide","50 mg+12.5 mg","ট্যাবলেট","5 x 10","Combined antihypertensive preparations","Square Pharmaceuticals PLC","10","10","OTC"
"Angimet 20 mg","Angimet 20 mg","Trimetazidine Dihydrochloride","20 mg","ট্যাবলেট","5 x 10","Other Anti-anginal & Anti-ischaemic drugs","Orion Pharma Ltd.","3.01","3.01","OTC"
"Angimet MR 35 mg","Angimet MR 35 mg","Trimetazidine Dihydrochloride","35 mg","Tablet (Modified Release)","3 x 10","Other Anti-anginal & Anti-ischaemic drugs","Orion Pharma Ltd.","6","6","OTC"
"Angimil 40 mg","Angimil 40 mg","Verapamil Hydrochloride","40 mg","ট্যাবলেট","100's pack","Calcium-channel blockers","Medimet Pharmaceuticals Ltd.","2.25","2.25","OTC"
"Angimil 80 mg","Angimil 80 mg","Verapamil Hydrochloride","80 mg","ট্যাবলেট","100's pack","Calcium-channel blockers","Medimet Pharmaceuticals Ltd.","4.25","4.25","OTC"
"Angimil SR 240 mg","Angimil SR 240 mg","Verapamil Hydrochloride","240 mg","ট্যাবলেট","15's pack","Calcium-channel blockers","Medimet Pharmaceuticals Ltd.","7","7","OTC"
"Angin 75 mg","Angin 75 mg","Aspirin","75 mg","Tablet (Enteric Coated)","10 x 10","Anti-platelet drugs","Pharmadesh Laboratories Ltd.","0.5","0.5","OTC"
"Anginox MR 35 mg","Anginox MR 35 mg","Trimetazidine Dihydrochloride","35 mg","Tablet (Modified Release)","6 x 10","Other Anti-anginal & Anti-ischaemic drugs","General Pharmaceuticals Ltd.","6","6","OTC"
"Angirest 35 mg","Angirest 35 mg","Trimetazidine Dihydrochloride","35 mg","Tablet (Modified Release)","3 x 10","Other Anti-anginal & Anti-ischaemic drugs","DBL Pharmaceuticals Ltd.","10","10","OTC"
"Angirid MR 35 mg","Angirid MR 35 mg","Trimetazidine Dihydrochloride","35 mg","Tablet (Modified Release)","6 x 10","Other Anti-anginal & Anti-ischaemic drugs","ACME Laboratories Ltd.","10","10","OTC"
"Angist SR 2.6 mg","Angist SR 2.6 mg","Nitroglycerin","2.6 mg","Tablet (Sustained Release)","3 x 10","Nitrates: Coronary vasodilators","ACME Laboratories Ltd.","5","5","OTC"
"Angitan 50 mg","Angitan 50 mg","Losartan Potassium","50 mg","ট্যাবলেট","3 x 10","Angiotensin-ll receptor blocker","Chemist Laboratories  Ltd.","7","7","OTC"
"Angitan Plus 50 mg+12.5 mg","Angitan Plus 50 mg+12.5 mg","Losartan Potassium + Hydrochlorothiazide","50 mg+12.5 mg","ট্যাবলেট","3 x 10","Combined antihypertensive preparations","Chemist Laboratories  Ltd.","8","8","OTC"
"Angiten 25 mg","Angiten 25 mg","Captopril","25 mg","ট্যাবলেট","10 x 10","Angiotensin-converting enzyme (ACE) inhibitors","The IBN SINA Pharmaceutical PLC","3.25","3.25","OTC"
"Angitrim MR 35 mg","Angitrim MR 35 mg","Trimetazidine Dihydrochloride","35 mg","Tablet (Modified Release)","3 x 10","Other Anti-anginal & Anti-ischaemic drugs","Globe Pharmaceuticals Ltd.","6","6","OTC"
"Angivas MR 35 mg","Angivas MR 35 mg","Trimetazidine Dihydrochloride","35 mg","Tablet (Modified Release)","3 x 10","Other Anti-anginal & Anti-ischaemic drugs","Popular Pharmaceuticals Ltd.","5","5","OTC"
"Angivent MR 35 mg","Angivent MR 35 mg","Trimetazidine Dihydrochloride","35 mg","Tablet (Modified Release)","3 x 10","Other Anti-anginal & Anti-ischaemic drugs","Square Pharmaceuticals PLC","10","10","OTC"
"Anib 40 mg","Anib 40 mg","Afatinib Dimaleate","40 mg","ট্যাবলেট","3 x 10","Tyrosine Kinase Inhibitor","Drug International Ltd.","750","750","OTC"
"Aniducon 100 mg/vial","Aniducon 100 mg/vial","Anidulafungin","100 mg/vial","আইভি ইনফিউশন","একক","Candida infections, Echinocandins","Beacon Pharmaceuticals PLC","10000","10000","Rx"
"Anidula 100 mg/vial","Anidula 100 mg/vial","Anidulafungin","100 mg/vial","আইভি ইনফিউশন","একক","Candida infections, Echinocandins","Healthcare Pharmaceuticals Ltd.","7500","7500","Rx"
"Anilic 200 mg","Anilic 200 mg","Tolfenamic acid","200 mg","ট্যাবলেট","3 x 10","Drugs used for Rheumatoid Arthritis, Non-steroidal Anti-inflammatory Drugs (NSAIDs), Other drugs for migraine","Drug International Ltd.","9","9","OTC"
"Anin 50 mg","Anin 50 mg","Losartan Potassium","50 mg","ট্যাবলেট","3 x 10","Angiotensin-ll receptor blocker","Delta Pharma Ltd.","5","5","OTC"
"Anin Plus 50 mg+12.5 mg","Anin Plus 50 mg+12.5 mg","Losartan Potassium + Hydrochlorothiazide","50 mg+12.5 mg","ট্যাবলেট","3 x 10","Combined antihypertensive preparations","Delta Pharma Ltd.","6","6","OTC"
"Anleptic 100 mg/5 ml","Anleptic 100 mg/5 ml","Carbamazepine","100 mg/5 ml","Oral Suspension","একক","Primary anti-epileptic drugs","Square Pharmaceuticals PLC","300.9","300.9","OTC"
"Anleptic CR 200 mg","Anleptic CR 200 mg","Carbamazepine","200 mg","Tablet (Controlled Release)","5 x 10","Primary anti-epileptic drugs","Square Pharmaceuticals PLC","6.02","6.02","OTC"
"Anlet 75 mg","Anlet 75 mg","Clopidogrel Bisulphate","75 mg","ট্যাবলেট","3 x 10","Anti-platelet drugs","Globe Pharmaceuticals Ltd.","11","11","OTC"
"Anlet Plus 75 mg+75 mg","Anlet Plus 75 mg+75 mg","Clopidogrel + Aspirin","75 mg+75 mg","ট্যাবলেট","3 x 10","Anti-platelet drugs","Globe Pharmaceuticals Ltd.","12","12","OTC"
"Annova 10% w/w","Annova 10% w/w","Naproxen Sodium","10% w/w","জেল","একক","Drugs for Osteoarthritis, Drugs used for Rheumatoid Arthritis, Non-steroidal Anti-inflammatory Drugs (NSAIDs)","Beacon Pharmaceuticals PLC","70","70","OTC"
"Annova 125 mg/5 ml","Annova 125 mg/5 ml","Naproxen Sodium","125 mg/5 ml","Oral Suspension","একক","Drugs for Osteoarthritis, Drugs used for Rheumatoid Arthritis, Non-steroidal Anti-inflammatory Drugs (NSAIDs)","Beacon Pharmaceuticals PLC","90","90","OTC"
"Annova 250 mg","Annova 250 mg","Naproxen Sodium","250 mg","ট্যাবলেট","5 x 10","Drugs for Osteoarthritis, Drugs used for Rheumatoid Arthritis, Non-steroidal Anti-inflammatory Drugs (NSAIDs)","Beacon Pharmaceuticals PLC","9","9","OTC"
"Annova 500 mg","Annova 500 mg","Naproxen Sodium","500 mg","ট্যাবলেট","5 x 10","Drugs for Osteoarthritis, Drugs used for Rheumatoid Arthritis, Non-steroidal Anti-inflammatory Drugs (NSAIDs)","Beacon Pharmaceuticals PLC","16","16","OTC"
"Annova Plus 375 mg+20 mg","Annova Plus 375 mg+20 mg","Naproxen Sodium + Esomeprazole Magnesium","375 mg+20 mg","Tablet (Delayed Release)","7 x 6","Drugs for Osteoarthritis, Drugs used for Rheumatoid Arthritis, Non-steroidal Anti-inflammatory Drugs (NSAIDs)","Beacon Pharmaceuticals PLC","17","17","OTC"
"Annova Plus 500 mg+20 mg","Annova Plus 500 mg+20 mg","Naproxen Sodium + Esomeprazole Magnesium","500 mg+20 mg","Tablet (Delayed Release)","4 x 6","Drugs for Osteoarthritis, Drugs used for Rheumatoid Arthritis, Non-steroidal Anti-inflammatory Drugs (NSAIDs)","Beacon Pharmaceuticals PLC","21","21","OTC"
"Anobac 300 mg","Anobac 300 mg","Clindamycin","300 mg","ক্যাপসুল","3 x 10","Macrolides","Globe Pharmaceuticals Ltd.","15","15","OTC"
"Anodyne 0.1%","Anodyne 0.1%","Diclofenac Sodium (Ophthalmic)","0.1%","Ophthalmic Solution","একক","Ophthalmic Non-Steroid drugs","The IBN SINA Pharmaceutical PLC","80","80","OTC"
"Anodyne 1% w/w","Anodyne 1% w/w","Diclofenac Sodium","1% w/w","জেল","একক","Drugs for Osteoarthritis, Drugs used for Rheumatoid Arthritis, Non-steroidal Anti-inflammatory Drugs (NSAIDs)","The IBN SINA Pharmaceutical PLC","40","40","OTC"
"Anodyne 50 mg","Anodyne 50 mg","Diclofenac Sodium","50 mg","ট্যাবলেট","10 x 10","Drugs for Osteoarthritis, Drugs used for Rheumatoid Arthritis, Non-steroidal Anti-inflammatory Drugs (NSAIDs)","The IBN SINA Pharmaceutical PLC","1","1","OTC"
"Anodyne Plus (75 mg+20 mg)/2 ml","Anodyne Plus (75 mg+20 mg)/2 ml","Diclofenac Sodium + Lidocaine Hydrochloride","75 mg+20 mg)/2 ml","IM Injection","2 x 5","Drugs for Osteoarthritis, Drugs used for Rheumatoid Arthritis, Non-steroidal Anti-inflammatory Drugs (NSAIDs)","The IBN SINA Pharmaceutical PLC","12","12","OTC"
"Anodyne SR 100 mg","Anodyne SR 100 mg","Diclofenac Sodium","100 mg","Capsule (Sustained Release)","5 x 10","Drugs for Osteoarthritis, Drugs used for Rheumatoid Arthritis, Non-steroidal Anti-inflammatory Drugs (NSAIDs)","The IBN SINA Pharmaceutical PLC","4","4","OTC"
"Anofer 100 mg/5 ml","Anofer 100 mg/5 ml","Iron Sucrose","100 mg/5 ml","IV Injection or Infusion","একক","Parenteral Iron Preparations","Monicopharma Ltd.","300","300","OTC"
"Anol 50 mg","Anol 50 mg","Atenolol","50 mg","ট্যাবলেট","10 x 10","Beta-adrenoceptor blocking drugs, Beta-blockers","Medicon Pharmaceuticals Ltd.","0.8","0.8","OTC"
"Anol 50 mg","Anol 50 mg","Atenolol","50 mg","ট্যাবলেট","100's pack","Beta-adrenoceptor blocking drugs, Beta-blockers","Modern Pharmaceuticals Ltd.","0.77","0.77","OTC"
"Anolol 100 mg","Anolol 100 mg","Atenolol","100 mg","ট্যাবলেট","10 x 10","Beta-adrenoceptor blocking drugs, Beta-blockers","Euro Pharma Ltd.","1.38","1.38","OTC"
"Anolol 50 mg","Anolol 50 mg","Atenolol","50 mg","ট্যাবলেট","10 x 10","Beta-adrenoceptor blocking drugs, Beta-blockers","Euro Pharma Ltd.","0.8","0.8","OTC"
"Anorel (5 mg+5 mg+10 mg+10 mg)/gm","Anorel (5 mg+5 mg+10 mg+10 mg)/gm","Cinchocaine + Hydrocortisone + Neomycin + Esculin","5 mg+5 mg+10 mg+10 mg)/gm","অয়েন্টমেন্ট","একক","Compound steroidal preparations, Drugs used in Ano-rectal region","Popular Pharmaceuticals Ltd.","80.3","80.3","OTC"
"Anosea Plus 25 mg+50 mg","Anosea Plus 25 mg+50 mg","Meclizine + Pyridoxine","25 mg+50 mg","ট্যাবলেট","5 x 10","Anti-emetic drugs","The IBN SINA Pharmaceutical PLC","3","3","OTC"
"Anosil","Anosil","Hydrocortisone Acetate + Benzyl Benzoate + Bismuth Subgallate + Bismuth Oxide + Balsam Peru + Zinc Oxide","","অয়েন্টমেন্ট","একক","Other Topical corticosteroids","Ziska Pharmaceuticals Ltd.","200","200","OTC"
"Anotic 0.5 mg+10 mg","Anotic 0.5 mg+10 mg","Flupentixol + Melitracen","0.5 mg+10 mg","ট্যাবলেট","5 x 10","Combined anxiolytics & anti-depressant drugs","Doctor’s Chemical Works Ltd.","4","4","OTC"
"Anoxa 10 mg","Anoxa 10 mg","Oxazepam","10 mg","ট্যাবলেট","3 x 10","Tricyclic Anti-depressant","Square Pharmaceuticals PLC","3.52","3.52","OTC"
"Anpar 1%","Anpar 1%","Terbinafine Hydrochloride","1%","ক্রিম","একক","Other Antifungal preparations, Topical Antifungal preparations","Doctor’s Chemical Works Ltd.","35","35","OTC"
"Anplat 75 mg","Anplat 75 mg","Clopidogrel Bisulphate","75 mg","ট্যাবলেট","3 x 10","Anti-platelet drugs","Jenphar Bangladesh Ltd.","10","10","OTC"
"Anquil 15 mg","Anquil 15 mg","Midazolam","15 mg","ট্যাবলেট","1 x 10","Benzodiazepine hypnotics, Benzodiazepine sedatives","General Pharmaceuticals Ltd.","22","22","OTC"
"Anquil 15 mg/3 ml","Anquil 15 mg/3 ml","Midazolam","15 mg/3 ml","IM/IV Injection","1 x 5","Benzodiazepine hypnotics, Benzodiazepine sedatives","General Pharmaceuticals Ltd.","120","120","OTC"
"Anquil 7.5 mg","Anquil 7.5 mg","Midazolam","7.5 mg","ট্যাবলেট","3 x 10","Benzodiazepine hypnotics, Benzodiazepine sedatives","General Pharmaceuticals Ltd.","12","12","OTC"
"Anreb 25 mg","Anreb 25 mg","Losartan Potassium","25 mg","ট্যাবলেট","5 x 10","Angiotensin-ll receptor blocker","General Pharmaceuticals Ltd.","4.51","4.51","OTC"
"Anreb 50 mg","Anreb 50 mg","Losartan Potassium","50 mg","ট্যাবলেট","3 x 10","Angiotensin-ll receptor blocker","General Pharmaceuticals Ltd.","10","10","OTC"
"Anreb Plus 100 mg+12.5 mg","Anreb Plus 100 mg+12.5 mg","Losartan Potassium + Hydrochlorothiazide","100 mg+12.5 mg","ট্যাবলেট","2 x 10","Combined antihypertensive preparations","General Pharmaceuticals Ltd.","12","12","OTC"
"Anreb Plus 50 mg+12.5 mg","Anreb Plus 50 mg+12.5 mg","Losartan Potassium + Hydrochlorothiazide","50 mg+12.5 mg","ট্যাবলেট","3 x 10","Combined antihypertensive preparations","General Pharmaceuticals Ltd.","9","9","OTC"
"Anril 400 mcg/spray","Anril 400 mcg/spray","Nitroglycerin","400 mcg/spray","Topical Spray","একক","Nitrates: Coronary vasodilators","Square Pharmaceuticals PLC","270","270","OTC"
"Anril 50 mg/10 ml","Anril 50 mg/10 ml","Nitroglycerin (IV Infusion)","50 mg/10 ml","আইভি ইনফিউশন","4 x 1","Nitrates: Coronary vasodilators","Square Pharmaceuticals PLC","75.5","75.5","Rx"
"Anril SR 2.6 mg","Anril SR 2.6 mg","Nitroglycerin","2.6 mg","Tablet (Sustained Release)","5 x 10","Nitrates: Coronary vasodilators","Square Pharmaceuticals PLC","5","5","OTC"
"Anset 16 mg","Anset 16 mg","Ondansetron","16 mg","সাপোজিটরি","2 x 5","Anti-emetic drugs","Opsonin Pharma Ltd.","15","15","OTC"
"Anset 4 mg","Anset 4 mg","Ondansetron","4 mg","ট্যাবলেট","3 x 14","Anti-emetic drugs","Opsonin Pharma Ltd.","4.54","4.54","OTC"
"Anset 4 mg/5 ml","Anset 4 mg/5 ml","Ondansetron","4 mg/5 ml","Oral Solution","একক","Anti-emetic drugs","Opsonin Pharma Ltd.","50","50","OTC"
"Anset 8 mg","Anset 8 mg","Ondansetron","8 mg","ট্যাবলেট","3 x 14","Anti-emetic drugs","Opsonin Pharma Ltd.","11","11","OTC"
"Anset 8 mg/4 ml","Anset 8 mg/4 ml","Ondansetron","8 mg/4 ml","IM/IV Injection","2 x 5","Anti-emetic drugs","Opsonin Pharma Ltd.","32","32","OTC"
"Ansulin 30%+70% in 100 IU/ml","Ansulin 30%+70% in 100 IU/ml","Regular Insulin Human + Isophane Insulin Human","30%+70% in 100 IU/ml","SC Injection","একক","","Square Pharmaceuticals PLC","415","415","OTC"
"Ansulin 30%+70% in 40 IU/ml","Ansulin 30%+70% in 40 IU/ml","Regular Insulin Human + Isophane Insulin Human","30%+70% in 40 IU/ml","SC Injection","একক","","Square Pharmaceuticals PLC","195","195","OTC"
"Ansulin 50%+50% in 100 IU/ml","Ansulin 50%+50% in 100 IU/ml","Regular Insulin Human + Isophane Insulin Human","50%+50% in 100 IU/ml","SC Injection","একক","","Square Pharmaceuticals PLC","415","415","OTC"
"Ansulin N 100 IU/ml","Ansulin N 100 IU/ml","Insulin Human [rDNA]","100 IU/ml","SC Injection","একক","Long Acting Insulin","Square Pharmaceuticals PLC","415","415","OTC"
"Ansulin R 100 IU/ml","Ansulin R 100 IU/ml","Insulin Human [rDNA]","100 IU/ml","SC Injection","একক","Long Acting Insulin","Square Pharmaceuticals PLC","415","415","OTC"
"Ansulin R 40 IU/ml","Ansulin R 40 IU/ml","Insulin Human [rDNA]","40 IU/ml","SC Injection","একক","Long Acting Insulin","Square Pharmaceuticals PLC","195","195","OTC"
"AnsuPen","AnsuPen","Insulin device & needle","","Insulin Device","একক","","Square Pharmaceuticals PLC","700","700","OTC"
"AnsuPen Twist","AnsuPen Twist","Insulin device & needle","","Insulin Device","একক","","Square Pharmaceuticals PLC","700","700","OTC"
"Antacid Max 400 mg+400 mg+30 mg","Antacid Max 400 mg+400 mg+30 mg","Aluminium Hydroxide + Magnesium Hydroxide + Simethicone","400 mg+400 mg+30 mg","Chewable Tablet","20 x 10","Antacids","Beximco Pharmaceuticals Ltd.","2","2","OTC"
"Antacid Plus (400 mg+400 mg+30 mg)/5 ml","Antacid Plus (400 mg+400 mg+30 mg)/5 ml","Aluminium Hydroxide + Magnesium Hydroxide + Simethicone","400 mg+400 mg+30 mg)/5 ml","Oral Suspension","একক","Antacids","Pharmik Laboratories Ltd.","80","80","OTC"
"Antacid Plus 400 mg+400 mg+30 mg","Antacid Plus 400 mg+400 mg+30 mg","Aluminium Hydroxide + Magnesium Hydroxide + Simethicone","400 mg+400 mg+30 mg","Chewable Tablet","20 x 10","Antacids","Pharmik Laboratories Ltd.","1.98","1.98","OTC"
"Antage 200 mg+200 mg","Antage 200 mg+200 mg","Vitamin C + Vitamin E","200 mg+200 mg","ট্যাবলেট","1 x 30","Anti-oxidant Multivitamin preparations, Specific combined vitamin preparations","Euro Pharma Ltd.","5","5","OTC"
"Antaluk 10 mg","Antaluk 10 mg","Montelukast Sodium","10 mg","ট্যাবলেট","2 x 10","Leukotriene receptor antagonists","United Pharmaceuticals Ltd.","15","15","OTC"
"Antanil (200 mg+400 mg)/5 ml","Antanil (200 mg+400 mg)/5 ml","Aluminium Hydroxide + Magnesium Hydroxide","200 mg+400 mg)/5 ml","Oral Suspension","একক","Antacids","The IBN SINA Pharmaceutical PLC","45","45","OTC"
"Antanil 250 mg+400 mg","Antanil 250 mg+400 mg","Aluminium Hydroxide + Magnesium Hydroxide","250 mg+400 mg","Chewable Tablet","20 x 10","Antacids","The IBN SINA Pharmaceutical PLC","0.64","0.64","OTC"
"Antanil Plus (200 mg+400 mg+30 mg)/5 ml","Antanil Plus (200 mg+400 mg+30 mg)/5 ml","Aluminium Hydroxide + Magnesium Hydroxide + Simethicone","200 mg+400 mg+30 mg)/5 ml","Oral Suspension","একক","Antacids","The IBN SINA Pharmaceutical PLC","75","75","OTC"
"Antanil Plus 400 mg+400 mg+30 mg","Antanil Plus 400 mg+400 mg+30 mg","Aluminium Hydroxide + Magnesium Hydroxide + Simethicone","400 mg+400 mg+30 mg","Chewable Tablet","10 x 10","Antacids","The IBN SINA Pharmaceutical PLC","1.5","1.5","OTC"
"Antazol 0.05%","Antazol 0.05%","Xylometazoline Hydrochloride","0.05%","Nasal Drop","12's pack","Nasal Anti-histamine preparations","Square Pharmaceuticals PLC","18","18","OTC"
"Antazol 0.1%","Antazol 0.1%","Xylometazoline Hydrochloride","0.1%","Nasal Drop","12's pack","Nasal Anti-histamine preparations","Square Pharmaceuticals PLC","20","20","OTC"
"Antazol Plus (2.6 mg+0.0325 mg)/spray","Antazol Plus (2.6 mg+0.0325 mg)/spray","Sodium Cromoglicate + Xylometazoline Hydrochloride","2.6 mg+0.0325 mg)/spray","নেজাল স্প্রে","একক","Mast Cell Stabiliser","Square Pharmaceuticals PLC","130","130","OTC"
"Antepsin 1000 mg","Antepsin 1000 mg","Sucralfate","1000 mg","ট্যাবলেট","100's pack","Chelating complex","Kemiko Pharmaceuticals Ltd.","5.52","5.52","OTC"
"Anthel DS 400 mg","Anthel DS 400 mg","Albendazole","400 mg","Chewable Tablet","50's pack","Anthelmintic","Seema Pharmaceuticals Ltd.","4.2","4.2","OTC"
"Antif 125 mg/1.25 ml","Antif 125 mg/1.25 ml","Amoxicillin Trihydrate","125 mg/1.25 ml","Pediatric Drops","একক","Broad spectrum penicillins","Rangs Pharmaceuticals Ltd.","30.1","30.1","OTC"
"Antif 125 mg/5 ml","Antif 125 mg/5 ml","Amoxicillin Trihydrate","125 mg/5 ml","পাউডার সাসপেনশন","একক","Broad spectrum penicillins","Rangs Pharmaceuticals Ltd.","47.6","47.6","OTC"
"Antif 250 mg","Antif 250 mg","Amoxicillin Trihydrate","250 mg","ক্যাপসুল","10 x 10","Broad spectrum penicillins","Rangs Pharmaceuticals Ltd.","3.62","3.62","OTC"
"Antif 500 mg","Antif 500 mg","Amoxicillin Trihydrate","500 mg","ক্যাপসুল","5 x 10","Broad spectrum penicillins","Rangs Pharmaceuticals Ltd.","6.78","6.78","OTC"
"Antif DS 250 mg/5 ml","Antif DS 250 mg/5 ml","Amoxicillin Trihydrate","250 mg/5 ml","পাউডার সাসপেনশন","একক","Broad spectrum penicillins","Rangs Pharmaceuticals Ltd.","65.2","65.2","OTC"
"Antigall 150 mg","Antigall 150 mg","Ursodeoxycholic Acid","150 mg","ট্যাবলেট","3 x 10","Anti-gallstones drugs: Bile Acids","Incepta Pharmaceuticals Ltd.","13","13","OTC"
"Antigall 300 mg","Antigall 300 mg","Ursodeoxycholic Acid","300 mg","ট্যাবলেট","2 x 10","Anti-gallstones drugs: Bile Acids","Incepta Pharmaceuticals Ltd.","22","22","OTC"
"Antigrain 0.5 mg","Antigrain 0.5 mg","Pizotifen","0.5 mg","ট্যাবলেট","5 x 10","Anti-histamine Preparations, Other drugs for migraine","The IBN SINA Pharmaceutical PLC","3.25","3.25","OTC"
"Antikof (100 mg+1.1 mg+14 mg)/5 ml","Antikof (100 mg+1.1 mg+14 mg)/5 ml","Guaifenesin + Levomenthol + Diphenhydramine","100 mg+1.1 mg+14 mg)/5 ml","সিরাপ","একক","Combined cough expectorants","Ad-din Pharmaceuticals Ltd.","80","80","OTC"
"Antima 100 mg/5 ml","Antima 100 mg/5 ml","Cefixime Trihydrate","100 mg/5 ml","পাউডার সাসপেনশন","একক","Third generation cephalosporins","Jayson Pharmaceutical Ltd.","220","220","OTC"
"Antima 200 mg","Antima 200 mg","Cefixime Trihydrate","200 mg","ক্যাপসুল","1 x 4","Third generation cephalosporins","Jayson Pharmaceutical Ltd.","40","40","OTC"
"Antima 400 mg","Antima 400 mg","Cefixime Trihydrate","400 mg","ক্যাপসুল","1 x 4","Third generation cephalosporins","Jayson Pharmaceutical Ltd.","50.15","50.15","OTC"
"Antiplet 75 mg","Antiplet 75 mg","Clopidogrel Bisulphate","75 mg","ট্যাবলেট","30's pack","Anti-platelet drugs","Rangs Pharmaceuticals Ltd.","10.03","10.03","OTC"
"Antipro 200 mg/5 ml","Antipro 200 mg/5 ml","Metronidazole","200 mg/5 ml","Oral Suspension","একক","Amoebicides, Anti-diarrhoeal antiprotozoal","Rangs Pharmaceuticals Ltd.","29.89","29.89","OTC"
"Antipro 400 mg","Antipro 400 mg","Metronidazole","400 mg","ট্যাবলেট","10 x 10","Amoebicides, Anti-diarrhoeal antiprotozoal","Rangs Pharmaceuticals Ltd.","1.55","1.55","OTC"
"Antiscar 100 mg+50 IU+10 mg","Antiscar 100 mg+50 IU+10 mg","Allium cepa + Heparin + Allantoin","100 mg+50 IU+10 mg","Topical Gel","একক","","Square Pharmaceuticals PLC","300","300","OTC"
"Antiseptic Liquid","অ্যান্টিসেপটিক লিকুইড","অ্যান্টিসেপটিক","","Liquid","২৫০ মি.লি.","","ACI","210","250","OTC"
"Antismin 2 mg/5 ml","Antismin 2 mg/5 ml","Chlorpheniramine Maleate","2 mg/5 ml","সিরাপ","একক","Sedating Anti-histamine","Silco Pharmaceutical Ltd.","21.77","21.77","OTC"
"Antison 0.5 mg+10 mg","Antison 0.5 mg+10 mg","Flupentixol + Melitracen","0.5 mg+10 mg","ট্যাবলেট","10 x 10","Combined anxiolytics & anti-depressant drugs","Asiatic Laboratories Ltd.","5","5","OTC"
"Antista 2 mg/5 ml","Antista 2 mg/5 ml","Chlorpheniramine Maleate","2 mg/5 ml","সিরাপ","একক","Sedating Anti-histamine","Square Pharmaceuticals PLC","30","30","OTC"
"Antivenom","Antivenom","Snake Venom Antiserum","","ইনজেকশন","একক","Vaccines, Anti-sera & Immunoglobulin","Incepta Pharmaceuticals Ltd.","1400","1400","Rx"
"Antixa 2.5 mg","Antixa 2.5 mg","Apixaban","2.5 mg","ট্যাবলেট","3 x 10","Anti-coagulants, Anti-platelet drugs, Fibrinolytics (Thrombolytics), Oral Anti-coagulants","General Pharmaceuticals Ltd.","10","10","OTC"
"Antixa 5 mg","Antixa 5 mg","Apixaban","5 mg","ট্যাবলেট","3 x 10","Anti-coagulants, Anti-platelet drugs, Fibrinolytics (Thrombolytics), Oral Anti-coagulants","General Pharmaceuticals Ltd.","20","20","OTC"
"Antixit 0.5 mg+10 mg","Antixit 0.5 mg+10 mg","Flupentixol + Melitracen","0.5 mg+10 mg","ট্যাবলেট","10 x 10","Combined anxiolytics & anti-depressant drugs","Pharmik Laboratories Ltd.","5","5","OTC"
"Antogin ER 500 mg","Antogin ER 500 mg","Ranolazine","500 mg","Tablet (Extended Release)","5 x 6","Other Anti-anginal & Anti-ischaemic drugs","Renata PLC","16","16","OTC"
"Antoris MR 35 mg","Antoris MR 35 mg","Trimetazidine Dihydrochloride","35 mg","Tablet (Modified Release)","2 x 21","Other Anti-anginal & Anti-ischaemic drugs","Opsonin Pharma Ltd.","7","7","OTC"
"Antox 6 mg+200 mg+50 mg","Antox 6 mg+200 mg+50 mg","Beta carotene + Vitamin C + Vitamin E","6 mg+200 mg+50 mg","ট্যাবলেট","1 x 20","Anti-oxidant Multivitamin preparations","ACME Laboratories Ltd.","2.55","2.55","OTC"
"Antrenex 5 mg","Antrenex 5 mg","Oxyphenonium Bromide","5 mg","ট্যাবলেট","10 x 10","Anticholinergics (antimuscarinics)/ Anti-spasmodics","Opsonin Pharma Ltd.","1.25","1.25","OTC"
"Antrenyl 5 mg","Antrenyl 5 mg","Oxyphenonium Bromide","5 mg","ট্যাবলেট","10 x 10","Anticholinergics (antimuscarinics)/ Anti-spasmodics","SANDOZ (A Novartis Division)","4","4","OTC"
"Antrin 10 mg","Antrin 10 mg","Cetirizine Hydrochloride","10 mg","ট্যাবলেট","100's pack","Sedating Anti-histamine","Central Pharmaceuticals Ltd.","2.5","2.5","OTC"
"Antuss Plus (100 mg+1.1 mg+14 mg)/5 ml","Antuss Plus (100 mg+1.1 mg+14 mg)/5 ml","Guaifenesin + Levomenthol + Diphenhydramine","100 mg+1.1 mg+14 mg)/5 ml","সিরাপ","একক","Combined cough expectorants","Gaco Pharmaceuticals Ltd.","80","80","OTC"
"Anulid 100 mg/5 ml","Anulid 100 mg/5 ml","Linezolid","100 mg/5 ml","পাউডার সাসপেনশন","একক","Macrolides","Healthcare Pharmaceuticals Ltd.","280","280","OTC"
"Anulid 400 mg","Anulid 400 mg","Linezolid","400 mg","ট্যাবলেট","2 x 10","Macrolides","Healthcare Pharmaceuticals Ltd.","60","60","OTC"
"Anulid 600 mg","Anulid 600 mg","Linezolid","600 mg","ট্যাবলেট","2 x 6","Macrolides","Healthcare Pharmaceuticals Ltd.","85","85","OTC"
"Anustat (5 mg+5 mg+10 mg+10 mg)/gm","Anustat (5 mg+5 mg+10 mg+10 mg)/gm","Cinchocaine + Hydrocortisone + Neomycin + Esculin","5 mg+5 mg+10 mg+10 mg)/gm","অয়েন্টমেন্ট","একক","Compound steroidal preparations, Drugs used in Ano-rectal region","Beximco Pharmaceuticals Ltd.","80","80","OTC"
"Anuva 50 mg","Anuva 50 mg","Diclofenac Potassium","50 mg","ট্যাবলেট","5 x 10","Drugs for Osteoarthritis, Drugs used for Rheumatoid Arthritis, Non-steroidal Anti-inflammatory Drugs (NSAIDs)","Nevian Lifescience PLC","8.02","8.02","OTC"
"Anvert 25 mg+50 mg","Anvert 25 mg+50 mg","Meclizine + Pyridoxine","25 mg+50 mg","ট্যাবলেট","5 x 10","Anti-emetic drugs","Orion Pharma Ltd.","3.01","3.01","OTC"
"Anxicon 0.5 mg+10 mg","Anxicon 0.5 mg+10 mg","Flupentixol + Melitracen","0.5 mg+10 mg","ট্যাবলেট","5 x 10","Combined anxiolytics & anti-depressant drugs","Veritas Pharmaceuticals Ltd.","5.01","5.01","OTC"
"Anxino 0.5 mg+10 mg","Anxino 0.5 mg+10 mg","Flupentixol + Melitracen","0.5 mg+10 mg","ট্যাবলেট","5 x 10","Combined anxiolytics & anti-depressant drugs","Everest Pharmaceuticals Ltd.","5","5","OTC"
"Anxio 3 mg","Anxio 3 mg","Bromazepam","3 mg","ট্যাবলেট","3 x 10","Benzodiazepine sedatives","UniMed UniHealth Pharmaceuticals Ltd.","4.5","4.5","OTC"
"Anxionil 3 mg","Anxionil 3 mg","Bromazepam","3 mg","ট্যাবলেট","5 x 10","Benzodiazepine sedatives","NIPRO JMI Pharma Ltd.","5.02","5.02","OTC"
"Anxirel 3 mg","Anxirel 3 mg","Bromazepam","3 mg","ট্যাবলেট","50's pack","Benzodiazepine sedatives","Novo Healthcare and Pharma Ltd.","4.01","4.01","OTC"
"Anxit 0.5 mg+10 mg","Anxit 0.5 mg+10 mg","Flupentixol + Melitracen","0.5 mg+10 mg","ট্যাবলেট","3 x 10","Combined anxiolytics & anti-depressant drugs","NIPRO JMI Pharma Ltd.","5.02","5.02","OTC"
"Anxitol 0.5 mg+10 mg","Anxitol 0.5 mg+10 mg","Flupentixol + Melitracen","0.5 mg+10 mg","ট্যাবলেট","50's pack","Combined anxiolytics & anti-depressant drugs","Cosmic Pharma Ltd.","4","4","OTC"
"Anzet 0.5 mg+10 mg","Anzet 0.5 mg+10 mg","Flupentixol + Melitracen","0.5 mg+10 mg","ট্যাবলেট","10 x 10","Combined anxiolytics & anti-depressant drugs","Popular Pharmaceuticals Ltd.","5","5","OTC"
"Anzidon MR 35 mg","Anzidon MR 35 mg","Trimetazidine Dihydrochloride","35 mg","Tablet (Modified Release)","3 x 10","Other Anti-anginal & Anti-ischaemic drugs","Renata PLC","8","8","OTC"
"Anzitor 10 mg","Anzitor 10 mg","Atorvastatin Calcium","10 mg","ট্যাবলেট","5 x 10","Other Anti-anginal & Anti-ischaemic drugs, Statins","Square Pharmaceuticals PLC","12","12","OTC"
"Anzitor 20 mg","Anzitor 20 mg","Atorvastatin Calcium","20 mg","ট্যাবলেট","3 x 10","Other Anti-anginal & Anti-ischaemic drugs, Statins","Square Pharmaceuticals PLC","20","20","OTC"
"Anzitor 40 mg","Anzitor 40 mg","Atorvastatin Calcium","40 mg","ট্যাবলেট","1 x 10","Other Anti-anginal & Anti-ischaemic drugs, Statins","Square Pharmaceuticals PLC","28","28","OTC"
"Anzitor EZ 10 mg+10 mg","Anzitor EZ 10 mg+10 mg","Atorvastatin + Ezetimibe","10 mg+10 mg","ট্যাবলেট","3 x 10","Other lipid regulating drugs","Square Pharmaceuticals PLC","14","14","OTC"
"Anzitor EZ 20 mg+10 mg","Anzitor EZ 20 mg+10 mg","Atorvastatin + Ezetimibe","20 mg+10 mg","ট্যাবলেট","3 x 10","Other lipid regulating drugs","Square Pharmaceuticals PLC","22","22","OTC"
"Anzole 200 mg/5 ml","Anzole 200 mg/5 ml","Metronidazole","200 mg/5 ml","Oral Suspension","একক","Amoebicides, Anti-diarrhoeal antiprotozoal","Monicopharma Ltd.","25","25","OTC"
"Anzole 400 mg","Anzole 400 mg","Metronidazole","400 mg","ট্যাবলেট","10 x 10","Amoebicides, Anti-diarrhoeal antiprotozoal","Monicopharma Ltd.","1.15","1.15","OTC"
"Apagrel 10 mg","Apagrel 10 mg","Prasugrel Hydrochloride","10 mg","ট্যাবলেট","3 x 10","Anti-platelet drugs","Healthcare Pharmaceuticals Ltd.","20","20","OTC"
"Apagrel 5 mg","Apagrel 5 mg","Prasugrel Hydrochloride","5 mg","ট্যাবলেট","3 x 10","Anti-platelet drugs","Healthcare Pharmaceuticals Ltd.","14","14","OTC"
"Apain Plus (75 mg+20 mg)/2 ml","Apain Plus (75 mg+20 mg)/2 ml","Diclofenac Sodium + Lidocaine Hydrochloride","75 mg+20 mg)/2 ml","IM Injection","10's pack","Drugs for Osteoarthritis, Drugs used for Rheumatoid Arthritis, Non-steroidal Anti-inflammatory Drugs (NSAIDs)","Kemiko Pharmaceuticals Ltd.","15.05","15.05","OTC"
"Apain-MS 75 mg+200 mcg","Apain-MS 75 mg+200 mcg","Diclofenac Sodium + Misoprostol","75 mg+200 mcg","ট্যাবলেট","30's pack","Drugs for Osteoarthritis, Drugs used for Rheumatoid Arthritis, Non-steroidal Anti-inflammatory Drugs (NSAIDs)","Kemiko Pharmaceuticals Ltd.","11","11","OTC"
"Apain-TR 100 mg","Apain-TR 100 mg","Diclofenac Sodium","100 mg","Capsule (Timed Release)","50's pack","Drugs for Osteoarthritis, Drugs used for Rheumatoid Arthritis, Non-steroidal Anti-inflammatory Drugs (NSAIDs)","Kemiko Pharmaceuticals Ltd.","3.01","3.01","OTC"
"Apalene 0.1%","Apalene 0.1%","Adapalene","0.1%","ক্রিম","একক","Topical retinoid and related preparations","Incepta Pharmaceuticals Ltd.","60","60","OTC"
"Apaluda 60 mg","Apaluda 60 mg","Apalutamide","60 mg","ট্যাবলেট","3 x 10","Cytotoxic Chemotherapy","Beacon Pharmaceuticals PLC","500","500","OTC"
"Aparkin 100 mg+25 mg","Aparkin 100 mg+25 mg","Levodopa + Benserazide","100 mg+25 mg","ক্যাপসুল","4 x 8","Antiparkinson drugs","Ziska Pharmaceuticals Ltd.","12","12","OTC"
"Aparkin 200 mg+50 mg","Aparkin 200 mg+50 mg","Levodopa + Benserazide","200 mg+50 mg","ক্যাপসুল","4 x 8","Antiparkinson drugs","Ziska Pharmaceuticals Ltd.","18","18","OTC"
"Aparkin 50 mg+12.5 mg","Aparkin 50 mg+12.5 mg","Levodopa + Benserazide","50 mg+12.5 mg","ক্যাপসুল","3 x 10","Antiparkinson drugs","Ziska Pharmaceuticals Ltd.","8","8","OTC"
"Apcard 50 mg","Apcard 50 mg","Atenolol","50 mg","ট্যাবলেট","100's pack","Beta-adrenoceptor blocking drugs, Beta-blockers","APC Pharma Ltd.","0.75","0.75","OTC"
"Apcetrim (200 mg+40 mg)/5 ml","Apcetrim (200 mg+40 mg)/5 ml","Sulphamethoxazole + Trimethoprim","200 mg+40 mg)/5 ml","Oral Suspension","একক","Anti-diarrhoeal antimicrobial drugs, Other antibacterial preparation","APC Pharma Ltd.","22","22","OTC"
"Apcetrim 400 mg+80 mg","Apcetrim 400 mg+80 mg","Sulphamethoxazole + Trimethoprim","400 mg+80 mg","ট্যাবলেট","একক","Anti-diarrhoeal antimicrobial drugs, Other antibacterial preparation","APC Pharma Ltd.","2","2","OTC"
"Apcocid 250 mg+400 mg","Apcocid 250 mg+400 mg","Aluminium Hydroxide + Magnesium Hydroxide","250 mg+400 mg","Chewable Tablet","100's pack","Antacids","Supreme Pharmaceutical Ltd.","0.5","0.5","OTC"
"Apdox 100 mg","Apdox 100 mg","Doxycycline Hydrochloride","100 mg","ক্যাপসুল","10 x 10","Tetracycline group of drugs","Apex Pharma Ltd.","1.5","1.5","OTC"
"Apeclo 100 mg","Apeclo 100 mg","Aceclofenac","100 mg","ট্যাবলেট","10 x 10","Drugs for Osteoarthritis, Drugs used for Rheumatoid Arthritis, Non-steroidal Anti-inflammatory Drugs (NSAIDs)","Apex Pharma Ltd.","3","3","OTC"
"Apeclo SR 200 mg","Apeclo SR 200 mg","Aceclofenac","200 mg","Tablet (Sustained Release)","5 x 10","Drugs for Osteoarthritis, Drugs used for Rheumatoid Arthritis, Non-steroidal Anti-inflammatory Drugs (NSAIDs)","Apex Pharma Ltd.","5","5","OTC"
"Apedom 10 mg","Apedom 10 mg","Domperidone Maleate","10 mg","ট্যাবলেট","100's pack","Motility Stimulants, Motility stimulants/Dopamine antagonist, Prokinetic drugs","Apollo Pharmaceutical Ltd.","2","2","OTC"
"Apedom 5 mg/5 ml","Apedom 5 mg/5 ml","Domperidone Maleate","5 mg/5 ml","Oral Suspension","একক","Motility Stimulants, Motility stimulants/Dopamine antagonist, Prokinetic drugs","Apollo Pharmaceutical Ltd.","27","27","OTC"
"Apefol TR 150 mg+0.5 mg+61.8 mg","Apefol TR 150 mg+0.5 mg+61.8 mg","Ferrous Sulfate + Folic Acid + Zinc Sulfate","150 mg+0.5 mg+61.8 mg","Capsule (Timed Release)","50's pack","Iron, Vitamin & Mineral Combined preparation","APC Pharma Ltd.","2.9","2.9","OTC"
"Apegestrol 160 mg","Apegestrol 160 mg","Megestrol Acetate","160 mg","ট্যাবলেট","3 x 8","","Techno Drugs Ltd.","70","70","OTC"
"Apemeg 160 mg","Apemeg 160 mg","Megestrol Acetate","160 mg","ট্যাবলেট","3 x 5","","Renata PLC","75","75","OTC"
"Apemilast 10 mg","Apemilast 10 mg","Apremilast","10 mg","ট্যাবলেট","3 x 10","Disease-modifying antirheumatic drugs (DMARDs)","Healthcare Pharmaceuticals Ltd.","25","25","OTC"
"Apemilast 30 mg","Apemilast 30 mg","Apremilast","30 mg","ট্যাবলেট","3 x 10","Disease-modifying antirheumatic drugs (DMARDs)","Healthcare Pharmaceuticals Ltd.","60","60","OTC"
"Apetar 160 mg","Apetar 160 mg","Megestrol Acetate","160 mg","ট্যাবলেট","3 x 10","","Healthcare Pharmaceuticals Ltd.","90","90","OTC"
"Apetiz 160 mg","Apetiz 160 mg","Megestrol Acetate","160 mg","ট্যাবলেট","3 x 10","","Aristopharma Ltd.","90","90","OTC"
"Apetiz 200 mg/5 ml","Apetiz 200 mg/5 ml","Megestrol Acetate","200 mg/5 ml","Oral Suspension","একক","","Aristopharma Ltd.","500","500","OTC"
"Apetryl 200 mg/5 ml","Apetryl 200 mg/5 ml","Metronidazole","200 mg/5 ml","Oral Suspension","একক","Amoebicides, Anti-diarrhoeal antiprotozoal","APC Pharma Ltd.","25","25","OTC"
"Apetryl 400 mg","Apetryl 400 mg","Metronidazole","400 mg","ট্যাবলেট","100's pack","Amoebicides, Anti-diarrhoeal antiprotozoal","APC Pharma Ltd.","1.13","1.13","OTC"
"Apevit-B (5 mg+2 mg+2 mg+20 mg)/5 ml","Apevit-B (5 mg+2 mg+2 mg+20 mg)/5 ml","Vitamin B complex","5 mg+2 mg+2 mg+20 mg)/5 ml","সিরাপ","একক","Specific combined vitamin preparations","APC Pharma Ltd.","23","23","OTC"
"Apevit-B 5 mg+2 mg+2 mg+20 mg","Apevit-B 5 mg+2 mg+2 mg+20 mg","Vitamin B complex","5 mg+2 mg+2 mg+20 mg","ট্যাবলেট","45's pack","Specific combined vitamin preparations","APC Pharma Ltd.","0.4","0.4","OTC"
"Apevit-M","Apevit-M","Multivitamin [Pediatric preparation]","","Pediatric Drops","একক","Specific combined vitamin preparations","APC Pharma Ltd.","15","15","OTC"
"Apevit-Z","Apevit-Z","Vitamin B Complex + Zinc","","সিরাপ","একক","Specific mineral & vitamin combined preparations","APC Pharma Ltd.","43","43","OTC"
"Aphrin 500 mg","Aphrin 500 mg","Cephradine","500 mg","ক্যাপসুল","3 x 7","First generation cephalosporins","Apex Pharma Ltd.","14","14","OTC"
"Apiban 2.5 mg","Apiban 2.5 mg","Apixaban","2.5 mg","ট্যাবলেট","2 x 10","Anti-coagulants, Anti-platelet drugs, Fibrinolytics (Thrombolytics), Oral Anti-coagulants","NIPRO JMI Pharma Ltd.","15","15","OTC"
"Apiban 5 mg","Apiban 5 mg","Apixaban","5 mg","ট্যাবলেট","1 x 10","Anti-coagulants, Anti-platelet drugs, Fibrinolytics (Thrombolytics), Oral Anti-coagulants","NIPRO JMI Pharma Ltd.","25","25","OTC"
"Apidone 10 mg","Apidone 10 mg","Domperidone Maleate","10 mg","ট্যাবলেট","10 x 10","Motility Stimulants, Motility stimulants/Dopamine antagonist, Prokinetic drugs","Team Pharmaceuticals Ltd.","3","3","OTC"
"Apidone 5 mg/5 ml","Apidone 5 mg/5 ml","Domperidone Maleate","5 mg/5 ml","Oral Suspension","একক","Motility Stimulants, Motility stimulants/Dopamine antagonist, Prokinetic drugs","Team Pharmaceuticals Ltd.","38","38","OTC"
"Apidra 100 unit/ml","Apidra 100 unit/ml","Insulin Glulisine","","SC Injection","1 x 5","Rapid Acting Insulin","Synovia Pharma PLC.","948","948","OTC"
"Apidra SoloStar 100 unit/ml","Apidra SoloStar 100 unit/ml","Insulin Glulisine","","SC Injection","1 x 5","Rapid Acting Insulin","Synovia Pharma PLC.","1400","1400","OTC"
"Apilac 10 mg","Apilac 10 mg","Ketorolac Tromethamine","10 mg","ট্যাবলেট","30's pack","Drugs used for Rheumatoid Arthritis, Non-Opioid Analgesics","APC Pharma Ltd.","6.67","6.67","OTC"
"Apilast 10 mg","Apilast 10 mg","Apremilast","10 mg","ট্যাবলেট","3 x 10","Disease-modifying antirheumatic drugs (DMARDs)","Labaid Pharma Ltd.","25","25","OTC"
"Apimox 125 mg/1.25 ml","Apimox 125 mg/1.25 ml","Amoxicillin Trihydrate","125 mg/1.25 ml","Pediatric Drops","একক","Broad spectrum penicillins","Apollo Pharmaceutical Ltd.","28","28","OTC"
"Apimox 125 mg/5 ml","Apimox 125 mg/5 ml","Amoxicillin Trihydrate","125 mg/5 ml","পাউডার সাসপেনশন","একক","Broad spectrum penicillins","Apollo Pharmaceutical Ltd.","38.44","38.44","OTC"
"Apimox 250 mg","Apimox 250 mg","Amoxicillin Trihydrate","250 mg","ক্যাপসুল","100's pack","Broad spectrum penicillins","Apollo Pharmaceutical Ltd.","3.45","3.45","OTC"
"Apimox 500 mg","Apimox 500 mg","Amoxicillin Trihydrate","500 mg","ক্যাপসুল","50's pack","Broad spectrum penicillins","Apollo Pharmaceutical Ltd.","6.8","6.8","OTC"
"Apirent 20% w/v","Apirent 20% w/v","Aluminium Chloride Hexahydrate","20% w/v","Topical Solution","একক","Miscellaneous topical agents","Opsonin Pharma Ltd.","190.58","190.58","OTC"
"Apit 160 mg","Apit 160 mg","Megestrol Acetate","160 mg","ট্যাবলেট","3 x 10","","Drug International Ltd.","85","85","OTC"
"Apit 200 mg/5 ml","Apit 200 mg/5 ml","Megestrol Acetate","200 mg/5 ml","Oral Suspension","একক","","Drug International Ltd.","500","500","OTC"
"Apit 40 mg","Apit 40 mg","Megestrol Acetate","40 mg","ট্যাবলেট","3 x 10","","Drug International Ltd.","35","35","OTC"
"Apitac 100 mg","Apitac 100 mg","Aceclofenac","100 mg","ট্যাবলেট","10 x 10","Drugs for Osteoarthritis, Drugs used for Rheumatoid Arthritis, Non-steroidal Anti-inflammatory Drugs (NSAIDs)","ACME Laboratories Ltd.","4.01","4.01","OTC"
"Apitone 200 mg/5 ml","Apitone 200 mg/5 ml","Ferrous Sulfate","200 mg/5 ml","সিরাপ","একক","Oral Iron preparations","Apollo Pharmaceutical Ltd.","24.89","24.89","OTC"
"Apixa 2.5 mg","Apixa 2.5 mg","Apixaban","2.5 mg","ট্যাবলেট","3 x 10","Anti-coagulants, Anti-platelet drugs, Fibrinolytics (Thrombolytics), Oral Anti-coagulants","Beximco Pharmaceuticals Ltd.","15","15","OTC"
"Apixa 5 mg","Apixa 5 mg","Apixaban","5 mg","ট্যাবলেট","2 x 10","Anti-coagulants, Anti-platelet drugs, Fibrinolytics (Thrombolytics), Oral Anti-coagulants","Beximco Pharmaceuticals Ltd.","25","25","OTC"
"Apixan 2.5 mg","Apixan 2.5 mg","Apixaban","2.5 mg","ট্যাবলেট","3 x 10","Anti-coagulants, Anti-platelet drugs, Fibrinolytics (Thrombolytics), Oral Anti-coagulants","UniMed UniHealth Pharmaceuticals Ltd.","10","10","OTC"
"Apixan 5 mg","Apixan 5 mg","Apixaban","5 mg","ট্যাবলেট","3 x 10","Anti-coagulants, Anti-platelet drugs, Fibrinolytics (Thrombolytics), Oral Anti-coagulants","UniMed UniHealth Pharmaceuticals Ltd.","20","20","OTC"
"Aplex (5 mg+2 mg+2 mg+20 mg)/5 ml","Aplex (5 mg+2 mg+2 mg+20 mg)/5 ml","Vitamin B complex","5 mg+2 mg+2 mg+20 mg)/5 ml","সিরাপ","একক","Specific combined vitamin preparations","Apollo Pharmaceutical Ltd.","20.6","20.6","OTC"
"APN 0.225%+10%","APN 0.225%+10%","Sodium Chloride + Dextrose","0.225%+10%","আইভি ইনফিউশন","একক","Intravenous fluid preparations, Parenteral nutritional preparations","OSL Pharma Limited","65.25","65.25","Rx"
"Apnac 50 mg","Apnac 50 mg","Diclofenac Sodium","50 mg","ট্যাবলেট","100's pack","Drugs for Osteoarthritis, Drugs used for Rheumatoid Arthritis, Non-steroidal Anti-inflammatory Drugs (NSAIDs)","Supreme Pharmaceutical Ltd.","0.8","0.8","OTC"
"Apnac SR 100 mg","Apnac SR 100 mg","Diclofenac Sodium","100 mg","Capsule (Sustained Release)","50's pack","Drugs for Osteoarthritis, Drugs used for Rheumatoid Arthritis, Non-steroidal Anti-inflammatory Drugs (NSAIDs)","Supreme Pharmaceutical Ltd.","3","3","OTC"
"Apocal-D 500 mg+200 IU","Apocal-D 500 mg+200 IU","Conventional Calcium + Vitamin D3","500 mg+200 IU","ট্যাবলেট","1 x 15","Specific mineral & vitamin combined preparations","Apex Pharma Ltd.","5","5","OTC"
"Apocal-DM","Apocal-DM","Calcium + Vitamin D3 + Multimineral","","ট্যাবলেট","1 x 15","Specific mineral & vitamin combined preparations","Apex Pharma Ltd.","5","5","OTC"
"Apodin 10% w/v","Apodin 10% w/v","Povidone Iodine","10% w/v","সলিউশন","একক","Iodine compounds (Anti-septic Preparations)","Globe Pharmaceuticals Ltd.","86","86","OTC"
"Apodin 5% w/w","Apodin 5% w/w","Povidone Iodine","5% w/w","অয়েন্টমেন্ট","একক","Iodine compounds (Anti-septic Preparations)","Globe Pharmaceuticals Ltd.","15","15","OTC"
"Apoket 10 mg","Apoket 10 mg","Ketorolac Tromethamine","10 mg","ট্যাবলেট","30's pack","Drugs used for Rheumatoid Arthritis, Non-Opioid Analgesics","Apollo Pharmaceutical Ltd.","10","10","OTC"
"Aponia 1000 mg","Aponia 1000 mg","Nabumetone","1000 mg","ট্যাবলেট","1 x 10","Drugs for Osteoarthritis, Drugs used for Rheumatoid Arthritis","One Pharma Ltd.","28","28","OTC"
"Aponia 500 mg","Aponia 500 mg","Nabumetone","500 mg","ট্যাবলেট","3 x 10","Drugs for Osteoarthritis, Drugs used for Rheumatoid Arthritis","One Pharma Ltd.","15","15","OTC"
"Aponia 750 mg","Aponia 750 mg","Nabumetone","750 mg","ট্যাবলেট","2 x 10","Drugs for Osteoarthritis, Drugs used for Rheumatoid Arthritis","One Pharma Ltd.","22","22","OTC"
"Apoxy 125 mg/5 ml","Apoxy 125 mg/5 ml","Amoxicillin Trihydrate","125 mg/5 ml","পাউডার সাসপেনশন","একক","Broad spectrum penicillins","Apex Pharma Ltd.","70","70","OTC"
"Apoxy 500 mg","Apoxy 500 mg","Amoxicillin Trihydrate","500 mg","ক্যাপসুল","5 x 10","Broad spectrum penicillins","Apex Pharma Ltd.","7.5","7.5","OTC"
"Apoxyclav (125 mg+31.25 mg)/5 ml","Apoxyclav (125 mg+31.25 mg)/5 ml","Amoxicillin + Clavulanic Acid","125 mg+31.25 mg)/5 ml","পাউডার সাসপেনশন","একক","Broad spectrum penicillins","Apex Pharma Ltd.","150","150","OTC"
"Apozyth 200 mg/5 ml","Apozyth 200 mg/5 ml","Azithromycin Dihydrate","200 mg/5 ml","পাউডার সাসপেনশন","একক","Macrolides","Apollo Pharmaceutical Ltd.","130","130","OTC"
"Apozyth 500 mg","Apozyth 500 mg","Azithromycin Dihydrate","500 mg","ট্যাবলেট","12's pack","Macrolides","Apollo Pharmaceutical Ltd.","30","30","OTC"
"Appras 10 mg","Appras 10 mg","Prasugrel Hydrochloride","10 mg","ট্যাবলেট","1 x 10","Anti-platelet drugs","UniMed UniHealth Pharmaceuticals Ltd.","25","25","OTC"
"Appras 5 mg","Appras 5 mg","Prasugrel Hydrochloride","5 mg","ট্যাবলেট","1 x 10","Anti-platelet drugs","UniMed UniHealth Pharmaceuticals Ltd.","14","14","OTC"
"Apremig ODT 75 mg","Apremig ODT 75 mg","Rimegepant","75 mg","Dispersible Tablet","2 x 4","Other drugs for migraine","ACI Limited","150","150","OTC"
"Apresin 0.5 mg+10 mg","Apresin 0.5 mg+10 mg","Fluphenazine + Nortriptyline","0.5 mg+10 mg","ট্যাবলেট","10 x 10","Combined anxiolytics & anti-depressant drugs","Beximco Pharmaceuticals Ltd.","1.05","1.05","OTC"
"Apridex 40 mg","Apridex 40 mg","Aprepitant","40 mg","ক্যাপসুল","1 x 5","Anti-emetic drugs","Drug International Ltd.","50","50","OTC"
"Aprila 10 mg","Aprila 10 mg","Apremilast","10 mg","ট্যাবলেট","1 x 14","Disease-modifying antirheumatic drugs (DMARDs)","Drug International Ltd.","25","25","OTC"
"Aprila 30 mg","Aprila 30 mg","Apremilast","30 mg","ট্যাবলেট","1 x 14","Disease-modifying antirheumatic drugs (DMARDs)","Drug International Ltd.","60","60","OTC"
"Aprima 10 mg","Aprima 10 mg","Apremilast","10 mg","ট্যাবলেট","2 x 10","Disease-modifying antirheumatic drugs (DMARDs)","Incepta Pharmaceuticals Ltd.","25","25","OTC"
"Aprima 30 mg","Aprima 30 mg","Apremilast","30 mg","ট্যাবলেট","2 x 10","Disease-modifying antirheumatic drugs (DMARDs)","Incepta Pharmaceuticals Ltd.","60","60","OTC"
"Aprocin 0.3%","Aprocin 0.3%","Ciprofloxacin (Ophthalmic)","0.3%","Ophthalmic Solution","একক","4-Quinolone preparations, Aural Anti-bacterial preparations, Ophthalmic antibacterial drugs","Aristopharma Ltd.","50","50","OTC"
"Aprocin 0.3%","Aprocin 0.3%","Ciprofloxacin (Ophthalmic)","0.3%","Ophthalmic Ointment","একক","4-Quinolone preparations, Aural Anti-bacterial preparations, Ophthalmic antibacterial drugs","Aristopharma Ltd.","35","35","OTC"
"Aprocin 250 mg/5 ml","Aprocin 250 mg/5 ml","Ciprofloxacin","250 mg/5 ml","পাউডার সাসপেনশন","একক","4-Quinolone preparations, Anti-diarrhoeal antimicrobial drugs","Aristopharma Ltd.","100","100","OTC"
"Aprocin 500 mg","Aprocin 500 mg","Ciprofloxacin","500 mg","ট্যাবলেট","3 x 10","4-Quinolone preparations, Anti-diarrhoeal antimicrobial drugs","Aristopharma Ltd.","15","15","OTC"
"Aprodex 0.3%+0.1%","Aprodex 0.3%+0.1%","Ciprofloxacin + Dexamethasone","0.3%+0.1%","Ophthalmic Solution","একক","Aural steroid & antibiotic combined preparations","Aristopharma Ltd.","75","75","OTC"
"Aprodust 2 mg","Aprodust 2 mg","Daprodustat","2 mg","ট্যাবলেট","2 x 10","","The IBN SINA Pharmaceutical PLC","60","60","OTC"
"Aprodust 4 mg","Aprodust 4 mg","Daprodustat","4 mg","ট্যাবলেট","2 x 10","","The IBN SINA Pharmaceutical PLC","90","90","OTC"
"Aproxi 40 mg","Aproxi 40 mg","Aprepitant","40 mg","ক্যাপসুল","1 x 10","Anti-emetic drugs","Beacon Pharmaceuticals PLC","50","50","OTC"
"Aproxi EZY 125 mg+80 mg+80 mg","Aproxi EZY 125 mg+80 mg+80 mg","Aprepitant","125 mg+80 mg+80 mg","ক্যাপসুল","একক","Anti-emetic drugs","Beacon Pharmaceuticals PLC","350","350","OTC"
"Apsol 5%","Apsol 5%","Amlexanox","5%","Oral Paste","একক","","Square Pharmaceuticals PLC","80","80","OTC"
"APT 75 mg","APT 75 mg","Clopidogrel Bisulphate","75 mg","ট্যাবলেট","2 x 10","Anti-platelet drugs","Sharif Pharmaceuticals Ltd.","10.03","10.03","OTC"
"Aptin 50 mg","Aptin 50 mg","Vildagliptin","50 mg","ট্যাবলেট","3 x 10","Dipeptidyl Peptidase-4 (DPP-4) inhibitor","ACI Limited","22","22","OTC"
"Aptin M 50 mg+500 mg","Aptin M 50 mg+500 mg","Vildagliptin + Metformin Hydrochloride","50 mg+500 mg","ট্যাবলেট","3 x 10","Combination Oral hypoglycemic preparations","ACI Limited","25","25","OTC"
"Aptin M 50 mg+850 mg","Aptin M 50 mg+850 mg","Vildagliptin + Metformin Hydrochloride","50 mg+850 mg","ট্যাবলেট","3 x 10","Combination Oral hypoglycemic preparations","ACI Limited","25","25","OTC"
"Aptofen 1 mg/5 ml","Aptofen 1 mg/5 ml","Ketotifen Fumarate (Oral)","1 mg/5 ml","সিরাপ","একক","Cromoglycate & related drugs","Apollo Pharmaceutical Ltd.","40","40","OTC"
"Aptrim (200 mg+40 mg)/5 ml","Aptrim (200 mg+40 mg)/5 ml","Sulphamethoxazole + Trimethoprim","200 mg+40 mg)/5 ml","Oral Suspension","একক","Anti-diarrhoeal antimicrobial drugs, Other antibacterial preparation","Apollo Pharmaceutical Ltd.","20.54","20.54","OTC"
"Aptrim 800 mg+160 mg","Aptrim 800 mg+160 mg","Sulphamethoxazole + Trimethoprim","800 mg+160 mg","ট্যাবলেট","একক","Anti-diarrhoeal antimicrobial drugs, Other antibacterial preparation","Apollo Pharmaceutical Ltd.","2.02","2.02","OTC"
"Apuldon 10 mg","Apuldon 10 mg","Domperidone Maleate","10 mg","ট্যাবলেট","10 x 10","Motility Stimulants, Motility stimulants/Dopamine antagonist, Prokinetic drugs","Aristopharma Ltd.","3.5","3.5","OTC"
"Apuldon 5 mg/5 ml","Apuldon 5 mg/5 ml","Domperidone Maleate","5 mg/5 ml","Oral Suspension","একক","Motility Stimulants, Motility stimulants/Dopamine antagonist, Prokinetic drugs","Aristopharma Ltd.","35","35","OTC"
"Apuldon 5 mg/ml","Apuldon 5 mg/ml","Domperidone Maleate","5 mg/ml","Pediatric Drops","একক","Motility Stimulants, Motility stimulants/Dopamine antagonist, Prokinetic drugs","Aristopharma Ltd.","25","25","OTC"
"Apulset 4 mg/5 ml","Apulset 4 mg/5 ml","Ondansetron","4 mg/5 ml","Oral Solution","একক","Anti-emetic drugs","Aristopharma Ltd.","45","45","OTC"
"Apulset 8 mg","Apulset 8 mg","Ondansetron","8 mg","ট্যাবলেট","3 x 10","Anti-emetic drugs","Aristopharma Ltd.","10","10","OTC"
"Apulset 8 mg/4 ml","Apulset 8 mg/4 ml","Ondansetron","8 mg/4 ml","IM/IV Injection","1 x 5","Anti-emetic drugs","Aristopharma Ltd.","30","30","OTC"
"Aqua 0.25%+0.3%","Aqua 0.25%+0.3%","Carboxymethylcellulose Sodium + Hypromellose","0.25%+0.3%","Ophthalmic Gel","একক","Drugs for Dry eyes","OSL Pharma Limited","200","200","OTC"
"Aqua Care 10% w/w","Aqua Care 10% w/w","Urea (10%)","10% w/w","ক্রিম","একক","Topical urea preparations","Drug International Ltd.","75","75","OTC"
"Aqua Care 25% w/w","Aqua Care 25% w/w","Urea (25%)","25% w/w","ক্রিম","একক","Topical urea preparations","Drug International Ltd.","150","150","OTC"
"Aqua Detox 24H Face cream","Aqua Detox 24H Face cream","Miscellaneous Topical Agents","","ক্রিম","একক","","DBL Healthcare Ltd.","2098","2098","OTC"
"Aqua Detox Serum","Aqua Detox Serum","Miscellaneous Topical Agents","","Serum","একক","","DBL Healthcare Ltd.","2098","2098","OTC"
"Aquacal-D 500 mg+200 IU","Aquacal-D 500 mg+200 IU","Algae Calcium + Vitamin D3","500 mg+200 IU","ট্যাবলেট","6 x 10","Specific mineral & vitamin combined preparations","Popular Pharmaceuticals Ltd.","11","11","OTC"
"Aquacal-DX 600 mg+400 IU","Aquacal-DX 600 mg+400 IU","Algae Calcium + Vitamin D3","600 mg+400 IU","ট্যাবলেট","4 x 10","Specific mineral & vitamin combined preparations","Popular Pharmaceuticals Ltd.","15","15","OTC"
"Aquafresh 1%","Aquafresh 1%","Carboxymethylcellulose Sodium","1%","Ophthalmic Solution","একক","","Popular Pharmaceuticals Ltd.","325","325","OTC"
"Aquafresh PF 1%","Aquafresh PF 1%","Carboxymethylcellulose Sodium","1%","Ophthalmic Solution","একক","","Popular Pharmaceuticals Ltd.","650","650","OTC"
"Aquagest 25 mg/1.119 ml","Aquagest 25 mg/1.119 ml","Progesterone Micronised (SC injection)","25 mg/1.119 ml","SC Injection","1 x 5","Drugs for menopausal symptoms: Hormone replacement therapy, Female Sex hormones","Nuvista Pharma Ltd.","70","70","OTC"
"Aqualax 100% w/w","Aqualax 100% w/w","Polyethylene Glycol 3350","100% w/w","Powder for Solution","একক","Osmotic purgatives","Incepta Pharmaceuticals Ltd.","120","120","OTC"
"Aquaphen (30 mg+100 mg+1.25 mg)/5 ml","Aquaphen (30 mg+100 mg+1.25 mg)/5 ml","Pseudoephedrine + Guaiphenasine + Triprolidine","30 mg+100 mg+1.25 mg)/5 ml","সিরাপ","একক","Combined cough expectorants","Incepta Pharmaceuticals Ltd.","55","55","OTC"
"Aquatear 5% v/v","Aquatear 5% v/v","Povidone Iodine","5% v/v","Ophthalmic Solution","একক","Iodine compounds (Anti-septic Preparations)","Biopharma Limited","90","90","OTC"
"Aquavit","Aquavit","Multivitamin + Cod Liver Oil","","সিরাপ","একক","Specific combined vitamin preparations","Somatec Pharmaceuticals Ltd.","80.3","80.3","OTC"
"Aquisol 0.5%+70%","Aquisol 0.5%+70%","Chlorhexidine Gluconate + Isopropyl alcohol","0.5%+70%","Hand Rub","একক","Chlorhexidine & Chloroxylenol preparations, Other antibacterial preparation","Arges Life Science Limited","40","40","OTC"
"Arafa 400 mg","Arafa 400 mg","Ibuprofen (Oral)","400 mg","ট্যাবলেট","100's pack","Drugs for Osteoarthritis, Drugs used for Rheumatoid Arthritis, Non-steroidal Anti-inflammatory Drugs (NSAIDs)","Hudson Pharmaceuticals Ltd.","1","1","OTC"
"Arain 200 mg","Arain 200 mg","Tolfenamic acid","200 mg","ট্যাবলেট","3 x 10","Drugs used for Rheumatoid Arthritis, Non-steroidal Anti-inflammatory Drugs (NSAIDs), Other drugs for migraine","Opsonin Pharma Ltd.","10","10","OTC"
"Araten 50 mg","Araten 50 mg","Losartan Potassium","50 mg","ট্যাবলেট","3 x 10","Angiotensin-ll receptor blocker","UniMed UniHealth Pharmaceuticals Ltd.","8","8","OTC"
"Araten Plus 50 mg+12.5 mg","Araten Plus 50 mg+12.5 mg","Losartan Potassium + Hydrochlorothiazide","50 mg+12.5 mg","ট্যাবলেট","3 x 10","Combined antihypertensive preparations","UniMed UniHealth Pharmaceuticals Ltd.","8","8","OTC"
"Arbecin 100 mcg/ml","Arbecin 100 mcg/ml","Carbetocin","100 mcg/ml","IV Injection","একক","Drugs acting on the Uterus","Renata PLC","150","150","OTC"
"Arbilon 50 mg","Arbilon 50 mg","Losartan Potassium","50 mg","ট্যাবলেট","3 x 10","Angiotensin-ll receptor blocker","Novatek Pharmaceuticals Ltd.","7","7","OTC"
"Arbilon Plus 50 mg+12.5 mg","Arbilon Plus 50 mg+12.5 mg","Losartan Potassium + Hydrochlorothiazide","50 mg+12.5 mg","ট্যাবলেট","3 x 10","Combined antihypertensive preparations","Novatek Pharmaceuticals Ltd.","8","8","OTC"
"Arbitan 150 mg","Arbitan 150 mg","Irbesartan","150 mg","ট্যাবলেট","3 x 10","Angiotensin-ll receptor blocker","Opsonin Pharma Ltd.","12.05","12.05","OTC"
"Arbitan 75 mg","Arbitan 75 mg","Irbesartan","75 mg","ট্যাবলেট","3 x 10","Angiotensin-ll receptor blocker","Opsonin Pharma Ltd.","6.02","6.02","OTC"
"Arbitan Plus 150 mg+12.5 mg","Arbitan Plus 150 mg+12.5 mg","Irbesartan + Hydrochlorothiazide","150 mg+12.5 mg","ট্যাবলেট","3 x 10","Combined antihypertensive preparations","Opsonin Pharma Ltd.","12.05","12.05","OTC"
"Arbitan Plus 75 mg+12.5 mg","Arbitan Plus 75 mg+12.5 mg","Irbesartan + Hydrochlorothiazide","75 mg+12.5 mg","ট্যাবলেট","3 x 10","Combined antihypertensive preparations","Opsonin Pharma Ltd.","6.03","6.03","OTC"
"Arbitel 20 mg","Arbitel 20 mg","Telmisartan","20 mg","ট্যাবলেট","4 x 14","Angiotensin-ll receptor blocker","ACI Limited","7","7","OTC"
"Arbitel 40 mg","Arbitel 40 mg","Telmisartan","40 mg","ট্যাবলেট","4 x 14","Angiotensin-ll receptor blocker","ACI Limited","12.5","12.5","OTC"
"Arbitel 80 mg","Arbitel 80 mg","Telmisartan","80 mg","ট্যাবলেট","3 x 10","Angiotensin-ll receptor blocker","ACI Limited","20","20","OTC"
"Arbitel AM 5 mg+40 mg","Arbitel AM 5 mg+40 mg","Amlodipine Besilate + Telmisartan","5 mg+40 mg","ট্যাবলেট","3 x 10","Combined antihypertensive preparations","ACI Limited","12.5","12.5","OTC"
"Arbitel AM 5 mg+80 mg","Arbitel AM 5 mg+80 mg","Amlodipine Besilate + Telmisartan","5 mg+80 mg","ট্যাবলেট","3 x 10","Combined antihypertensive preparations","ACI Limited","20","20","OTC"
"Arbitel Plus 40 mg+12.5 mg","Arbitel Plus 40 mg+12.5 mg","Telmisartan + Hydrochlorothiazide","40 mg+12.5 mg","ট্যাবলেট","5 x 14","Combined antihypertensive preparations","ACI Limited","18","18","OTC"
"Arbitel Plus 80 mg+12.5 mg","Arbitel Plus 80 mg+12.5 mg","Telmisartan + Hydrochlorothiazide","80 mg+12.5 mg","ট্যাবলেট","3 x 10","Combined antihypertensive preparations","ACI Limited","20","20","OTC"
"Arbium 100 mg","Arbium 100 mg","Losartan Potassium","100 mg","ট্যাবলেট","3 x 10","Angiotensin-ll receptor blocker","Asiatic Laboratories Ltd.","12","12","OTC"
"Arbium 25 mg","Arbium 25 mg","Losartan Potassium","25 mg","ট্যাবলেট","5 x 10","Angiotensin-ll receptor blocker","Asiatic Laboratories Ltd.","3.5","3.5","OTC"
"Arbium 50 mg","Arbium 50 mg","Losartan Potassium","50 mg","ট্যাবলেট","5 x 10","Angiotensin-ll receptor blocker","Asiatic Laboratories Ltd.","8","8","OTC"
"Arbium Plus 100 mg+12.5 mg","Arbium Plus 100 mg+12.5 mg","Losartan Potassium + Hydrochlorothiazide","100 mg+12.5 mg","ট্যাবলেট","3 x 10","Combined antihypertensive preparations","Asiatic Laboratories Ltd.","10","10","OTC"
"Arbium Plus 100 mg+25 mg","Arbium Plus 100 mg+25 mg","Losartan Potassium + Hydrochlorothiazide","100 mg+25 mg","ট্যাবলেট","3 x 10","Combined antihypertensive preparations","Asiatic Laboratories Ltd.","10","10","OTC"
"Arbium Plus 50 mg+12.5 mg","Arbium Plus 50 mg+12.5 mg","Losartan Potassium + Hydrochlorothiazide","50 mg+12.5 mg","ট্যাবলেট","5 x 10","Combined antihypertensive preparations","Asiatic Laboratories Ltd.","8","8","OTC"
"Arcet 10 mg","Arcet 10 mg","Cetirizine Hydrochloride","10 mg","ট্যাবলেট","10 x 10","Sedating Anti-histamine","NIPRO JMI Pharma Ltd.","2.01","2.01","OTC"
"Arcet 5 mg/5 ml","Arcet 5 mg/5 ml","Cetirizine Hydrochloride","5 mg/5 ml","সিরাপ","একক","Sedating Anti-histamine","NIPRO JMI Pharma Ltd.","30","30","OTC"
"Archi Extra 500 mg+65 mg","Archi Extra 500 mg+65 mg","Paracetamol + Caffeine","500 mg+65 mg","ট্যাবলেট","10 x 10","Non-Opioid Analgesics","Aexim Pharmaceuticals Ltd.","1.5","1.5","OTC"
"Ardance 10 mg","Ardance 10 mg","Empagliflozin","10 mg","ট্যাবলেট","3 x 10","Sodium-glucose Cotransporter-2 (SGLT2) Inhibitors","Pharmacil Limited","30","30","OTC"
"Ardance 25 mg","Ardance 25 mg","Empagliflozin","25 mg","ট্যাবলেট","3 x 10","Sodium-glucose Cotransporter-2 (SGLT2) Inhibitors","Pharmacil Limited","50","50","OTC"
"Ardance-L 10 mg+5 mg","Ardance-L 10 mg+5 mg","Empagliflozin + Linagliptin","10 mg+5 mg","ট্যাবলেট","3 x 10","Sodium-glucose Cotransporter-2 (SGLT2) Inhibitors","Pharmacil Limited","35","35","OTC"
"Ardance-L 25 mg+5 mg","Ardance-L 25 mg+5 mg","Empagliflozin + Linagliptin","25 mg+5 mg","ট্যাবলেট","3 x 10","Sodium-glucose Cotransporter-2 (SGLT2) Inhibitors","Pharmacil Limited","50","50","OTC"
"Ardance-M 5 mg+500 mg","Ardance-M 5 mg+500 mg","Empagliflozin + Metformin Hydrochloride","5 mg+500 mg","ট্যাবলেট","3 x 10","Combination Oral hypoglycemic preparations","Pharmacil Limited","23","23","OTC"
"Ardium 450 mg+50 mg","Ardium 450 mg+50 mg","Diosmin + Hesperidin","450 mg+50 mg","ট্যাবলেট","3 x 10","Phlebotonic & Vascular protecting preparation","Drug International Ltd.","8","8","OTC"
"AREDS","AREDS","6 essential Nutrients with Omega-3","","ক্যাপসুল","4 x 7","Multi-vitamin & Multi-mineral combined preparations","Aristopharma Ltd.","45","45","OTC"
"Arena 10 mg","Arena 10 mg","Vonoprazan","10 mg","ট্যাবলেট","3 x 10","Potassium competitive acid blocker","UniMed UniHealth Pharmaceuticals Ltd.","7","7","OTC"
"Arena 20 mg","Arena 20 mg","Vonoprazan","20 mg","ট্যাবলেট","3 x 10","Potassium competitive acid blocker","UniMed UniHealth Pharmaceuticals Ltd.","10","10","OTC"
"Arexel 20 mg+120 mg","Arexel 20 mg+120 mg","Artemether + Lumefantrine","20 mg+120 mg","ট্যাবলেট","3 x 8","Anti-malarial drugs","Jayson Pharmaceutical Ltd.","17.12","17.12","OTC"
"Argolin 0.5 mg","Argolin 0.5 mg","Cabergoline","0.5 mg","ট্যাবলেট","1 x 4","Antiparkinson drugs","Opsonin Pharma Ltd.","80","80","OTC"
"Aribex 1 mg","Aribex 1 mg","Anastrozole","1 mg","ট্যাবলেট","3 x 10","Hormonal Chemotherapy","Jenphar Bangladesh Ltd.","50","50","OTC"
"Aric 20 mg","Aric 20 mg","Istradefylline","20 mg","ট্যাবলেট","2 x 10","Antiparkinson drugs","Incepta Pharmaceuticals Ltd.","15","15","OTC"
"Aricarb 10 mg/ml","Aricarb 10 mg/ml","Carboplatin","10 mg/ml","আইভি ইনফিউশন","একক","Cytotoxic Chemotherapy","Aristopharma Ltd.","1600","1600","Rx"
"Aride 100 mg","Aride 100 mg","Amisulpride","100 mg","ট্যাবলেট","2 x 10","Atypical neuroleptic drugs","Renata PLC","30","30","OTC"
"Aride 200 mg","Aride 200 mg","Amisulpride","200 mg","ট্যাবলেট","2 x 5","Atypical neuroleptic drugs","Renata PLC","50","50","OTC"
"Aride 50 mg","Aride 50 mg","Amisulpride","50 mg","ট্যাবলেট","3 x 10","Atypical neuroleptic drugs","Renata PLC","20","20","OTC"
"Ariflu (137 mcg+50 mcg)/spray","Ariflu (137 mcg+50 mcg)/spray","Azelastine Hydrochloride + Fluticasone Propionate","137 mcg+50 mcg)/spray","নেজাল স্প্রে","একক","Nasal Steroid Preparations","Eskayef Pharmaceuticals Ltd.","300","300","OTC"
"Arigram 125 mg/5 ml","Arigram 125 mg/5 ml","Erythromycin (Oral)","125 mg/5 ml","পাউডার সাসপেনশন","একক","Anti-diarrhoeal antimicrobial drugs, Macrolides","Central Pharmaceuticals Ltd.","60","60","OTC"
"Arilet 2.5 mg","Arilet 2.5 mg","Letrozole","2.5 mg","ট্যাবলেট","1 x 10","Hormonal Chemotherapy","UniMed UniHealth Pharmaceuticals Ltd.","40","40","OTC"
"Arilol 12.5 mg","Arilol 12.5 mg","Carvedilol","12.5 mg","ট্যাবলেট","3 x 10","Alpha adrenoceptor blocking drugs, Beta-adrenoceptor blocking drugs, Beta-blockers","Pacific Pharmaceuticals Ltd.","5","5","OTC"
"Arilol 25 mg","Arilol 25 mg","Carvedilol","25 mg","ট্যাবলেট","3 x 10","Alpha adrenoceptor blocking drugs, Beta-adrenoceptor blocking drugs, Beta-blockers","Pacific Pharmaceuticals Ltd.","8","8","OTC"
"Arilol 6.25 mg","Arilol 6.25 mg","Carvedilol","6.25 mg","ট্যাবলেট","30's pack","Alpha adrenoceptor blocking drugs, Beta-adrenoceptor blocking drugs, Beta-blockers","Pacific Pharmaceuticals Ltd.","3","3","OTC"
"Arimidex 1 mg","Arimidex 1 mg","Anastrozole","1 mg","ট্যাবলেট","2 x 14","Hormonal Chemotherapy","MGH Healthcare Limited","87","87","OTC"
"Arinet 50 mg","Arinet 50 mg","Artesunate","50 mg","ট্যাবলেট","2 x 10","Anti-malarial drugs","Alco Pharma Ltd.","10","10","OTC"
"Aripen 10 mg","Aripen 10 mg","Aripiprazole","10 mg","ট্যাবলেট","3 x 10","Atypical neuroleptic drugs","Opsonin Pharma Ltd.","5.02","5.02","OTC"
"Aripen 15 mg","Aripen 15 mg","Aripiprazole","15 mg","ট্যাবলেট","2 x 10","Atypical neuroleptic drugs","Opsonin Pharma Ltd.","7.03","7.03","OTC"
"Ariplat 1 mg/ml","Ariplat 1 mg/ml","Cisplatin","1 mg/ml","আইভি ইনফিউশন","একক","Cytotoxic Chemotherapy","Aristopharma Ltd.","300","300","Rx"
"Aripra 10 mg","Aripra 10 mg","Aripiprazole","10 mg","ট্যাবলেট","5 x 10","Atypical neuroleptic drugs","Incepta Pharmaceuticals Ltd.","5","5","OTC"
"Aripra 15 mg","Aripra 15 mg","Aripiprazole","15 mg","ট্যাবলেট","5 x 10","Atypical neuroleptic drugs","Incepta Pharmaceuticals Ltd.","7","7","OTC"
"Aripra 5 mg/5 ml","Aripra 5 mg/5 ml","Aripiprazole","5 mg/5 ml","Oral Solution","একক","Atypical neuroleptic drugs","Incepta Pharmaceuticals Ltd.","75","75","OTC"
"Ariprazole 10 mg","Ariprazole 10 mg","Aripiprazole","10 mg","ট্যাবলেট","5 x 10","Atypical neuroleptic drugs","General Pharmaceuticals Ltd.","5.7","5.7","OTC"
"Ariprazole 5 mg","Ariprazole 5 mg","Aripiprazole","5 mg","ট্যাবলেট","5 x 10","Atypical neuroleptic drugs","General Pharmaceuticals Ltd.","3.52","3.52","OTC"
"Ariprex 10 mg","Ariprex 10 mg","Aripiprazole","10 mg","ট্যাবলেট","6 x 5","Atypical neuroleptic drugs","Square Pharmaceuticals PLC","5","5","OTC"
"Ariprex 2 mg","Ariprex 2 mg","Aripiprazole","2 mg","ট্যাবলেট","6 x 5","Atypical neuroleptic drugs","Square Pharmaceuticals PLC","2","2","OTC"
"Ariprex 5 mg/5 ml","Ariprex 5 mg/5 ml","Aripiprazole","5 mg/5 ml","Oral Solution","একক","Atypical neuroleptic drugs","Square Pharmaceuticals PLC","75","75","OTC"
"Ariscon (500 mg+267 mg+160 mg)/10 ml","Ariscon (500 mg+267 mg+160 mg)/10 ml","Sodium Alginate + Sodium Bicarbonate + Calcium Carbonate","500 mg+267 mg+160 mg)/10 ml","Oral Suspension","একক","Antacids","Aristopharma Ltd.","240","240","OTC"
"Aristen 1%","Aristen 1%","Clotrimazole (Eye ointment)","1%","Ophthalmic Ointment","একক","Ophthalmic Anti-fungal Products","Aristopharma Ltd.","80","80","OTC"
"Aristo D3 2000 IU","Aristo D3 2000 IU","Cholecalciferol [Vitamin D3]","2000 IU","ট্যাবলেট","3 x 10","Vitamin in bone formation, Vitamin-D preparations","Aristopharma Ltd.","2.5","2.5","OTC"
"Aristo D3 20000 IU","Aristo D3 20000 IU","Cholecalciferol [Vitamin D3]","20000 IU","ক্যাপসুল","1 x 10","Vitamin in bone formation, Vitamin-D preparations","Aristopharma Ltd.","20","20","OTC"
"Aristo D3 200000 IU/ml","Aristo D3 200000 IU/ml","Cholecalciferol [Vitamin D3]","200000 IU/ml","Injectable Solution (Oral & IM)","একক","Vitamin in bone formation, Vitamin-D preparations","Aristopharma Ltd.","120","120","OTC"
"Aristo D3 400 IU/ml","Aristo D3 400 IU/ml","Cholecalciferol [Vitamin D3]","400 IU/ml","Oral Solution","একক","Vitamin in bone formation, Vitamin-D preparations","Aristopharma Ltd.","250","250","OTC"
"Aristo D3 40000 IU","Aristo D3 40000 IU","Cholecalciferol [Vitamin D3]","40000 IU","ক্যাপসুল","1 x 7","Vitamin in bone formation, Vitamin-D preparations","Aristopharma Ltd.","35","35","OTC"
"Aristo Gold","Aristo Gold","Multivitamin & Multimineral [A-Z gold preparation]","","ট্যাবলেট","1 x 15","Multi-vitamin & Multi-mineral combined preparations","Aristopharma Ltd.","13","13","OTC"
"Aristo Kid","Aristo Kid","Multivitamin & Multimineral [A-Z juniors syrup preparation]","","সিরাপ","একক","Multi-vitamin & Multi-mineral combined preparations","Aristopharma Ltd.","100","100","OTC"
"Aristo Mom","Aristo Mom","10 Vitamin & 6 Mineral [Pregnancy and Breast Feeding Formula]","","ট্যাবলেট","5 x 10","Multi-vitamin & Multi-mineral combined preparations","Aristopharma Ltd.","3","3","OTC"
"Aristo Silver","Aristo Silver","Multivitamin & Multimineral [A-Z silver preparation]","","ট্যাবলেট","3 x 10","Multi-vitamin & Multi-mineral combined preparations","Aristopharma Ltd.","13","13","OTC"
"Aristobet 0.1%","Aristobet 0.1%","Betamethasone Valerate","0.1%","অয়েন্টমেন্ট","একক","Corticosteroid","Aristopharma Ltd.","48","48","OTC"
"Aristobet 0.1%","Aristobet 0.1%","Betamethasone Valerate","0.1%","ক্রিম","একক","Corticosteroid","Aristopharma Ltd.","44","44","OTC"
"Aristobet-CL 0.1%+1%","Aristobet-CL 0.1%+1%","Betamethasone + Clotrimazole","0.1%+1%","অয়েন্টমেন্ট","একক","Betamethasone & Combined preparations","Aristopharma Ltd.","45","45","OTC"
"Aristobet-N 0.1%+0.5%","Aristobet-N 0.1%+0.5%","Betamethasone + Neomycin Sulphate (Topical)","0.1%+0.5%","ক্রিম","একক","Aural steroid & antibiotic combined preparations","Aristopharma Ltd.","28","28","OTC"
"Aristocal 500 mg","Aristocal 500 mg","Calcium Carbonate","500 mg","ট্যাবলেট","10 x 10","Minerals in bone formation, Specific mineral preparations","Beximco Pharmaceuticals Ltd.","4","4","OTC"
"Aristocal D 500 mg+200 IU","Aristocal D 500 mg+200 IU","Conventional Calcium + Vitamin D3","500 mg+200 IU","ট্যাবলেট","6 x 10","Specific mineral & vitamin combined preparations","Beximco Pharmaceuticals Ltd.","7","7","OTC"
"Aristocal M","Aristocal M","Calcium + Vitamin D3 + Multimineral","","ট্যাবলেট","1 x 20","Specific mineral & vitamin combined preparations","Beximco Pharmaceuticals Ltd.","5.5","5.5","OTC"
"Aristocort 0.1%","Aristocort 0.1%","Triamcinolone Acetonide (Topical)","0.1%","অয়েন্টমেন্ট","একক","Corticosteroid, Glucocorticoids, Triamcinolone & Combined preparations","Aristopharma Ltd.","25","25","OTC"
"Aristocort 0.1%","Aristocort 0.1%","Triamcinolone Acetonide (Topical)","0.1%","ক্রিম","একক","Corticosteroid, Glucocorticoids, Triamcinolone & Combined preparations","Aristopharma Ltd.","25","25","OTC"
"Aristocort Plus 1%+0.1%","Aristocort Plus 1%+0.1%","Econazole Nitrate + Triamcinolone Acetonide","1%+0.1%","ক্রিম","একক","Triamcinolone & Combined preparations","Aristopharma Ltd.","40","40","OTC"
"Aristocrom 2%","Aristocrom 2%","Sodium Cromoglicate [2%]","2%","Ophthalmic Solution","একক","Mast Cell Stabiliser, Ophthalmic Non-Steroid drugs","Aristopharma Ltd.","65","65","OTC"
"Aristoderm 0.05%+1%+0.1%","Aristoderm 0.05%+1%+0.1%","Betamethasone + Clotrimazole + Gentamicin","0.05%+1%+0.1%","ক্রিম","একক","Betamethasone & Combined preparations","Aristopharma Ltd.","75","75","OTC"
"Aristodox 100 mg","Aristodox 100 mg","Doxycycline Hydrochloride","100 mg","ক্যাপসুল","10 x 10","Tetracycline group of drugs","Aristopharma Ltd.","2.2","2.2","OTC"
"Aristoferon 200 mg/5 ml","Aristoferon 200 mg/5 ml","Ferrous Sulfate","200 mg/5 ml","সিরাপ","একক","Oral Iron preparations","Beximco Pharmaceuticals Ltd.","40.25","40.25","OTC"
"Aristofol Fe 308 mg+350 mcg","Aristofol Fe 308 mg+350 mcg","Ferrous Fumarate + Folic acid","308 mg+350 mcg","ট্যাবলেট","10 x 10","Iron & Vitamin Combined preparations","Beximco Pharmaceuticals Ltd.","0.47","0.47","OTC"
"Aristomol GFS 0.5%","Aristomol GFS 0.5%","Timolol Maleate","0.5%","Ophthalmic Solution","একক","Drugs for miotics and glaucoma","Aristopharma Ltd.","100","100","OTC"
"Aristomox 125 mg/5 ml","Aristomox 125 mg/5 ml","Amoxicillin Trihydrate","125 mg/5 ml","পাউডার সাসপেনশন","একক","Broad spectrum penicillins","Aristopharma Ltd.","70","70","OTC"
"Aristomox 250 mg","Aristomox 250 mg","Amoxicillin Trihydrate","250 mg","ক্যাপসুল","8 x 15","Broad spectrum penicillins","Aristopharma Ltd.","4","4","OTC"
"Aristomox 500 mg","Aristomox 500 mg","Amoxicillin Trihydrate","500 mg","ক্যাপসুল","8 x 15","Broad spectrum penicillins","Aristopharma Ltd.","7.5","7.5","OTC"
"Aristomox CV (125 mg+31.25 mg)/5 ml","Aristomox CV (125 mg+31.25 mg)/5 ml","Amoxicillin + Clavulanic Acid","125 mg+31.25 mg)/5 ml","পাউডার সাসপেনশন","একক","Broad spectrum penicillins","Aristopharma Ltd.","245","245","OTC"
"Aristomox CV 250 mg+125 mg","Aristomox CV 250 mg+125 mg","Amoxicillin + Clavulanic Acid","250 mg+125 mg","ট্যাবলেট","4 x 6","Broad spectrum penicillins","Aristopharma Ltd.","25","25","OTC"
"Aristomox CV 500 mg+125 mg","Aristomox CV 500 mg+125 mg","Amoxicillin + Clavulanic Acid","500 mg+125 mg","ট্যাবলেট","3 x 6","Broad spectrum penicillins","Aristopharma Ltd.","32","32","OTC"
"Aristomox CV 875 mg+125 mg","Aristomox CV 875 mg+125 mg","Amoxicillin + Clavulanic Acid","875 mg+125 mg","ট্যাবলেট","2 x 6","Broad spectrum penicillins","Aristopharma Ltd.","45","45","OTC"
"Aristomox CV Forte (400 mg+57.50 mg)/5 ml","Aristomox CV Forte (400 mg+57.50 mg)/5 ml","Amoxicillin + Clavulanic Acid","400 mg+57.50 mg)/5 ml","পাউডার সাসপেনশন","একক","Broad spectrum penicillins","Aristopharma Ltd.","230","230","OTC"
"Aristophen 0.5%","Aristophen 0.5%","Chloramphenicol (Ophthalmic)","0.5%","Ophthalmic Solution","একক","Anti-infectives & antiseptics, Macrolides","Aristopharma Ltd.","34.5","34.5","OTC"
"Aristophen 1%","Aristophen 1%","Chloramphenicol (Ophthalmic)","1%","Ophthalmic Ointment","একক","Anti-infectives & antiseptics, Macrolides","Aristopharma Ltd.","8.39","8.39","OTC"
"Aristopin 0.01%","Aristopin 0.01%","Atropine Sulfate (Ophthalmic)","0.01%","Ophthalmic Solution","একক","Mydriatic and Cycloplegic agents","Aristopharma Ltd.","150","150","OTC"
"Aristopin SUD 0.01%","Aristopin SUD 0.01%","Atropine Sulfate (Ophthalmic)","0.01%","Ophthalmic Solution","6 x 5","Mydriatic and Cycloplegic agents","Aristopharma Ltd.","20","20","OTC"
"Aristoplex (5 mg+2 mg+2 mg+20 mg)/5 ml","Aristoplex (5 mg+2 mg+2 mg+20 mg)/5 ml","Vitamin B complex","5 mg+2 mg+2 mg+20 mg)/5 ml","সিরাপ","একক","Specific combined vitamin preparations","Beximco Pharmaceuticals Ltd.","35.64","35.64","OTC"
"Aristovit B 5 mg+2 mg+2 mg+20 mg","Aristovit B 5 mg+2 mg+2 mg+20 mg","Vitamin B complex","5 mg+2 mg+2 mg+20 mg","ট্যাবলেট","1 x 60","Specific combined vitamin preparations","Beximco Pharmaceuticals Ltd.","0.62","0.62","OTC"
"Aristovit M","Aristovit M","Multivitamin & Multimineral","","ট্যাবলেট","30's pack","Multi-vitamin & Multi-mineral combined preparations, Specific mineral & vitamin combined preparations","Beximco Pharmaceuticals Ltd.","2","2","OTC"
"Aristovit X","Aristovit X","Super antioxidant [vitamins & minerals]","","ট্যাবলেট","1 x 30","Multi-vitamin & Multi-mineral combined preparations","Beximco Pharmaceuticals Ltd.","4","4","OTC"
"Aritax 6 mg/ml","Aritax 6 mg/ml","Paclitaxel","6 mg/ml","আইভি ইনফিউশন","একক","Cytotoxic Chemotherapy, Immunological Chemotherapy","Aristopharma Ltd.","5330","5330","Rx"
"Aritone 10 ml/vial","Aritone 10 ml/vial","Multivitamin [Vitamin B complex + Vitamin C]","10 ml/vial","IV Injection or Infusion","একক","Multi-vitamin & Multi-mineral combined preparations","Incepta Pharmaceuticals Ltd.","270","270","OTC"
"Aritone DX","Aritone DX","Multivitamin [water soluble] + 5% Dextrose","","আইভি ইনফিউশন","একক","Specific combined vitamin preparations","Incepta Pharmaceuticals Ltd.","330","330","Rx"
"Aritone N","Aritone N","Multivitamin  [water soluble] + Normal Saline","","আইভি ইনফিউশন","একক","Multi-vitamin & Multi-mineral combined preparations","Incepta Pharmaceuticals Ltd.","270","270","Rx"
"Aritone Z","Aritone Z","Vitamin B Complex + Zinc","","সিরাপ","একক","Specific mineral & vitamin combined preparations","Incepta Pharmaceuticals Ltd.","55","55","OTC"
"Aritone Z","Aritone Z","Vitamin B Complex + Zinc","","ট্যাবলেট","5 x 10","Specific mineral & vitamin combined preparations","Incepta Pharmaceuticals Ltd.","3","3","OTC"
"Aritone ZI","Aritone ZI","Iron Polymaltose Complex + Vitamin B Complex + Zinc","","সিরাপ","একক","Iron & Vitamin Combined preparations","Incepta Pharmaceuticals Ltd.","60","60","OTC"
"Arixon 1 gm/vial","Arixon 1 gm/vial","Ceftriaxone Sodium","1 gm/vial","IV Injection","একক","Third generation cephalosporins","Beximco Pharmaceuticals Ltd.","190","190","OTC"
"Arixon 1 gm/vial","Arixon 1 gm/vial","Ceftriaxone Sodium","1 gm/vial","IM Injection","একক","Third generation cephalosporins","Beximco Pharmaceuticals Ltd.","190","190","OTC"
"Arixon 2 gm/vial","Arixon 2 gm/vial","Ceftriaxone Sodium","2 gm/vial","IV Injection","একক","Third generation cephalosporins","Beximco Pharmaceuticals Ltd.","300","300","OTC"
"Arixon 250 mg/vial","Arixon 250 mg/vial","Ceftriaxone Sodium","250 mg/vial","IV Injection","একক","Third generation cephalosporins","Beximco Pharmaceuticals Ltd.","100","100","OTC"
"Arixon 250 mg/vial","Arixon 250 mg/vial","Ceftriaxone Sodium","250 mg/vial","IM Injection","একক","Third generation cephalosporins","Beximco Pharmaceuticals Ltd.","100","100","OTC"
"Arixon 500 mg/vial","Arixon 500 mg/vial","Ceftriaxone Sodium","500 mg/vial","IV Injection","একক","Third generation cephalosporins","Beximco Pharmaceuticals Ltd.","130","130","OTC"
"Arixon 500 mg/vial","Arixon 500 mg/vial","Ceftriaxone Sodium","500 mg/vial","IM Injection","একক","Third generation cephalosporins","Beximco Pharmaceuticals Ltd.","130","130","OTC"
"Arizith 500 mg","Arizith 500 mg","Azithromycin Dihydrate","500 mg","ট্যাবলেট","2 x 6","Macrolides","Centeon Pharma Ltd.","45","45","OTC"
"Arlin 100 mg/5 ml","Arlin 100 mg/5 ml","Linezolid","100 mg/5 ml","পাউডার সাসপেনশন","একক","Macrolides","Beximco Pharmaceuticals Ltd.","280","280","OTC"
"Arlin 2 mg/ml","Arlin 2 mg/ml","Linezolid","2 mg/ml","আইভি ইনফিউশন","একক","Macrolides","Beximco Pharmaceuticals Ltd.","450","450","Rx"
"Arlin 400 mg","Arlin 400 mg","Linezolid","400 mg","ট্যাবলেট","2 x 10","Macrolides","Beximco Pharmaceuticals Ltd.","60","60","OTC"
"Arlin 600 mg","Arlin 600 mg","Linezolid","600 mg","ট্যাবলেট","2 x 10","Macrolides","Beximco Pharmaceuticals Ltd.","85","85","OTC"
"Armoda 150 mg","Armoda 150 mg","Armodafinil","150 mg","ট্যাবলেট","3 x 10","CNS stimulant drugs","ACI Limited","15","15","OTC"
"Armoda 250 mg","Armoda 250 mg","Armodafinil","250 mg","ট্যাবলেট","3 x 10","CNS stimulant drugs","ACI Limited","25","25","OTC"
"Armycin 500 mg","Armycin 500 mg","Ciprofloxacin","500 mg","ট্যাবলেট","3 x 10","4-Quinolone preparations, Anti-diarrhoeal antimicrobial drugs","Army Pharma Limited","15","15","OTC"
"Arnac 100 mg","Arnac 100 mg","Aceclofenac","100 mg","ট্যাবলেট","50's pack","Drugs for Osteoarthritis, Drugs used for Rheumatoid Arthritis, Non-steroidal Anti-inflammatory Drugs (NSAIDs)","Arges Life Science Limited","5","5","OTC"
"Arnica Montana 30","আর্নিকা মন্টানা ৩০","হোমিওপ্যাথি","","Drops","১১ মি.লি.","","Dr. Reckeweg","280","340","OTC"
"Arnica Montana 30","আর্নিকা মন্টানা ৩০","Homeopathy","","ড্রপ","১১ মি.লি.","","Dr. Reckeweg","320","380","OTC"
"Arnigen 24 mg+26 mg","Arnigen 24 mg+26 mg","Sacubitril + Valsartan","24 mg+26 mg","ট্যাবলেট","3 x 10","","General Pharmaceuticals Ltd.","45","45","OTC"
"Arnigen 49 mg+51 mg","Arnigen 49 mg+51 mg","Sacubitril + Valsartan","49 mg+51 mg","ট্যাবলেট","2 x 10","","General Pharmaceuticals Ltd.","85","85","OTC"
"Arnigen 97 mg+103 mg","Arnigen 97 mg+103 mg","Sacubitril + Valsartan","97 mg+103 mg","ট্যাবলেট","2 x 10","","General Pharmaceuticals Ltd.","120","120","OTC"
"Arnis 24 mg+26 mg","Arnis 24 mg+26 mg","Sacubitril + Valsartan","24 mg+26 mg","ট্যাবলেট","3 x 10","","Eskayef Pharmaceuticals Ltd.","35","35","OTC"
"Arnis 49 mg+51 mg","Arnis 49 mg+51 mg","Sacubitril + Valsartan","49 mg+51 mg","ট্যাবলেট","1 x 10","","Eskayef Pharmaceuticals Ltd.","70","70","OTC"
"Arnivas 24 mg+26 mg","Arnivas 24 mg+26 mg","Sacubitril + Valsartan","24 mg+26 mg","ট্যাবলেট","2 x 10","","Opsonin Pharma Ltd.","45","45","OTC"
"Arnivas 49 mg+51 mg","Arnivas 49 mg+51 mg","Sacubitril + Valsartan","49 mg+51 mg","ট্যাবলেট","1 x 10","","Opsonin Pharma Ltd.","80","80","OTC"
"Arnivas 97 mg+103 mg","Arnivas 97 mg+103 mg","Sacubitril + Valsartan","97 mg+103 mg","ট্যাবলেট","1 x 10","","Opsonin Pharma Ltd.","120","120","OTC"
"Arocaine-A DC 4%+0.001%","Arocaine-A DC 4%+0.001%","Articaine Hydrochloride + Epinephrine Bitartrate","4%+0.001%","ইনজেকশন","5's pack","Local & Surface anesthesia","Jayson Pharmaceutical Ltd.","48.33","48.33","Rx"
"Arocef 125 mg/5 ml","Arocef 125 mg/5 ml","Cefadroxil Monohydrate","125 mg/5 ml","পাউডার সাসপেনশন","একক","First generation cephalosporins","Eskayef Pharmaceuticals Ltd.","90","90","OTC"
"Arocef 500 mg","Arocef 500 mg","Cefadroxil Monohydrate","500 mg","ক্যাপসুল","6 x 4","First generation cephalosporins","Eskayef Pharmaceuticals Ltd.","18","18","OTC"
"Arodex 1 mg","Arodex 1 mg","Anastrozole","1 mg","ট্যাবলেট","3 x 10","Hormonal Chemotherapy","Techno Drugs Ltd.","50","50","OTC"
"Arodin 1% w/v","Arodin 1% w/v","Povidone Iodine","1% w/v","Mouthwash","একক","Iodine compounds (Anti-septic Preparations)","Aristopharma Ltd.","50","50","OTC"
"Arodin 10% w/v","Arodin 10% w/v","Povidone Iodine","10% w/v","সলিউশন","একক","Iodine compounds (Anti-septic Preparations)","Aristopharma Ltd.","110","110","OTC"
"Arodin 5% w/w","Arodin 5% w/w","Povidone Iodine","5% w/w","অয়েন্টমেন্ট","একক","Iodine compounds (Anti-septic Preparations)","Aristopharma Ltd.","22","22","OTC"
"Arodoxin 2 mg/ml","Arodoxin 2 mg/ml","Doxorubicin Hydrochloride","2 mg/ml","আইভি ইনফিউশন","একক","Cytotoxic Chemotherapy","Aristopharma Ltd.","350","350","Rx"
"Arofil SR 300 mg","Arofil SR 300 mg","Theophylline","300 mg","Tablet (Sustained Release)","5 x 10","Bronchodilator, Theophylline & related drugs","Incepta Pharmaceuticals Ltd.","2.35","2.35","OTC"
"Arofil SR 400 mg","Arofil SR 400 mg","Theophylline","400 mg","Tablet (Sustained Release)","5 x 10","Bronchodilator, Theophylline & related drugs","Incepta Pharmaceuticals Ltd.","2.98","2.98","OTC"
"Aroflo (25 mcg+125 mcg)/puff","Aroflo (25 mcg+125 mcg)/puff","Salmeterol + Fluticasone Propionate","25 mcg+125 mcg)/puff","Metered-Dose Inhaler (MDI)","একক","Long-acting selective β-adrenoceptor stimulants, Respiratory corticosteroids","Aristopharma Ltd.","595","595","OTC"
"Aroflo (25 mcg+250 mcg)/puff","Aroflo (25 mcg+250 mcg)/puff","Salmeterol + Fluticasone Propionate","25 mcg+250 mcg)/puff","Metered-Dose Inhaler (MDI)","একক","Long-acting selective β-adrenoceptor stimulants, Respiratory corticosteroids","Aristopharma Ltd.","850","850","OTC"
"Aroflo 50 mcg+100 mcg","Aroflo 50 mcg+100 mcg","Salmeterol + Fluticasone Propionate","50 mcg+100 mcg","Dry Powder Inhalation Capsule (DPI)","3 x 10","Long-acting selective β-adrenoceptor stimulants, Respiratory corticosteroids","Aristopharma Ltd.","6.5","6.5","OTC"
"Aroflo 50 mcg+250 mcg","Aroflo 50 mcg+250 mcg","Salmeterol + Fluticasone Propionate","50 mcg+250 mcg","Dry Powder Inhalation Capsule (DPI)","3 x 10","Long-acting selective β-adrenoceptor stimulants, Respiratory corticosteroids","Aristopharma Ltd.","12","12","OTC"
"Aroflo 50 mcg+500 mcg","Aroflo 50 mcg+500 mcg","Salmeterol + Fluticasone Propionate","50 mcg+500 mcg","Dry Powder Inhalation Capsule (DPI)","3 x 10","Long-acting selective β-adrenoceptor stimulants, Respiratory corticosteroids","Aristopharma Ltd.","17","17","OTC"
"Arofrez 2.5 mg","Arofrez 2.5 mg","Letrozole","2.5 mg","ট্যাবলেট","3 x 10","Hormonal Chemotherapy","Healthcare Pharmaceuticals Ltd.","40","40","OTC"
"AroHaler","AroHaler","Inhaler device","","Metered-Dose Inhaler (MDI)","একক","","Aristopharma Ltd.","200","200","OTC"
"Arokast 10 mg","Arokast 10 mg","Montelukast Sodium","10 mg","ট্যাবলেট","3 x 10","Leukotriene receptor antagonists","Navana Pharmaceuticals Ltd.","16","16","OTC"
"Arokast 4 mg","Arokast 4 mg","Montelukast Sodium","4 mg","Chewable Tablet","3 x 10","Leukotriene receptor antagonists","Navana Pharmaceuticals Ltd.","6","6","OTC"
"Arokast 5 mg","Arokast 5 mg","Montelukast Sodium","5 mg","Chewable Tablet","3 x 10","Leukotriene receptor antagonists","Navana Pharmaceuticals Ltd.","8","8","OTC"
"Arokast FT 4 mg","Arokast FT 4 mg","Montelukast Sodium","4 mg","Flash Tablet","3 x 10","Leukotriene receptor antagonists","Navana Pharmaceuticals Ltd.","7","7","OTC"
"Arokast FT 5 mg","Arokast FT 5 mg","Montelukast Sodium","5 mg","Flash Tablet","3 x 10","Leukotriene receptor antagonists","Navana Pharmaceuticals Ltd.","9","9","OTC"
"Arolak 10 mg","Arolak 10 mg","Ketorolac Tromethamine","10 mg","ট্যাবলেট","2 x 10","Drugs used for Rheumatoid Arthritis, Non-Opioid Analgesics","Ambee Pharmaceuticals Ltd.","10.04","10.04","OTC"
"Arolak 10 mg/ml","Arolak 10 mg/ml","Ketorolac Tromethamine","10 mg/ml","IM/IV Injection","1 x 5","Drugs used for Rheumatoid Arthritis, Non-Opioid Analgesics","Ambee Pharmaceuticals Ltd.","30.12","30.12","OTC"
"Arolak 30 mg/ml","Arolak 30 mg/ml","Ketorolac Tromethamine","30 mg/ml","IM/IV Injection","1 x 5","Drugs used for Rheumatoid Arthritis, Non-Opioid Analgesics","Ambee Pharmaceuticals Ltd.","55.2","55.2","OTC"
"Arolax 1 mg","Arolax 1 mg","Levosalbutamol (Oral)","1 mg","ট্যাবলেট","10 x 10","Short-acting selective & β2-adrenoceptor stimulants","Navana Pharmaceuticals Ltd.","1","1","OTC"
"Arolax 1 mg/5 ml","Arolax 1 mg/5 ml","Levosalbutamol (Oral)","1 mg/5 ml","সিরাপ","একক","Short-acting selective & β2-adrenoceptor stimulants","Navana Pharmaceuticals Ltd.","30","30","OTC"
"Arolax 2 mg","Arolax 2 mg","Levosalbutamol (Oral)","2 mg","ট্যাবলেট","10 x 10","Short-acting selective & β2-adrenoceptor stimulants","Navana Pharmaceuticals Ltd.","1.7","1.7","OTC"
"Aromasin 25 mg","Aromasin 25 mg","Exemestane","25 mg","ট্যাবলেট","2 x 15","Aromatase inhibitor","Janata Traders","200","200","OTC"
"Aromatin 1 mg","Aromatin 1 mg","Anastrozole","1 mg","ট্যাবলেট","3 x 10","Hormonal Chemotherapy","Aristopharma Ltd.","50","50","OTC"
"Aroneb 15 mcg/2 ml","Aroneb 15 mcg/2 ml","Arformoterol Tartrate","15 mcg/2 ml","Nebuliser Solution","1 x 5","Bronchodilator","Incepta Pharmaceuticals Ltd.","40","40","OTC"
"Aronem 1 gm/vial","Aronem 1 gm/vial","Meropenem Trihydrate","1 gm/vial","IV Injection or Infusion","একক","Other beta-lactam antibiotics","ACI Limited","1350","1350","OTC"
"Aronem 250 mg/vial","Aronem 250 mg/vial","Meropenem Trihydrate","250 mg/vial","IV Injection or Infusion","একক","Other beta-lactam antibiotics","ACI Limited","400","400","OTC"
"Aronem 500 mg/vial","Aronem 500 mg/vial","Meropenem Trihydrate","500 mg/vial","IV Injection or Infusion","একক","Other beta-lactam antibiotics","ACI Limited","750","750","OTC"
"Aropen 1 gm/vial","Aropen 1 gm/vial","Meropenem Trihydrate","1 gm/vial","IV Injection or Infusion","একক","Other beta-lactam antibiotics","Aristopharma Ltd.","1200","1200","OTC"
"Aropen 500 mg/vial","Aropen 500 mg/vial","Meropenem Trihydrate","500 mg/vial","IV Injection or Infusion","একক","Other beta-lactam antibiotics","Aristopharma Ltd.","650","650","OTC"
"Aros 100 mg","Aros 100 mg","Aceclofenac","100 mg","ট্যাবলেট","5 x 10","Drugs for Osteoarthritis, Drugs used for Rheumatoid Arthritis, Non-steroidal Anti-inflammatory Drugs (NSAIDs)","Globe Pharmaceuticals Ltd.","5","5","OTC"
"Arotide (25 mcg+125 mcg)/puff","Arotide (25 mcg+125 mcg)/puff","Salmeterol + Fluticasone Propionate","25 mcg+125 mcg)/puff","Metered-Dose Inhaler (MDI)","একক","Long-acting selective β-adrenoceptor stimulants, Respiratory corticosteroids","Eskayef Pharmaceuticals Ltd.","595","595","OTC"
"Arotide (25 mcg+250 mcg)/puff","Arotide (25 mcg+250 mcg)/puff","Salmeterol + Fluticasone Propionate","25 mcg+250 mcg)/puff","Metered-Dose Inhaler (MDI)","একক","Long-acting selective β-adrenoceptor stimulants, Respiratory corticosteroids","Eskayef Pharmaceuticals Ltd.","795","795","OTC"
"Arotide 50 mcg+100 mcg","Arotide 50 mcg+100 mcg","Salmeterol + Fluticasone Propionate","50 mcg+100 mcg","Dry Powder Inhalation Capsule (DPI)","3 x 10","Long-acting selective β-adrenoceptor stimulants, Respiratory corticosteroids","Eskayef Pharmaceuticals Ltd.","6.5","6.5","OTC"
"Arotide 50 mcg+250 mcg","Arotide 50 mcg+250 mcg","Salmeterol + Fluticasone Propionate","50 mcg+250 mcg","Dry Powder Inhalation Capsule (DPI)","3 x 10","Long-acting selective β-adrenoceptor stimulants, Respiratory corticosteroids","Eskayef Pharmaceuticals Ltd.","12","12","OTC"
"Arotide 50 mcg+500 mcg","Arotide 50 mcg+500 mcg","Salmeterol + Fluticasone Propionate","50 mcg+500 mcg","Dry Powder Inhalation Capsule (DPI)","3 x 10","Long-acting selective β-adrenoceptor stimulants, Respiratory corticosteroids","Eskayef Pharmaceuticals Ltd.","17","17","OTC"
"Arotril 0.5 mg","Arotril 0.5 mg","Clonazepam","0.5 mg","ট্যাবলেট","10 x 10","Adjunct anti-epileptic drugs, Benzodiazepine hypnotics","Aristopharma Ltd.","7","7","OTC"
"Arotril 1 mg","Arotril 1 mg","Clonazepam","1 mg","ট্যাবলেট","5 x 10","Adjunct anti-epileptic drugs, Benzodiazepine hypnotics","Aristopharma Ltd.","9","9","OTC"
"Arotril 2 mg","Arotril 2 mg","Clonazepam","2 mg","ট্যাবলেট","3 x 10","Adjunct anti-epileptic drugs, Benzodiazepine hypnotics","Aristopharma Ltd.","13","13","OTC"
"Arotrix 5% w/w","Arotrix 5% w/w","Permethrin","5% w/w","ক্রিম","একক","Parasiticidal preparations","Aristopharma Ltd.","28","28","OTC"
"Arotrix-C 5%+10%","Arotrix-C 5%+10%","Permethrin + Crotamiton","5%+10%","লোশন","একক","Local Antipruritic, Parasiticidal preparations","Aristopharma Ltd.","130","130","OTC"
"Arovan 80 mg","Arovan 80 mg","Valsartan","80 mg","ক্যাপসুল","3 x 10","Angiotensin-ll receptor blocker","Aristopharma Ltd.","10","10","OTC"
"Arovent 10 mg","Arovent 10 mg","Montelukast Sodium","10 mg","ট্যাবলেট","3 x 10","Leukotriene receptor antagonists","Orion Pharma Ltd.","17.5","17.5","OTC"
"Arovent 5 mg","Arovent 5 mg","Montelukast Sodium","5 mg","Chewable Tablet","2 x 10","Leukotriene receptor antagonists","Orion Pharma Ltd.","9","9","OTC"
"Arovent ODT 4 mg","Arovent ODT 4 mg","Montelukast Sodium","4 mg","Dispersible Tablet","3 x 10","Leukotriene receptor antagonists","Orion Pharma Ltd.","6","6","OTC"
"Arovital 10 ml/vial","Arovital 10 ml/vial","Multivitamin [Vitamin B complex + Vitamin C]","10 ml/vial","IV Injection or Infusion","একক","Multi-vitamin & Multi-mineral combined preparations","Aristopharma Ltd.","270","270","OTC"
"Aroxia 120 mg","Aroxia 120 mg","Etoricoxib","120 mg","ট্যাবলেট","3 x 10","Non-steroidal Anti-inflammatory Drugs (NSAIDs)","Ad-din Pharmaceuticals Ltd.","16","16","OTC"
"Aroxia 60 mg","Aroxia 60 mg","Etoricoxib","60 mg","ট্যাবলেট","5 x 10","Non-steroidal Anti-inflammatory Drugs (NSAIDs)","Ad-din Pharmaceuticals Ltd.","8","8","OTC"
"Aroxia 90 mg","Aroxia 90 mg","Etoricoxib","90 mg","ট্যাবলেট","5 x 10","Non-steroidal Anti-inflammatory Drugs (NSAIDs)","Ad-din Pharmaceuticals Ltd.","14","14","OTC"
"Aroxol 15 mg/5 ml","Aroxol 15 mg/5 ml","Ambroxol Hydrochloride","15 mg/5 ml","সিরাপ","একক","Cough expectorants & mucolytics","Healthcare Pharmaceuticals Ltd.","50","50","OTC"
"Aroxol 6 mg/ml","Aroxol 6 mg/ml","Ambroxol Hydrochloride","6 mg/ml","Pediatric Drops","একক","Cough expectorants & mucolytics","Healthcare Pharmaceuticals Ltd.","35","35","OTC"
"Arpolax 20 mg","Arpolax 20 mg","Citalopram Hydrobromide","20 mg","ট্যাবলেট","3 x 10","SSRIs & related anti-depressant drugs","Incepta Pharmaceuticals Ltd.","8","8","OTC"
"Arromin 5 mg/5 ml","Arromin 5 mg/5 ml","Promethazine Hydrochloride","5 mg/5 ml","Oral Solution","একক","Anti-emetic drugs, Miscellaneous sedatives & hypnotics, Sedating Anti-histamine","Indo Bangla Pharmaceutical","9","9","OTC"
"Arsenor 10 mg","Arsenor 10 mg","Apremilast","10 mg","ট্যাবলেট","3 x 10","Disease-modifying antirheumatic drugs (DMARDs)","Beacon Pharmaceuticals PLC","25","25","OTC"
"Arsenor 30 mg","Arsenor 30 mg","Apremilast","30 mg","ট্যাবলেট","2 x 10","Disease-modifying antirheumatic drugs (DMARDs)","Beacon Pharmaceuticals PLC","60","60","OTC"
"Artear 5% v/v","Artear 5% v/v","Povidone Iodine","5% v/v","Ophthalmic Solution","একক","Iodine compounds (Anti-septic Preparations)","Popular Pharmaceuticals Ltd.","100","100","OTC"
"Artem (15 mg+90 mg)/5 ml","Artem (15 mg+90 mg)/5 ml","Artemether + Lumefantrine","15 mg+90 mg)/5 ml","সিরাপ","একক","Anti-malarial drugs","Aexim Pharmaceuticals Ltd.","220","220","OTC"
"Artem 20 mg+120 mg","Artem 20 mg+120 mg","Artemether + Lumefantrine","20 mg+120 mg","ট্যাবলেট","4 x 4","Anti-malarial drugs","Aexim Pharmaceuticals Ltd.","20","20","OTC"
"Artemet 20 mg+120 mg","Artemet 20 mg+120 mg","Artemether + Lumefantrine","20 mg+120 mg","ট্যাবলেট","6 x 4","Anti-malarial drugs","Incepta Pharmaceuticals Ltd.","20","20","OTC"
"Artesunet 50 mg","Artesunet 50 mg","Artesunate","50 mg","ট্যাবলেট","2 x 6","Anti-malarial drugs","Aexim Pharmaceuticals Ltd.","12","12","OTC"
"Artex 50 mg","Artex 50 mg","Artesunate","50 mg","ট্যাবলেট","1 x 12","Anti-malarial drugs","Jayson Pharmaceutical Ltd.","12.08","12.08","OTC"
"Arth-A 250 mg+200 mg","Arth-A 250 mg+200 mg","Glucosamine Sulfate + Chondroitin","250 mg+200 mg","ট্যাবলেট","5 x 10","Stimulation of Cartilage formation","ACME Laboratories Ltd.","8.07","8.07","OTC"
"Arth-A Max 750 mg+50 mg","Arth-A Max 750 mg+50 mg","Glucosamine Sulfate + Diacerein","750 mg+50 mg","ট্যাবলেট","3 x 10","Stimulation of Cartilage formation","ACME Laboratories Ltd.","13.25","13.25","OTC"
"Arth-A TS 750 mg+600 mg","Arth-A TS 750 mg+600 mg","Glucosamine Sulfate + Chondroitin","750 mg+600 mg","ট্যাবলেট","3 x 10","Stimulation of Cartilage formation","ACME Laboratories Ltd.","30","30","OTC"
"Arthanib 5 mg","Arthanib 5 mg","Tofacitinib","5 mg","ট্যাবলেট","1 x 10","Immunosuppressant","Aristopharma Ltd.","48","48","OTC"
"Arthanib XR 11 mg","Arthanib XR 11 mg","Tofacitinib","11 mg","Tablet (Extended Release)","1 x 10","Immunosuppressant","Aristopharma Ltd.","80","80","OTC"
"Arthera 25 mg","Arthera 25 mg","Iguratimod","25 mg","ট্যাবলেট","2 x 10","Disease-modifying antirheumatic drugs (DMARDs)","Incepta Pharmaceuticals Ltd.","35","35","OTC"
"Arthrocare 250 mg+200 mg","Arthrocare 250 mg+200 mg","Glucosamine Sulfate + Chondroitin","250 mg+200 mg","ট্যাবলেট","5 x 10","Stimulation of Cartilage formation","Doctor TIMS Pharmaceuticals Ltd.","8","8","OTC"
"Arthrofen 50 mg+200 mcg","Arthrofen 50 mg+200 mcg","Diclofenac Sodium + Misoprostol","50 mg+200 mcg","ট্যাবলেট","3 x 10","Drugs for Osteoarthritis, Drugs used for Rheumatoid Arthritis, Non-steroidal Anti-inflammatory Drugs (NSAIDs)","Healthcare Pharmaceuticals Ltd.","10","10","OTC"
"Arthrofen 75 mg+200 mcg","Arthrofen 75 mg+200 mcg","Diclofenac Sodium + Misoprostol","75 mg+200 mcg","ট্যাবলেট","3 x 10","Drugs for Osteoarthritis, Drugs used for Rheumatoid Arthritis, Non-steroidal Anti-inflammatory Drugs (NSAIDs)","Healthcare Pharmaceuticals Ltd.","12","12","OTC"
"Arthrofen Plus (75 mg+20 mg)/2 ml","Arthrofen Plus (75 mg+20 mg)/2 ml","Diclofenac Sodium + Lidocaine Hydrochloride","75 mg+20 mg)/2 ml","IM Injection","2 x 5","Drugs for Osteoarthritis, Drugs used for Rheumatoid Arthritis, Non-steroidal Anti-inflammatory Drugs (NSAIDs)","Healthcare Pharmaceuticals Ltd.","23","23","OTC"
"Arthrosin 250 mg+200 mg","Arthrosin 250 mg+200 mg","Glucosamine Sulfate + Chondroitin","250 mg+200 mg","ট্যাবলেট","3 x 10","Stimulation of Cartilage formation","UniMed UniHealth Pharmaceuticals Ltd.","8.5","8.5","OTC"
"Arthrosin TS 750 mg+600 mg","Arthrosin TS 750 mg+600 mg","Glucosamine Sulfate + Chondroitin","750 mg+600 mg","ট্যাবলেট","5 x 6","Stimulation of Cartilage formation","UniMed UniHealth Pharmaceuticals Ltd.","30","30","OTC"
"Artica 10 mg","Artica 10 mg","Hydroxyzine  Hydrochloride","10 mg","ট্যাবলেট","25 x 10","Sedating Anti-histamine","ACI Limited","1.5","1.5","OTC"
"Artica 10 mg/5 ml","Artica 10 mg/5 ml","Hydroxyzine  Hydrochloride","10 mg/5 ml","সিরাপ","একক","Sedating Anti-histamine","ACI Limited","50","50","OTC"
"Artica 25 mg","Artica 25 mg","Hydroxyzine  Hydrochloride","25 mg","ট্যাবলেট","20 x 10","Sedating Anti-histamine","ACI Limited","3","3","OTC"
"Articulex 250 mg+200 mg","Articulex 250 mg+200 mg","Glucosamine Sulfate + Chondroitin","250 mg+200 mg","ট্যাবলেট","4 x 12","Stimulation of Cartilage formation","The IBN SINA Pharmaceutical PLC","8.25","8.25","OTC"
"Artiflex 250 mg+200 mg","Artiflex 250 mg+200 mg","Glucosamine Sulfate + Chondroitin","250 mg+200 mg","ট্যাবলেট","3 x 10","Stimulation of Cartilage formation","Rangs Pharmaceuticals Ltd.","8.03","8.03","OTC"
"Artiforte 0.2%+0.36%+1%+0.05%+0.25%","Artiforte 0.2%+0.36%+1%+0.05%+0.25%","Glycerin + Hypromellose + Polyethylene glycol + Tetrahydrozoline + Zinc Sulfate","0.2%+0.36%+1%+0.05%+0.25%","Ophthalmic Solution","একক","Other ophthalmic preparations","Navana Pharmaceuticals Ltd.","275","275","OTC"
"Artifresh 0.25%+0.3%","Artifresh 0.25%+0.3%","Carboxymethylcellulose Sodium + Hypromellose","0.25%+0.3%","Ophthalmic Gel","একক","Drugs for Dry eyes","Navana Pharmaceuticals Ltd.","200","200","OTC"
"Artigest 100 mg","Artigest 100 mg","Progesterone Micronised (Capsule)","100 mg","ক্যাপসুল","3 x 10","Drugs for menopausal symptoms: Hormone replacement therapy, Female Sex hormones, Oral Contraceptive preparations","Incepta Pharmaceuticals Ltd.","15","15","OTC"
"Artigest 200 mg","Artigest 200 mg","Progesterone Micronised (Capsule)","200 mg","ক্যাপসুল","3 x 10","Drugs for menopausal symptoms: Hormone replacement therapy, Female Sex hormones, Oral Contraceptive preparations","Incepta Pharmaceuticals Ltd.","30","30","OTC"
"Artigo 20 mg+40 mg","Artigo 20 mg+40 mg","Cinnarizine + Dimenhydrinate","20 mg+40 mg","ট্যাবলেট","10 x 10","Anti vertigo drugs","ACI Limited","2.01","2.01","OTC"
"Artiron 0.1%","Artiron 0.1%","Sodium Hyaluronate (Ophthalmic)","0.1%","Ophthalmic Solution","একক","Drugs for Dry eyes","Opsonin Pharma Ltd.","220","220","OTC"
"Artiron DS 0.2%","Artiron DS 0.2%","Sodium Hyaluronate (Ophthalmic)","0.2%","Ophthalmic Solution","একক","Drugs for Dry eyes","Opsonin Pharma Ltd.","270","270","OTC"
"Artoflex 300 mg","Artoflex 300 mg","Dexibuprofen","300 mg","ট্যাবলেট","3 x 10","Drugs for Osteoarthritis, Drugs used for Rheumatoid Arthritis, Non-steroidal Anti-inflammatory Drugs (NSAIDs)","Opsonin Pharma Ltd.","4.02","4.02","OTC"
"Artorix 120 mg","Artorix 120 mg","Etoricoxib","120 mg","ট্যাবলেট","2 x 10","Non-steroidal Anti-inflammatory Drugs (NSAIDs)","Asiatic Laboratories Ltd.","14","14","OTC"
"Artorix 60 mg","Artorix 60 mg","Etoricoxib","60 mg","ট্যাবলেট","3 x 10","Non-steroidal Anti-inflammatory Drugs (NSAIDs)","Asiatic Laboratories Ltd.","7","7","OTC"
"Artorix 90 mg","Artorix 90 mg","Etoricoxib","90 mg","ট্যাবলেট","3 x 10","Non-steroidal Anti-inflammatory Drugs (NSAIDs)","Asiatic Laboratories Ltd.","12","12","OTC"
"Aruxil 30 mg+10 mg","Aruxil 30 mg+10 mg","Almitrine Bismesylate + Raubasine","30 mg+10 mg","ট্যাবলেট","3 x 10","Cerebral vasodilator & Neurosensory oxygenator drugs","Opsonin Pharma Ltd.","10","10","OTC"
"Asaf 200 mg","Asaf 200 mg","Sparfloxacin","200 mg","ট্যাবলেট","2 x 10","4-Quinolone preparations","Asiatic Laboratories Ltd.","15","15","OTC"
"Ascab 25% w/v","Ascab 25% w/v","Benzyl Benzoate","25% w/v","Emulsion","একক","Parasiticidal preparations, Topical Antifungal preparations","Hudson Pharmaceuticals Ltd.","12.13","12.13","OTC"
"Ascabiol 25% w/v","Ascabiol 25% w/v","Benzyl Benzoate","25% w/v","Emulsion","একক","Parasiticidal preparations, Topical Antifungal preparations","Synovia Pharma PLC.","32.16","32.16","OTC"
"Ascimib 40 mg","Ascimib 40 mg","Asciminib","40 mg","ট্যাবলেট","1 x 30","Cytotoxic Chemotherapy","Everest Pharmaceuticals Ltd.","1200","1200","OTC"
"Asclop 75 mg+75 mg","Asclop 75 mg+75 mg","Clopidogrel + Aspirin","75 mg+75 mg","ট্যাবলেট","3 x 10","Anti-platelet drugs","Biopharma Limited","12.5","12.5","OTC"
"Ascobex 250 mg","Ascobex 250 mg","Vitamin C [Ascorbic acid]","250 mg","Chewable Tablet","20 x 10","Vitamin-C Preparations","Beximco Pharmaceuticals Ltd.","1.89","1.89","OTC"
"Ascoferon 200 mg/5 ml","Ascoferon 200 mg/5 ml","Ferrous Sulfate","200 mg/5 ml","সিরাপ","একক","Oral Iron preparations","Monicopharma Ltd.","26.75","26.75","OTC"
"Ascon-F (100 mcg+6 mcg)/puff","Ascon-F (100 mcg+6 mcg)/puff","Beclomethasone Dipropionate + Formoterol Fumarate","100 mcg+6 mcg)/puff","Metered-Dose Inhaler (MDI)","একক","Respiratory corticosteroids","ACME Laboratories Ltd.","450","450","OTC"
"Ascon-F (200 mcg+6 mcg)/puff","Ascon-F (200 mcg+6 mcg)/puff","Beclomethasone Dipropionate + Formoterol Fumarate","200 mcg+6 mcg)/puff","Metered-Dose Inhaler (MDI)","একক","Respiratory corticosteroids","ACME Laboratories Ltd.","550","550","OTC"
"Ascorin 250 mg","Ascorin 250 mg","Vitamin C [Ascorbic acid]","250 mg","Chewable Tablet","100's pack","Vitamin-C Preparations","Bristol Pharmaceuticals Ltd.","1.3","1.3","OTC"
"Ascoson 100 mg/5 ml","Ascoson 100 mg/5 ml","Vitamin C [Ascorbic acid]","100 mg/5 ml","সিরাপ","একক","Vitamin-C Preparations","Jayson Pharmaceutical Ltd.","33.44","33.44","OTC"
"Ascoson 250 mg","Ascoson 250 mg","Vitamin C [Ascorbic acid]","250 mg","Chewable Tablet","20 x 10","Vitamin-C Preparations","Jayson Pharmaceutical Ltd.","1.9","1.9","OTC"
"Ascoson 500 mg/5 ml","Ascoson 500 mg/5 ml","Vitamin C [Ascorbic acid]","500 mg/5 ml","ইনজেকশন","2 x 5","Vitamin-C Preparations","Jayson Pharmaceutical Ltd.","6","6","Rx"
"Ascova 100 mg/5 ml","Ascova 100 mg/5 ml","Doxophylline","100 mg/5 ml","সিরাপ","একক","Bronchodilator, Methyl xanthine derivatives","Labaid Pharma Ltd.","60","60","OTC"
"Ascova 200 mg","Ascova 200 mg","Doxophylline","200 mg","ট্যাবলেট","5 x 10","Bronchodilator, Methyl xanthine derivatives","Labaid Pharma Ltd.","8","8","OTC"
"Ascova 400 mg","Ascova 400 mg","Doxophylline","400 mg","ট্যাবলেট","3 x 10","Bronchodilator, Methyl xanthine derivatives","Labaid Pharma Ltd.","12","12","OTC"
"Ascovit 250 mg","Ascovit 250 mg","Vitamin C [Ascorbic acid]","250 mg","Chewable Tablet","200's pack","Vitamin-C Preparations","Pharmadesh Laboratories Ltd.","1.3","1.3","OTC"
"Asector 20 mg","Asector 20 mg","Esomeprazole","20 mg","Capsule (Enteric Coated)","6 x 10","","Novo Healthcare and Pharma Ltd.","7.02","7.02","OTC"
"Asector 40 mg","Asector 40 mg","Esomeprazole","40 mg","Capsule (Enteric Coated)","7 x 4","","Novo Healthcare and Pharma Ltd.","9.03","9.03","OTC"
"Asector 40 mg/vial","Asector 40 mg/vial","Esomeprazole","40 mg/vial","IV Injection","একক","","Novo Healthcare and Pharma Ltd.","90.27","90.27","OTC"
"Aseral-D 500 mg+200 IU","Aseral-D 500 mg+200 IU","Coral Calcium + Vitamin D3","500 mg+200 IU","ট্যাবলেট","3 x 10","Specific mineral & vitamin combined preparations","Monicopharma Ltd.","11","11","OTC"
"Asfen 1 mg/5 ml","Asfen 1 mg/5 ml","Ketotifen Fumarate (Oral)","1 mg/5 ml","সিরাপ","একক","Cromoglycate & related drugs","Virgo Pharmaceuticals Ltd.","40","40","OTC"
"Asha 25 mg","Asha 25 mg","Dehydroepiandrosterone","25 mg","ট্যাবলেট","3 x 10","Female Sex hormones","Popular Pharmaceuticals Ltd.","15","15","OTC"
"Ashwagandha Capsule","অশ্বগন্ধা ক্যাপসুল","Ashwagandha","","ক্যাপসুল","৬০ পিস","","NatureBell","1490","2100","OTC"
"Asibalin 25 mg","Asibalin 25 mg","Pregabalin","25 mg","ক্যাপসুল","3 x 10","Adjunct anti-epileptic drugs, Primary anti-epileptic drugs","Asiatic Laboratories Ltd.","8","8","OTC"
"Asibalin 50 mg","Asibalin 50 mg","Pregabalin","50 mg","ক্যাপসুল","3 x 10","Adjunct anti-epileptic drugs, Primary anti-epileptic drugs","Asiatic Laboratories Ltd.","12","12","OTC"
"Asibalin 75 mg","Asibalin 75 mg","Pregabalin","75 mg","ক্যাপসুল","3 x 10","Adjunct anti-epileptic drugs, Primary anti-epileptic drugs","Asiatic Laboratories Ltd.","16","16","OTC"
"Asiben 200 mg/5 ml","Asiben 200 mg/5 ml","Albendazole","200 mg/5 ml","Oral Suspension","একক","Anthelmintic","Asiatic Laboratories Ltd.","14","14","OTC"
"Asiben 400 mg","Asiben 400 mg","Albendazole","400 mg","Chewable Tablet","1 x 10","Anthelmintic","Asiatic Laboratories Ltd.","3.8","3.8","OTC"
"Asibion 100 mg+200 mg+200 mcg","Asibion 100 mg+200 mg+200 mcg","Vitamin B1, B6 & B12","100 mg+200 mg+200 mcg","ট্যাবলেট","1 x 30","Specific combined vitamin preparations","Asiatic Laboratories Ltd.","8","8","OTC"
"Asiclin 150 mg","Asiclin 150 mg","Clindamycin","150 mg","ক্যাপসুল","3 x 10","Macrolides","Asiatic Laboratories Ltd.","8","8","OTC"
"Asiclin 300 mg","Asiclin 300 mg","Clindamycin","300 mg","ক্যাপসুল","3 x 10","Macrolides","Asiatic Laboratories Ltd.","15","15","OTC"
"Asiclin 300 mg/2 ml","Asiclin 300 mg/2 ml","Clindamycin","300 mg/2 ml","IM/IV Injection","1 x 5","Macrolides","Asiatic Laboratories Ltd.","39","39","OTC"
"Asidox 100 mg","Asidox 100 mg","Doxycycline Hydrochloride","100 mg","ক্যাপসুল","10 x 10","Tetracycline group of drugs","Asiatic Laboratories Ltd.","2","2","OTC"
"Asilac 3.35 gm/5 ml","Asilac 3.35 gm/5 ml","Lactulose","3.35 gm/5 ml","Oral Solution","একক","Osmotic purgatives","Asiatic Laboratories Ltd.","120","120","OTC"
"Asilee 500 mg","Asilee 500 mg","Levofloxacin Hemihydrate","500 mg","ট্যাবলেট","6 x 4","4-Quinolone preparations","Asiatic Laboratories Ltd.","15","15","OTC"
"Asilee-TS 1.5%","Asilee-TS 1.5%","Levofloxacin (Eye/Ear)","1.5%","Ophthalmic Solution","একক","","Asiatic Laboratories Ltd.","130","130","OTC"
"Asipan 10 mg","Asipan 10 mg","Hyoscine Butylbromide","10 mg","ট্যাবলেট","10 x 10","Anticholinergics (antimuscarinics)/ Anti-spasmodics","Asiatic Laboratories Ltd.","3","3","OTC"
"Asitrax 40 mg/5 ml","Asitrax 40 mg/5 ml","Levamisole Hydrochloride","40 mg/5 ml","সিরাপ","একক","Anthelmintic","Asiatic Laboratories Ltd.","8","8","OTC"
"Asitrol 10 mg","Asitrol 10 mg","Cetirizine Hydrochloride","10 mg","ট্যাবলেট","10 x 10","Sedating Anti-histamine","Asiatic Laboratories Ltd.","2","2","OTC"
"Asitrol 5 mg/5 ml","Asitrol 5 mg/5 ml","Cetirizine Hydrochloride","5 mg/5 ml","সিরাপ","একক","Sedating Anti-histamine","Asiatic Laboratories Ltd.","14","14","OTC"
"Asitrum Cod","Asitrum Cod","Multivitamin + Cod Liver Oil","","সিরাপ","একক","Specific combined vitamin preparations","Asiatic Laboratories Ltd.","80","80","OTC"
"Asitrum Gold","Asitrum Gold","Multivitamin & Multimineral [A-Z gold preparation]","","ট্যাবলেট","1 x 15","Multi-vitamin & Multi-mineral combined preparations","Asiatic Laboratories Ltd.","6","6","OTC"
"Asitrum Silver","Asitrum Silver","Multivitamin & Multimineral [A-Z silver preparation]","","ট্যাবলেট","1 x 15","Multi-vitamin & Multi-mineral combined preparations","Asiatic Laboratories Ltd.","6","6","OTC"
"Asivert 25 mg+50 mg","Asivert 25 mg+50 mg","Meclizine + Pyridoxine","25 mg+50 mg","ট্যাবলেট","5 x 10","Anti-emetic drugs","Asiatic Laboratories Ltd.","3","3","OTC"
"Asivit 5 mg+2 mg+2 mg+20 mg","Asivit 5 mg+2 mg+2 mg+20 mg","Vitamin B complex","5 mg+2 mg+2 mg+20 mg","ট্যাবলেট","5 x 15","Specific combined vitamin preparations","Asiatic Laboratories Ltd.","0.41","0.41","OTC"
"Asivit ZI","Asivit ZI","Iron Polymaltose Complex + Vitamin B Complex + Zinc","","সিরাপ","একক","Iron & Vitamin Combined preparations","Asiatic Laboratories Ltd.","90","90","OTC"
"Asixone 1 gm/vial","Asixone 1 gm/vial","Ceftriaxone Sodium","1 gm/vial","IV Injection","একক","Third generation cephalosporins","Asiatic Laboratories Ltd.","190","190","OTC"
"Asixone 2 gm/vial","Asixone 2 gm/vial","Ceftriaxone Sodium","2 gm/vial","IV Injection","একক","Third generation cephalosporins","Asiatic Laboratories Ltd.","300","300","OTC"
"Asixone 250 mg/vial","Asixone 250 mg/vial","Ceftriaxone Sodium","250 mg/vial","IM Injection","একক","Third generation cephalosporins","Asiatic Laboratories Ltd.","100","100","OTC"
"Asixone 250 mg/vial","Asixone 250 mg/vial","Ceftriaxone Sodium","250 mg/vial","IV Injection","একক","Third generation cephalosporins","Asiatic Laboratories Ltd.","100","100","OTC"
"Asixone 500 mg/vial","Asixone 500 mg/vial","Ceftriaxone Sodium","500 mg/vial","IM Injection","একক","Third generation cephalosporins","Asiatic Laboratories Ltd.","130","130","OTC"
"Asixone 500 mg/vial","Asixone 500 mg/vial","Ceftriaxone Sodium","500 mg/vial","IV Injection","একক","Third generation cephalosporins","Asiatic Laboratories Ltd.","130","130","OTC"
"Asizime 1 gm/vial","Asizime 1 gm/vial","Azithromycin Dihydrate","1 gm/vial","আইভি ইনফিউশন","একক","Macrolides","Asiatic Laboratories Ltd.","240","240","Rx"
"Asizime 250 mg/vial","Asizime 250 mg/vial","Azithromycin Dihydrate","250 mg/vial","আইভি ইনফিউশন","একক","Macrolides","Asiatic Laboratories Ltd.","85","85","Rx"
"Asizime 500 mg/vial","Asizime 500 mg/vial","Azithromycin Dihydrate","500 mg/vial","আইভি ইনফিউশন","একক","Macrolides","Asiatic Laboratories Ltd.","130","130","Rx"
"Asizith 200 mg/5 ml","Asizith 200 mg/5 ml","Azithromycin Dihydrate","200 mg/5 ml","পাউডার সাসপেনশন","একক","Macrolides","Asiatic Laboratories Ltd.","95","95","OTC"
"Asizith 250 mg","Asizith 250 mg","Azithromycin Dihydrate","250 mg","ট্যাবলেট","2 x 4","Macrolides","Asiatic Laboratories Ltd.","23","23","OTC"
"Asizith 500 mg","Asizith 500 mg","Azithromycin Dihydrate","500 mg","ট্যাবলেট","3 x 4","Macrolides","Asiatic Laboratories Ltd.","35","35","OTC"
"Askorel 5 mg/ml","Askorel 5 mg/ml","Butamirate Citrate","5 mg/ml","Pediatric Drops","একক","Cough suppressant","Incepta Pharmaceuticals Ltd.","50","50","OTC"
"Askorel 7.5 mg/5 ml","Askorel 7.5 mg/5 ml","Butamirate Citrate","7.5 mg/5 ml","সিরাপ","একক","Cough suppressant","Incepta Pharmaceuticals Ltd.","80","80","OTC"
"Askorel SR 50 mg","Askorel SR 50 mg","Butamirate Citrate","50 mg","Tablet (Sustained Release)","3 x 10","Cough suppressant","Incepta Pharmaceuticals Ltd.","10","10","OTC"
"Aslan-D 30 mg","Aslan-D 30 mg","Dexlansoprazole","30 mg","Capsule (Enteric Coated)","5 x 10","Proton Pump Inhibitor","UniMed UniHealth Pharmaceuticals Ltd.","10","10","OTC"
"Aslan-D 60 mg","Aslan-D 60 mg","Dexlansoprazole","60 mg","Capsule (Enteric Coated)","3 x 10","Proton Pump Inhibitor","UniMed UniHealth Pharmaceuticals Ltd.","18","18","OTC"
"Aslor 5 mg","Aslor 5 mg","Desloratadine","5 mg","ট্যাবলেট","10 x 10","Non-sedating antihistamines","Drug International Ltd.","2.5","2.5","OTC"
"Asmacon SR 400 mg","Asmacon SR 400 mg","Theophylline","400 mg","Tablet (Sustained Release)","5 x 10","Bronchodilator, Theophylline & related drugs","Pacific Pharmaceuticals Ltd.","2.67","2.67","OTC"
"Asmadox 200 mg","Asmadox 200 mg","Doxophylline","200 mg","ট্যাবলেট","6 x 10","Bronchodilator, Methyl xanthine derivatives","Astra Biopharmaceuticals Ltd.","5","5","OTC"
"Asmadox 400 mg","Asmadox 400 mg","Doxophylline","400 mg","ট্যাবলেট","3 x 10","Bronchodilator, Methyl xanthine derivatives","Astra Biopharmaceuticals Ltd.","10","10","OTC"
"Asmafen 0.025%","Asmafen 0.025%","Ketotifen Fumarate (Ophthalmic)","0.025%","Ophthalmic Solution","একক","Ophthalmic Non-Steroid drugs","Globe Pharmaceuticals Ltd.","96","96","OTC"
"Asmafen 1 mg","Asmafen 1 mg","Ketotifen Fumarate (Oral)","1 mg","ট্যাবলেট","10 x 10","Cromoglycate & related drugs","Globe Pharmaceuticals Ltd.","2","2","OTC"
"Asmafen 1 mg/5 ml","Asmafen 1 mg/5 ml","Ketotifen Fumarate (Oral)","1 mg/5 ml","সিরাপ","একক","Cromoglycate & related drugs","Globe Pharmaceuticals Ltd.","55","55","OTC"
"Asmain 120 mg/5 ml","Asmain 120 mg/5 ml","Theophylline","120 mg/5 ml","সিরাপ","একক","Bronchodilator, Theophylline & related drugs","Edruc Limited","25","25","OTC"
"Asmalin 100 mcg/puff","Asmalin 100 mcg/puff","Salbutamol (Inhaler)","100 mcg/puff","Metered-Dose Inhaler (MDI)","একক","Short-acting selective & β2-adrenoceptor stimulants","Aristopharma Ltd.","250","250","OTC"
"Asmalin Plus (90 mcg+80 mcg)/puff","Asmalin Plus (90 mcg+80 mcg)/puff","Salbutamol + Budesonide","90 mcg+80 mcg)/puff","Metered-Dose Inhaler (MDI)","একক","Combined bronchodilators","Aristopharma Ltd.","350","350","OTC"
"Asmaloc 120 mg/5 ml","Asmaloc 120 mg/5 ml","Theophylline","120 mg/5 ml","সিরাপ","একক","Bronchodilator, Theophylline & related drugs","Sharif Pharmaceuticals Ltd.","30","30","OTC"
"Asmaloc SR 300 mg","Asmaloc SR 300 mg","Theophylline","300 mg","Tablet (Sustained Release)","5 x 10","Bronchodilator, Theophylline & related drugs","Sharif Pharmaceuticals Ltd.","2.36","2.36","OTC"
"Asmaloc SR 400 mg","Asmaloc SR 400 mg","Theophylline","400 mg","Tablet (Sustained Release)","5 x 10","Bronchodilator, Theophylline & related drugs","Sharif Pharmaceuticals Ltd.","3","3","OTC"
"Asmaphen 15 mg/5 ml","Asmaphen 15 mg/5 ml","Ephedrine Hydrochloride","15 mg/5 ml","সিরাপ","একক","Other adrenoceptor stimulants, Vasoconstrictor/Venotonic","Seema Pharmaceuticals Ltd.","28","28","OTC"
"Asmaphen 30 mg","Asmaphen 30 mg","Ephedrine Hydrochloride","30 mg","ট্যাবলেট","500's pack","Other adrenoceptor stimulants, Vasoconstrictor/Venotonic","Seema Pharmaceuticals Ltd.","0.3","0.3","OTC"
"Asmatab 10 mg","Asmatab 10 mg","Montelukast Sodium","10 mg","ট্যাবলেট","3 x 10","Leukotriene receptor antagonists","Veritas Pharmaceuticals Ltd.","13","13","OTC"
"Asmatab 5 mg","Asmatab 5 mg","Montelukast Sodium","5 mg","Chewable Tablet","3 x 10","Leukotriene receptor antagonists","Veritas Pharmaceuticals Ltd.","8","8","OTC"
"Asmatol 2 mg/5 ml","Asmatol 2 mg/5 ml","Salbutamol","2 mg/5 ml","সিরাপ","একক","Short-acting selective & β2-adrenoceptor stimulants","Rephco Pharmaceuticals Ltd.","14.45","14.45","OTC"
"Asmiket 1 mg","Asmiket 1 mg","Ketotifen Fumarate (Oral)","1 mg","ট্যাবলেট","5 x 10","Cromoglycate & related drugs","One Pharma Ltd.","2.3","2.3","OTC"
"Asmiket 1 mg/5 ml","Asmiket 1 mg/5 ml","Ketotifen Fumarate (Oral)","1 mg/5 ml","সিরাপ","একক","Cromoglycate & related drugs","One Pharma Ltd.","70","70","OTC"
"Asmolex 2 mg/5 ml","Asmolex 2 mg/5 ml","Salbutamol","2 mg/5 ml","সিরাপ","একক","Short-acting selective & β2-adrenoceptor stimulants","Aristopharma Ltd.","23","23","OTC"
"Asmolex-L 1 mg/5 ml","Asmolex-L 1 mg/5 ml","Levosalbutamol (Oral)","1 mg/5 ml","সিরাপ","একক","Short-acting selective & β2-adrenoceptor stimulants","Aristopharma Ltd.","45","45","OTC"
"Asmont 10 mg","Asmont 10 mg","Montelukast Sodium","10 mg","ট্যাবলেট","3 x 10","Leukotriene receptor antagonists","Somatec Pharmaceuticals Ltd.","14","14","OTC"
"Asmont 4 mg","Asmont 4 mg","Montelukast Sodium","4 mg","ট্যাবলেট","3 x 10","Leukotriene receptor antagonists","Somatec Pharmaceuticals Ltd.","6","6","OTC"
"Asmont 5 mg","Asmont 5 mg","Montelukast Sodium","5 mg","ট্যাবলেট","3 x 10","Leukotriene receptor antagonists","Somatec Pharmaceuticals Ltd.","7","7","OTC"
"Asorin 75 mg","Asorin 75 mg","Aspirin","75 mg","Tablet (Enteric Coated)","10 x 10","Anti-platelet drugs","Kemiko Pharmaceuticals Ltd.","0.5","0.5","OTC"
"Asozit 20 mg","Asozit 20 mg","Esomeprazole","20 mg","Capsule (Enteric Coated)","5 x 10","","The White Horse Pharmaceuticals Ltd.","8","8","OTC"
"Asozit 40 mg","Asozit 40 mg","Esomeprazole","40 mg","Capsule (Enteric Coated)","3 x 10","","The White Horse Pharmaceuticals Ltd.","10","10","OTC"
"ASP 100 mg","ASP 100 mg","Aceclofenac","100 mg","ট্যাবলেট","100's pack","Drugs for Osteoarthritis, Drugs used for Rheumatoid Arthritis, Non-steroidal Anti-inflammatory Drugs (NSAIDs)","Quality Pharmaceuticals Ltd.","3","3","OTC"
"Aspasom 10 mg/5 ml","Aspasom 10 mg/5 ml","Tiemonium Methylsulfate","10 mg/5 ml","সিরাপ","একক","Anticholinergics","Kemiko Pharmaceuticals Ltd.","90","90","OTC"
"Aspasom 5 mg/2 ml","Aspasom 5 mg/2 ml","Tiemonium Methylsulfate","5 mg/2 ml","IM/IV Injection","2 x 5","Anticholinergics","Kemiko Pharmaceuticals Ltd.","23","23","OTC"
"Aspasom 50 mg","Aspasom 50 mg","Tiemonium Methylsulfate","50 mg","ট্যাবলেট","3 x 10","Anticholinergics","Kemiko Pharmaceuticals Ltd.","5","5","OTC"
"Aspirel 75 mg+75 mg","Aspirel 75 mg+75 mg","Clopidogrel + Aspirin","75 mg+75 mg","ট্যাবলেট","3 x 10","Anti-platelet drugs","The IBN SINA Pharmaceutical PLC","12","12","OTC"
"Aspra 20 mg","Aspra 20 mg","Omeprazole","20 mg","Capsule (Enteric Coated)","6 x 10","Proton Pump Inhibitor","Apex Pharma Ltd.","5","5","OTC"
"Aspra 40 mg","Aspra 40 mg","Omeprazole","40 mg","Capsule (Enteric Coated)","3 x 10","Proton Pump Inhibitor","Apex Pharma Ltd.","8","8","OTC"
"Asprofen 1 mg","Asprofen 1 mg","Ketotifen Fumarate (Oral)","1 mg","ট্যাবলেট","10 x 10","Cromoglycate & related drugs","Rephco Pharmaceuticals Ltd.","2","2","OTC"
"Asta 120 mg/5 ml","Asta 120 mg/5 ml","Paracetamol","120 mg/5 ml","Oral Suspension","একক","Non-Opioid Analgesics","Rephco Pharmaceuticals Ltd.","35","35","OTC"
"Asta 500 mg","Asta 500 mg","Paracetamol","500 mg","ট্যাবলেট","250's pack","Non-Opioid Analgesics","Rephco Pharmaceuticals Ltd.","1.2","1.2","OTC"
"Asta King 2 mg","Asta King 2 mg","Astaxanthin","2 mg","ক্যাপসুল","1 x 15","Supplements & adjuvant therapy","Drug International Ltd.","10.05","10.05","OTC"
"Asta King 4 mg","Asta King 4 mg","Astaxanthin","4 mg","ক্যাপসুল","1 x 15","Supplements & adjuvant therapy","Drug International Ltd.","20.1","20.1","OTC"
"Asta Plus 500 mg+65 mg","Asta Plus 500 mg+65 mg","Paracetamol + Caffeine","500 mg+65 mg","ট্যাবলেট","100's pack","Non-Opioid Analgesics","Rephco Pharmaceuticals Ltd.","2","2","OTC"
"Asta XR 665 mg","Asta XR 665 mg","Paracetamol","665 mg","Tablet (Extended Release)","100's pack","Non-Opioid Analgesics","Rephco Pharmaceuticals Ltd.","2","2","OTC"
"Astagen 2 mg","Astagen 2 mg","Astaxanthin","2 mg","ক্যাপসুল","1 x 30","Supplements & adjuvant therapy","General Pharmaceuticals Ltd.","12.03","12.03","OTC"
"Astagen 4 mg","Astagen 4 mg","Astaxanthin","4 mg","ক্যাপসুল","1 x 30","Supplements & adjuvant therapy","General Pharmaceuticals Ltd.","22.07","22.07","OTC"
"Astamax 2 mg","Astamax 2 mg","Astaxanthin","2 mg","ক্যাপসুল","3 x 10","Supplements & adjuvant therapy","Popular Pharmaceuticals Ltd.","12","12","OTC"
"Astamax 4 mg","Astamax 4 mg","Astaxanthin","4 mg","ক্যাপসুল","2 x 10","Supplements & adjuvant therapy","Popular Pharmaceuticals Ltd.","22","22","OTC"
"Astasoft 2 mg","Astasoft 2 mg","Astaxanthin","2 mg","ক্যাপসুল","3 x 10","Supplements & adjuvant therapy","Pacific Pharmaceuticals Ltd.","12","12","OTC"
"Astasoft 4 mg","Astasoft 4 mg","Astaxanthin","4 mg","ক্যাপসুল","2 x 10","Supplements & adjuvant therapy","Pacific Pharmaceuticals Ltd.","22","22","OTC"
"Astatin 10 mg","Astatin 10 mg","Atorvastatin Calcium","10 mg","ট্যাবলেট","5 x 10","Other Anti-anginal & Anti-ischaemic drugs, Statins","United Pharmaceuticals Ltd.","10","10","OTC"
"Aster 10 mg","Aster 10 mg","Atorvastatin Calcium","10 mg","ট্যাবলেট","3 x 10","Other Anti-anginal & Anti-ischaemic drugs, Statins","Euro Pharma Ltd.","10","10","OTC"
"Aster 20 mg","Aster 20 mg","Atorvastatin Calcium","20 mg","ট্যাবলেট","3 x 10","Other Anti-anginal & Anti-ischaemic drugs, Statins","Euro Pharma Ltd.","18","18","OTC"
"Aster EZ 10 mg+10 mg","Aster EZ 10 mg+10 mg","Atorvastatin + Ezetimibe","10 mg+10 mg","ট্যাবলেট","3 x 10","Other lipid regulating drugs","Euro Pharma Ltd.","13","13","OTC"
"Aster EZ 20 mg+10 mg","Aster EZ 20 mg+10 mg","Atorvastatin + Ezetimibe","20 mg+10 mg","ট্যাবলেট","3 x 10","Other lipid regulating drugs","Euro Pharma Ltd.","20","20","OTC"
"Asthmacare 10 mg","Asthmacare 10 mg","Montelukast Sodium","10 mg","ট্যাবলেট","2 x 10","Leukotriene receptor antagonists","Doctor TIMS Pharmaceuticals Ltd.","16","16","OTC"
"Asthmacare 5 mg","Asthmacare 5 mg","Montelukast Sodium","5 mg","Dispersible Tablet","3 x 10","Leukotriene receptor antagonists","Doctor TIMS Pharmaceuticals Ltd.","8","8","OTC"
"Asthmolin 2 mg","Asthmolin 2 mg","Salbutamol","2 mg","ট্যাবলেট","100's pack","Short-acting selective & β2-adrenoceptor stimulants","Pharmadesh Laboratories Ltd.","0.28","0.28","OTC"
"Asthmolin 2 mg","Asthmolin 2 mg","Salbutamol","2 mg","ট্যাবলেট","100's pack","Short-acting selective & β2-adrenoceptor stimulants","Pharmadesh Laboratories Ltd.","0.28","0.28","OTC"
"Asthmolin 2 mg/5 ml","Asthmolin 2 mg/5 ml","Salbutamol","2 mg/5 ml","সিরাপ","একক","Short-acting selective & β2-adrenoceptor stimulants","Pharmadesh Laboratories Ltd.","11.38","11.38","OTC"
"Astin 10 mg","Astin 10 mg","Atorvastatin Calcium","10 mg","ট্যাবলেট","3 x 10","Other Anti-anginal & Anti-ischaemic drugs, Statins","Jayson Pharmaceutical Ltd.","8.06","8.06","OTC"
"Astin 20 mg","Astin 20 mg","Atorvastatin Calcium","20 mg","ট্যাবলেট","1 x 10","Other Anti-anginal & Anti-ischaemic drugs, Statins","Jayson Pharmaceutical Ltd.","15.1","15.1","OTC"
"Astiva 10 mg","Astiva 10 mg","Atorvastatin Calcium","10 mg","ট্যাবলেট","10's pack","Other Anti-anginal & Anti-ischaemic drugs, Statins","Supreme Pharmaceutical Ltd.","7.5","7.5","OTC"
"Astra Gold","Astra Gold","Multivitamin & Multimineral [A-Z gold preparation]","","ট্যাবলেট","1 x 15","Multi-vitamin & Multi-mineral combined preparations","Astra Biopharmaceuticals Ltd.","7","7","OTC"
"Astra Silver","Astra Silver","Multivitamin & Multimineral [A-Z silver preparation]","","ট্যাবলেট","1 x 15","Multi-vitamin & Multi-mineral combined preparations","Astra Biopharmaceuticals Ltd.","7","7","OTC"
"Astra-N 100 mg+200 mg+200 mcg","Astra-N 100 mg+200 mg+200 mcg","Vitamin B1, B6 & B12","100 mg+200 mg+200 mcg","ট্যাবলেট","1 x 30","Specific combined vitamin preparations","Astra Biopharmaceuticals Ltd.","10","10","OTC"
"Astra-Z","Astra-Z","Vitamin B Complex + Zinc","","ট্যাবলেট","1 x 30","Specific mineral & vitamin combined preparations","Astra Biopharmaceuticals Ltd.","2","2","OTC"
"Astro-Z 150 mg+0.5 mg+61.8 mg","Astro-Z 150 mg+0.5 mg+61.8 mg","Ferrous Sulfate + Folic Acid + Zinc Sulfate","150 mg+0.5 mg+61.8 mg","Capsule (Timed Release)","50's pack","Iron, Vitamin & Mineral Combined preparation","Syntho Laboratories Ltd.","2.6","2.6","OTC"
"Asul 2 mg/5 ml","Asul 2 mg/5 ml","Salbutamol","2 mg/5 ml","সিরাপ","একক","Short-acting selective & β2-adrenoceptor stimulants","Asiatic Laboratories Ltd.","22.92","22.92","OTC"
"Asul 4 mg","Asul 4 mg","Salbutamol","4 mg","ট্যাবলেট","10 x 10","Short-acting selective & β2-adrenoceptor stimulants","Asiatic Laboratories Ltd.","0.34","0.34","OTC"
"Asvast 10 mg","Asvast 10 mg","Atorvastatin Calcium","10 mg","ট্যাবলেট","5 x 10","Other Anti-anginal & Anti-ischaemic drugs, Statins","Pharmik Laboratories Ltd.","10","10","OTC"
"Asynta (500 mg+100 mg)/5 ml","Asynta (500 mg+100 mg)/5 ml","Sodium Alginate + Potassium Bicarbonate","500 mg+100 mg)/5 ml","Oral Suspension","একক","Antacids","Square Pharmaceuticals PLC","150","150","OTC"
"Asynta 500 mg+100 mg","Asynta 500 mg+100 mg","Sodium Alginate + Potassium Bicarbonate","500 mg+100 mg","Chewable Tablet","5 x 10","Antacids","Square Pharmaceuticals PLC","5","5","OTC"
"Asynta Max (500 mg+213 mg+325 mg)/10 ml","Asynta Max (500 mg+213 mg+325 mg)/10 ml","Sodium Alginate + Sodium Bicarbonate + Calcium Carbonate","500 mg+213 mg+325 mg)/10 ml","Oral Suspension","একক","Antacids","Square Pharmaceuticals PLC","300","300","OTC"
"Asynta Max 250 mg+106.5 mg+187.5 mg","Asynta Max 250 mg+106.5 mg+187.5 mg","Sodium Alginate + Sodium Bicarbonate + Calcium Carbonate","250 mg+106.5 mg+187.5 mg","Chewable Tablet","3 x 10","Antacids","Square Pharmaceuticals PLC","6","6","OTC"
"Atanib 40 mg","Atanib 40 mg","Afatinib Dimaleate","40 mg","ট্যাবলেট","1 x 10","Tyrosine Kinase Inhibitor","Aristopharma Ltd.","1100","1100","OTC"
"Atasin 10 mg","Atasin 10 mg","Atorvastatin Calcium","10 mg","ট্যাবলেট","5 x 10","Other Anti-anginal & Anti-ischaemic drugs, Statins","ACI Limited","12","12","OTC"
"Atasin 20 mg","Atasin 20 mg","Atorvastatin Calcium","20 mg","ট্যাবলেট","3 x 10","Other Anti-anginal & Anti-ischaemic drugs, Statins","ACI Limited","20","20","OTC"
"Atasin 40 mg","Atasin 40 mg","Atorvastatin Calcium","40 mg","ট্যাবলেট","3 x 10","Other Anti-anginal & Anti-ischaemic drugs, Statins","ACI Limited","28","28","OTC"
"Atasin 80 mg","Atasin 80 mg","Atorvastatin Calcium","80 mg","ট্যাবলেট","2 x 6","Other Anti-anginal & Anti-ischaemic drugs, Statins","ACI Limited","40.12","40.12","OTC"
"Atasin EZ 10 mg+10 mg","Atasin EZ 10 mg+10 mg","Atorvastatin + Ezetimibe","10 mg+10 mg","ট্যাবলেট","3 x 10","Other lipid regulating drugs","ACI Limited","14","14","OTC"
"Atasin EZ 20 mg+10 mg","Atasin EZ 20 mg+10 mg","Atorvastatin + Ezetimibe","20 mg+10 mg","ট্যাবলেট","3 x 10","Other lipid regulating drugs","ACI Limited","22","22","OTC"
"Atebit 100 mg","Atebit 100 mg","Atenolol","100 mg","ট্যাবলেট","10 x 10","Beta-adrenoceptor blocking drugs, Beta-blockers","Asiatic Laboratories Ltd.","1.38","1.38","OTC"
"Atebit 50 mg","Atebit 50 mg","Atenolol","50 mg","ট্যাবলেট","10 x 10","Beta-adrenoceptor blocking drugs, Beta-blockers","Asiatic Laboratories Ltd.","0.77","0.77","OTC"
"Atechlor 100 mg+25 mg","Atechlor 100 mg+25 mg","Atenolol + Chlorthalidone","100 mg+25 mg","ট্যাবলেট","5 x 10","Combined antihypertensive preparations","Silva Pharmaceuticals Ltd.","3.01","3.01","OTC"
"Atechlor 50 mg+25 mg","Atechlor 50 mg+25 mg","Atenolol + Chlorthalidone","50 mg+25 mg","ট্যাবলেট","5 x 10","Combined antihypertensive preparations","Silva Pharmaceuticals Ltd.","2.51","2.51","OTC"
"Atenol 100 mg","Atenol 100 mg","Atenolol","100 mg","ট্যাবলেট","100's pack","Beta-adrenoceptor blocking drugs, Beta-blockers","Pharmadesh Laboratories Ltd.","1.38","1.38","OTC"
"Atenol 50 mg","Atenol 50 mg","Atenolol","50 mg","ট্যাবলেট","100's pack","Beta-adrenoceptor blocking drugs, Beta-blockers","Pharmadesh Laboratories Ltd.","0.8","0.8","OTC"
"Atenolol 100 mg","Atenolol 100 mg","Atenolol","100 mg","ট্যাবলেট","10 x 10","Beta-adrenoceptor blocking drugs, Beta-blockers","Albion Laboratories Limited","1.38","1.38","OTC"
"Atepine 5 mg+50 mg","Atepine 5 mg+50 mg","Amlodipine Besilate + Atenolol","5 mg+50 mg","ট্যাবলেট","30's pack","Combined antihypertensive preparations","Pharmadesh Laboratories Ltd.","4.5","4.5","OTC"
"Atezen 100 mg","Atezen 100 mg","Atenolol","100 mg","ট্যাবলেট","10 x 10","Beta-adrenoceptor blocking drugs, Beta-blockers","Zenith Pharmaceuticals Ltd.","1.37","1.37","OTC"
"Atezen 50 mg","Atezen 50 mg","Atenolol","50 mg","ট্যাবলেট","10 x 10","Beta-adrenoceptor blocking drugs, Beta-blockers","Zenith Pharmaceuticals Ltd.","0.77","0.77","OTC"
"Atezen Plus 5 mg+50 mg","Atezen Plus 5 mg+50 mg","Amlodipine Besilate + Atenolol","5 mg+50 mg","ট্যাবলেট","5 x 10","Combined antihypertensive preparations","Zenith Pharmaceuticals Ltd.","3.6","3.6","OTC"
"Athena 30 mg","Athena 30 mg","Ulipristal Acetate [For emergency contraception]","30 mg","ট্যাবলেট","একক","Drugs acting on the Uterus, Emergency Contraceptive Pill","Healthcare Pharmaceuticals Ltd.","200","200","OTC"
"Athexim 500 mg","Athexim 500 mg","Cefuroxime Axetil","500 mg","ট্যাবলেট","2 x 7","Second generation cephalosporins","C2C Pharma Ltd.","45","45","OTC"
"Athexim CV 500 mg+125 mg","Athexim CV 500 mg+125 mg","Cefuroxime Axetil + Clavulanic Acid","500 mg+125 mg","ট্যাবলেট","2 x 7","Second generation cephalosporins","C2C Pharma Ltd.","60","60","OTC"
"Atidon 10 mg","Atidon 10 mg","Domperidone Maleate","10 mg","ট্যাবলেট","5 x 10","Motility Stimulants, Motility stimulants/Dopamine antagonist, Prokinetic drugs","Asiatic Laboratories Ltd.","2","2","OTC"
"Atidon 5 mg/5 ml","Atidon 5 mg/5 ml","Domperidone Maleate","5 mg/5 ml","Oral Suspension","একক","Motility Stimulants, Motility stimulants/Dopamine antagonist, Prokinetic drugs","Asiatic Laboratories Ltd.","28","28","OTC"
"Atier 0.3%","Atier 0.3%","Hypromellose","0.3%","Ophthalmic Solution","একক","Drugs for Dry eyes","ACI Limited","70","70","OTC"
"Atin 50 mg","Atin 50 mg","Atenolol","50 mg","ট্যাবলেট","10 x 10","Beta-adrenoceptor blocking drugs, Beta-blockers","Jayson Pharmaceutical Ltd.","0.76","0.76","OTC"
"Atinid 100 mg/5 ml","Atinid 100 mg/5 ml","Nitazoxanide","100 mg/5 ml","পাউডার সাসপেনশন","একক","Anti-diarrhoeal antiprotozoal","Biopharma Limited","35.12","35.12","OTC"
"Atinid 500 mg","Atinid 500 mg","Nitazoxanide","500 mg","ট্যাবলেট","5 x 4","Anti-diarrhoeal antiprotozoal","Biopharma Limited","10.05","10.05","OTC"
"ATO 10 mg/vial","ATO 10 mg/vial","Arsenic Trioxide","10 mg/vial","আইভি ইনফিউশন","একক","","Beacon Pharmaceuticals PLC","1500","1500","Rx"
"Atoderm Creme Ultra","Atoderm Creme Ultra","Dry & Atopic Skin [ATODERM]","","ক্রিম","একক","","UniHealth Limited","2700","2700","OTC"
"Atoderm Intensive Balm","Atoderm Intensive Balm","Dry & Atopic Skin [ATODERM]","","লোশন","একক","","UniHealth Limited","5000","5000","OTC"
"Atoderm Intensive Gel Moussant","Atoderm Intensive Gel Moussant","Dry & Atopic Skin [ATODERM]","","Topical Gel","একক","","UniHealth Limited","2500","2500","OTC"
"Atoderm Intensive Pain","Atoderm Intensive Pain","Dry & Atopic Skin [ATODERM]","","Medicated Bar","একক","","UniHealth Limited","1500","1500","OTC"
"Atoderm Lip Balm","Atoderm Lip Balm","Dry & Atopic Skin [ATODERM]","","অয়েন্টমেন্ট","একক","","UniHealth Limited","1700","1700","OTC"
"Atoderm Preventive","Atoderm Preventive","Dry & Atopic Skin [ATODERM]","","লোশন","একক","","UniHealth Limited","2900","2900","OTC"
"Atofix 0.3% w/w","Atofix 0.3% w/w","Difamilast","0.3% w/w","অয়েন্টমেন্ট","একক","","Eskayef Pharmaceuticals Ltd.","350","350","OTC"
"Atofix 1% w/w","Atofix 1% w/w","Difamilast","1% w/w","অয়েন্টমেন্ট","একক","","Eskayef Pharmaceuticals Ltd.","650","650","OTC"
"Atol 100 mg","Atol 100 mg","Atenolol","100 mg","ট্যাবলেট","100's pack","Beta-adrenoceptor blocking drugs, Beta-blockers","Mystic Pharmaceuticals Ltd.","1.37","1.37","OTC"
"Atol 50 mg","Atol 50 mg","Atenolol","50 mg","ট্যাবলেট","100's pack","Beta-adrenoceptor blocking drugs, Beta-blockers","Mystic Pharmaceuticals Ltd.","0.75","0.75","OTC"
"Atomax 10 mg","Atomax 10 mg","Atorvastatin Calcium","10 mg","ট্যাবলেট","3 x 10","Other Anti-anginal & Anti-ischaemic drugs, Statins","Al-Madina Pharmaceuticals Ltd.","10","10","OTC"
"Atomax 20 mg","Atomax 20 mg","Atorvastatin Calcium","20 mg","ট্যাবলেট","2 x 10","Other Anti-anginal & Anti-ischaemic drugs, Statins","Al-Madina Pharmaceuticals Ltd.","18","18","OTC"
"Atonor 10 mg","Atonor 10 mg","Atorvastatin Calcium","10 mg","ট্যাবলেট","3 x 10","Other Anti-anginal & Anti-ischaemic drugs, Statins","Asiatic Laboratories Ltd.","10","10","OTC"
"Atonor 20 mg","Atonor 20 mg","Atorvastatin Calcium","20 mg","ট্যাবলেট","2 x 10","Other Anti-anginal & Anti-ischaemic drugs, Statins","Asiatic Laboratories Ltd.","18","18","OTC"
"Atopen 120 mg/5 ml","Atopen 120 mg/5 ml","Paracetamol","120 mg/5 ml","Oral Suspension","একক","Non-Opioid Analgesics","Kemiko Pharmaceuticals Ltd.","35","35","OTC"
"Atopen 500 mg","Atopen 500 mg","Paracetamol","500 mg","ট্যাবলেট","200's pack","Non-Opioid Analgesics","Kemiko Pharmaceuticals Ltd.","1.2","1.2","OTC"
"Atopen Extend 665 mg","Atopen Extend 665 mg","Paracetamol","665 mg","Tablet (Extended Release)","100's pack","Non-Opioid Analgesics","Kemiko Pharmaceuticals Ltd.","2","2","OTC"
"Atopen Plus 500 mg+65 mg","Atopen Plus 500 mg+65 mg","Paracetamol + Caffeine","500 mg+65 mg","ট্যাবলেট","200's pack","Non-Opioid Analgesics","Kemiko Pharmaceuticals Ltd.","2.51","2.51","OTC"
"Atopen-X 325 mg+37.5 mg","Atopen-X 325 mg+37.5 mg","Paracetamol + Tramadol Hydrochloride","325 mg+37.5 mg","ট্যাবলেট","20's pack","Non-steroidal Anti-inflammatory Drugs (NSAIDs)","Kemiko Pharmaceuticals Ltd.","8.02","8.02","OTC"
"Atorvast 10 mg","Atorvast 10 mg","Atorvastatin Calcium","10 mg","ট্যাবলেট","30's pack","Other Anti-anginal & Anti-ischaemic drugs, Statins","Medimet Pharmaceuticals Ltd.","8","8","OTC"
"Atosiban EVER 37.5 mg/5 ml","Atosiban EVER 37.5 mg/5 ml","Atosiban Acetate","37.5 mg/5 ml","আইভি ইনফিউশন","একক","Other preparations","ZAS Corporation","4000","4000","Rx"
"Atosiban EVER 6.75 mg/0.9 ml","Atosiban EVER 6.75 mg/0.9 ml","Atosiban Acetate","6.75 mg/0.9 ml","আইভি ইনফিউশন","একক","Other preparations","ZAS Corporation","1600","1600","Rx"
"Atosiban Sun 37.5 mg/5 ml","Atosiban Sun 37.5 mg/5 ml","Atosiban Acetate","37.5 mg/5 ml","আইভি ইনফিউশন","একক","Other preparations","Sun Pharmaceutical (Bangladesh) Ltd.","4709","4709","Rx"
"Atosiban Sun 6.75 mg/0.9 ml","Atosiban Sun 6.75 mg/0.9 ml","Atosiban Acetate","6.75 mg/0.9 ml","আইভি ইনফিউশন","একক","Other preparations","Sun Pharmaceutical (Bangladesh) Ltd.","1795","1795","Rx"
"Atostin 10 mg","Atostin 10 mg","Atorvastatin Calcium","10 mg","ট্যাবলেট","3 x 10","Other Anti-anginal & Anti-ischaemic drugs, Statins","Credence Pharmaceuticals Ltd.","11","11","OTC"
"Atostin 20 mg","Atostin 20 mg","Atorvastatin Calcium","20 mg","ট্যাবলেট","1 x 10","Other Anti-anginal & Anti-ischaemic drugs, Statins","Credence Pharmaceuticals Ltd.","20","20","OTC"
"Atova 10 mg","Atova 10 mg","Atorvastatin Calcium","10 mg","ট্যাবলেট","2 x 15","Other Anti-anginal & Anti-ischaemic drugs, Statins","Beximco Pharmaceuticals Ltd.","12","12","OTC"
"Atova 20 mg","Atova 20 mg","Atorvastatin Calcium","20 mg","ট্যাবলেট","2 x 15","Other Anti-anginal & Anti-ischaemic drugs, Statins","Beximco Pharmaceuticals Ltd.","20","20","OTC"
"Atova 40 mg","Atova 40 mg","Atorvastatin Calcium","40 mg","ট্যাবলেট","2 x 10","Other Anti-anginal & Anti-ischaemic drugs, Statins","Beximco Pharmaceuticals Ltd.","28","28","OTC"
"Atova EZ 10 mg+10 mg","Atova EZ 10 mg+10 mg","Atorvastatin + Ezetimibe","10 mg+10 mg","ট্যাবলেট","2 x 15","Other lipid regulating drugs","Beximco Pharmaceuticals Ltd.","14","14","OTC"
"Atova EZ 20 mg+10 mg","Atova EZ 20 mg+10 mg","Atorvastatin + Ezetimibe","20 mg+10 mg","ট্যাবলেট","2 x 15","Other lipid regulating drugs","Beximco Pharmaceuticals Ltd.","22","22","OTC"
"Atovex 10 mg","Atovex 10 mg","Atorvastatin Calcium","10 mg","ট্যাবলেট","3 x 10","Other Anti-anginal & Anti-ischaemic drugs, Statins","Jenphar Bangladesh Ltd.","10","10","OTC"
"Atovex 20 mg","Atovex 20 mg","Atorvastatin Calcium","20 mg","ট্যাবলেট","2 x 10","Other Anti-anginal & Anti-ischaemic drugs, Statins","Jenphar Bangladesh Ltd.","18.05","18.05","OTC"
"Atovin 10 mg","Atovin 10 mg","Atorvastatin Calcium","10 mg","ট্যাবলেট","1 x 10","Other Anti-anginal & Anti-ischaemic drugs, Statins","Alco Pharma Ltd.","10.03","10.03","OTC"
"Atovin 20 mg","Atovin 20 mg","Atorvastatin Calcium","20 mg","ট্যাবলেট","1 x 10","Other Anti-anginal & Anti-ischaemic drugs, Statins","Alco Pharma Ltd.","15.05","15.05","OTC"
"Atoz Premium","Atoz Premium","Multivitamin & Multimineral [A-Z gold preparation]","","ট্যাবলেট","5 x 9","Multi-vitamin & Multi-mineral combined preparations","Radiant Pharmaceuticals Ltd.","13","13","OTC"
"Atoz Senior","Atoz Senior","Multivitamin & Multimineral [A-Z silver preparation]","","ট্যাবলেট","5 x 9","Multi-vitamin & Multi-mineral combined preparations","Radiant Pharmaceuticals Ltd.","13","13","OTC"
"AtoZin","AtoZin","Multivitamin & Multimineral [A-Z gold preparation]","","ট্যাবলেট","3 x 10","Multi-vitamin & Multi-mineral combined preparations","Monicopharma Ltd.","6","6","OTC"
"ATP 120 mg/5 ml","ATP 120 mg/5 ml","Paracetamol","120 mg/5 ml","Oral Suspension","একক","Non-Opioid Analgesics","General Pharmaceuticals Ltd.","35","35","OTC"
"ATP Extra 500 mg+65 mg","ATP Extra 500 mg+65 mg","Paracetamol + Caffeine","500 mg+65 mg","ট্যাবলেট","10 x 10","Non-Opioid Analgesics","General Pharmaceuticals Ltd.","2.5","2.5","OTC"
"ATP XR 665 mg","ATP XR 665 mg","Paracetamol","665 mg","Tablet (Extended Release)","10 x 10","Non-Opioid Analgesics","General Pharmaceuticals Ltd.","2","2","OTC"
"Atracurium Hameln 25 mg/2.5 ml","Atracurium Hameln 25 mg/2.5 ml","Atracurium Besilate","25 mg/2.5 ml","IV Injection","একক","Non depolarizing muscle relaxants","ZAS Corporation","260","260","OTC"
"Atrex 40 mg/5 ml","Atrex 40 mg/5 ml","Levamisole Hydrochloride","40 mg/5 ml","সিরাপ","একক","Anthelmintic","Aztec Pharmaceuticals Ltd.","10","10","OTC"
"Atrizin 10 mg","Atrizin 10 mg","Cetirizine Hydrochloride","10 mg","ট্যাবলেট","10 x 15","Sedating Anti-histamine","Beximco Pharmaceuticals Ltd.","3","3","OTC"
"Atrizin 2.5 mg/ml","Atrizin 2.5 mg/ml","Cetirizine Hydrochloride","2.5 mg/ml","Pediatric Drops","একক","Sedating Anti-histamine","Beximco Pharmaceuticals Ltd.","25","25","OTC"
"Atrizin 5 mg/5 ml","Atrizin 5 mg/5 ml","Cetirizine Hydrochloride","5 mg/5 ml","সিরাপ","একক","Sedating Anti-histamine","Beximco Pharmaceuticals Ltd.","30","30","OTC"
"Atrogen 1%","Atrogen 1%","Atropine Sulfate (Ophthalmic)","1%","Ophthalmic Solution","একক","Mydriatic and Cycloplegic agents","General Pharmaceuticals Ltd.","70.21","70.21","OTC"
"Atrogen 1%","Atrogen 1%","Atropine Sulfate (Ophthalmic)","1%","Ophthalmic Ointment","একক","Mydriatic and Cycloplegic agents","General Pharmaceuticals Ltd.","70","70","OTC"
"Atrogen M 0.01%","Atrogen M 0.01%","Atropine Sulfate (Ophthalmic)","0.01%","Ophthalmic Solution","একক","Mydriatic and Cycloplegic agents","General Pharmaceuticals Ltd.","200","200","OTC"
"Atrokid 0.01%","Atrokid 0.01%","Atropine Sulfate (Ophthalmic)","0.01%","Ophthalmic Solution","একক","Mydriatic and Cycloplegic agents","Opsonin Pharma Ltd.","280","280","OTC"
"Atropin 0.6 mg/ml","Atropin 0.6 mg/ml","Atropine Sulfate (Injection)","0.6 mg/ml","ইনজেকশন","50's pack","Anticholinergics (antimuscarinics)/ Anti-spasmodics","S.N. Pharmaceutical Ltd.","2.52","2.52","Rx"
"Atropine 0.6 mg/ml","Atropine 0.6 mg/ml","Atropine Sulfate (Injection)","0.6 mg/ml","ইনজেকশন","50's pack","Anticholinergics (antimuscarinics)/ Anti-spasmodics","Chemist Laboratories  Ltd.","5","5","Rx"
"Atropine 0.6 mg/ml","Atropine 0.6 mg/ml","Atropine Sulfate (Injection)","0.6 mg/ml","ইনজেকশন","10's pack","Anticholinergics (antimuscarinics)/ Anti-spasmodics","Jayson Pharmaceutical Ltd.","5.16","5.16","Rx"
"Atropine 0.6 mg/ml","Atropine 0.6 mg/ml","Atropine Sulfate (Injection)","0.6 mg/ml","ইনজেকশন","10's pack","Anticholinergics (antimuscarinics)/ Anti-spasmodics","Edruc Limited","5","5","Rx"
"Atrovast 10 mg","Atrovast 10 mg","Atorvastatin Calcium","10 mg","ট্যাবলেট","3 x 10","Other Anti-anginal & Anti-ischaemic drugs, Statins","Nuvista Pharma Ltd.","12.04","12.04","OTC"
"Atrovast 20 mg","Atrovast 20 mg","Atorvastatin Calcium","20 mg","ট্যাবলেট","2 x 10","Other Anti-anginal & Anti-ischaemic drugs, Statins","Nuvista Pharma Ltd.","18.05","18.05","OTC"
"Attentin 10 mg","Attentin 10 mg","Atomoxetine Hydrochloride","10 mg","ক্যাপসুল","3 x 10","CNS stimulant drugs","UniMed UniHealth Pharmaceuticals Ltd.","8","8","OTC"
"Attentin 40 mg","Attentin 40 mg","Atomoxetine Hydrochloride","40 mg","ক্যাপসুল","3 x 10","CNS stimulant drugs","UniMed UniHealth Pharmaceuticals Ltd.","35","35","OTC"
"ATV 10 mg","ATV 10 mg","Atorvastatin Calcium","10 mg","ট্যাবলেট","3 x 10","Other Anti-anginal & Anti-ischaemic drugs, Statins","Delta Pharma Ltd.","5","5","OTC"
"ATV 20 mg","ATV 20 mg","Atorvastatin Calcium","20 mg","ট্যাবলেট","3 x 10","Other Anti-anginal & Anti-ischaemic drugs, Statins","Delta Pharma Ltd.","10","10","OTC"
"ATV 40 mg","ATV 40 mg","Atorvastatin Calcium","40 mg","ট্যাবলেট","1 x 10","Other Anti-anginal & Anti-ischaemic drugs, Statins","Delta Pharma Ltd.","15","15","OTC"
"ATV Eze 10 mg+10 mg","ATV Eze 10 mg+10 mg","Atorvastatin + Ezetimibe","10 mg+10 mg","ট্যাবলেট","3 x 10","Other lipid regulating drugs","Delta Pharma Ltd.","10","10","OTC"
"ATV Eze 20 mg+10 mg","ATV Eze 20 mg+10 mg","Atorvastatin + Ezetimibe","20 mg+10 mg","ট্যাবলেট","3 x 10","Other lipid regulating drugs","Delta Pharma Ltd.","15","15","OTC"
"ATV Plus 5 mg+10 mg","ATV Plus 5 mg+10 mg","Amlodipine Besilate + Atorvastatin","5 mg+10 mg","ট্যাবলেট","3 x 10","Anti-anginal & lipid lowering drugs","Delta Pharma Ltd.","8","8","OTC"
"AU-20 20 mg","AU-20 20 mg","Omeprazole","20 mg","Capsule (Enteric Coated)","100's pack","Proton Pump Inhibitor","Decent Pharma Laboratories Ltd.","4.5","4.5","OTC"
"Audicare 0.3%+1%+0.025%+2%","Audicare 0.3%+1%+0.025%+2%","Ofloxacin + Clotrimazole + Beclomethasone + Lidocaine","0.3%+1%+0.025%+2%","Ear Drop","একক","4-Quinolone preparations, Anti-fungal or anti-bacterial ear drops","Aristopharma Ltd.","150","150","OTC"
"Audicom 0.3%+1%+0.025%+2%","Audicom 0.3%+1%+0.025%+2%","Ofloxacin + Clotrimazole + Beclomethasone + Lidocaine","0.3%+1%+0.025%+2%","Ear Drop","একক","4-Quinolone preparations, Anti-fungal or anti-bacterial ear drops","The IBN SINA Pharmaceutical PLC","150","150","OTC"
"Augment (1 gm+200 mg)/20 ml","Augment (1 gm+200 mg)/20 ml","Amoxicillin + Clavulanic Acid","1 gm+200 mg)/20 ml","IV Injection","একক","Broad spectrum penicillins","Eskayef Pharmaceuticals Ltd.","300","300","OTC"
"Augment (125 mg+31.25 mg)/5 ml","Augment (125 mg+31.25 mg)/5 ml","Amoxicillin + Clavulanic Acid","125 mg+31.25 mg)/5 ml","পাউডার সাসপেনশন","একক","Broad spectrum penicillins","Eskayef Pharmaceuticals Ltd.","220","220","OTC"
"Augment 250 mg+125 mg","Augment 250 mg+125 mg","Amoxicillin + Clavulanic Acid","250 mg+125 mg","ট্যাবলেট","3 x 6","Broad spectrum penicillins","Eskayef Pharmaceuticals Ltd.","25","25","OTC"
"Augment 500 mg+125 mg","Augment 500 mg+125 mg","Amoxicillin + Clavulanic Acid","500 mg+125 mg","ট্যাবলেট","3 x 6","Broad spectrum penicillins","Eskayef Pharmaceuticals Ltd.","32","32","OTC"
"Augment 875 mg+125 mg","Augment 875 mg+125 mg","Amoxicillin + Clavulanic Acid","875 mg+125 mg","ট্যাবলেট","2 x 6","Broad spectrum penicillins","Eskayef Pharmaceuticals Ltd.","40","40","OTC"
"Aumi 20 mg","Aumi 20 mg","Omeprazole","20 mg","Capsule (Enteric Coated)","60's pack","Proton Pump Inhibitor","Hudson Pharmaceuticals Ltd.","4","4","OTC"
"Aumi 40 mg","Aumi 40 mg","Omeprazole","40 mg","Capsule (Enteric Coated)","20's pack","Proton Pump Inhibitor","Hudson Pharmaceuticals Ltd.","7.5","7.5","OTC"
"AUP 20 mg","AUP 20 mg","Pantoprazole Sodium","20 mg","Tablet (Enteric Coated)","30's pack","Proton Pump Inhibitor","Decent Pharma Laboratories Ltd.","3","3","OTC"
"AUP 40 mg","AUP 40 mg","Pantoprazole Sodium","40 mg","Tablet (Enteric Coated)","30's pack","Proton Pump Inhibitor","Decent Pharma Laboratories Ltd.","5","5","OTC"
"Aurifer 210 mg","Aurifer 210 mg","Ferric Citrate","210 mg","ট্যাবলেট","5 x 6","Oral Iron preparations","Beacon Pharmaceuticals PLC","25","25","OTC"
"Austomin 250 mg+200 mg","Austomin 250 mg+200 mg","Glucosamine Sulfate + Chondroitin","250 mg+200 mg","ট্যাবলেট","30's pack","Stimulation of Cartilage formation","Hallmark Pharmaceuticals Ltd.","7.55","7.55","OTC"
"Autoben 400 mg","Autoben 400 mg","Albendazole","400 mg","Chewable Tablet","25's pack","Anthelmintic","Doctor TIMS Pharmaceuticals Ltd.","5","5","OTC"
"Autotear 0.4%+0.3%","Autotear 0.4%+0.3%","Polyethylene Glycol + Propylene Glycol","0.4%+0.3%","Ophthalmic Solution","একক","Drugs for Dry eyes","Popular Pharmaceuticals Ltd.","250","250","OTC"
"AV 10 mg+160 mg","AV 10 mg+160 mg","Amlodipine Besilate + Valsartan","10 mg+160 mg","ট্যাবলেট","2 x 10","Combined antihypertensive preparations","Drug International Ltd.","13","13","OTC"
"AV 5 mg+160 mg","AV 5 mg+160 mg","Amlodipine Besilate + Valsartan","5 mg+160 mg","ট্যাবলেট","2 x 10","Combined antihypertensive preparations","Drug International Ltd.","10","10","OTC"
"AV 5 mg+80 mg","AV 5 mg+80 mg","Amlodipine Besilate + Valsartan","5 mg+80 mg","ট্যাবলেট","3 x 14","Combined antihypertensive preparations","Drug International Ltd.","7","7","OTC"
"Avaflox 400 mg","Avaflox 400 mg","Moxifloxacin Hydrochloride (Tablet)","400 mg","ট্যাবলেট","1 x 10","4-Quinolone preparations","UniMed UniHealth Pharmaceuticals Ltd.","70","70","OTC"
"Avaflut 27.5 mcg/spray","Avaflut 27.5 mcg/spray","Fluticasone Furoate","27.5 mcg/spray","নেজাল স্প্রে","একক","Nasal Steroid Preparations","OSL Pharma Limited","275","275","OTC"
"Avalet 20 mg","Avalet 20 mg","Avatrombopag","20 mg","ট্যাবলেট","1 x 10","","Drug International Ltd.","275","275","OTC"
"Avalon 200 mg/5 ml","Avalon 200 mg/5 ml","Azithromycin Dihydrate","200 mg/5 ml","পাউডার সাসপেনশন","একক","Macrolides","Techno Drugs Ltd.","140","140","OTC"
"Avalon 500 mg","Avalon 500 mg","Azithromycin Dihydrate","500 mg","ট্যাবলেট","2 x 6","Macrolides","Techno Drugs Ltd.","35","35","OTC"
"Avamist 27.5 mcg/spray","Avamist 27.5 mcg/spray","Fluticasone Furoate","27.5 mcg/spray","নেজাল স্প্রে","একক","Nasal Steroid Preparations","NIPRO JMI Pharma Ltd.","275","275","OTC"
"Avanix 20 mg","Avanix 20 mg","Avatrombopag","20 mg","ট্যাবলেট","1 x 5","","Beacon Pharmaceuticals PLC","260","260","OTC"
"Avanza 2 mg","Avanza 2 mg","Astaxanthin","2 mg","ক্যাপসুল","3 x 10","Supplements & adjuvant therapy","Healthcare Pharmaceuticals Ltd.","12","12","OTC"
"Avanza 4 mg","Avanza 4 mg","Astaxanthin","4 mg","ক্যাপসুল","3 x 10","Supplements & adjuvant therapy","Healthcare Pharmaceuticals Ltd.","22","22","OTC"
"Avapag 20 mg","Avapag 20 mg","Avatrombopag","20 mg","ট্যাবলেট","3 x 10","","Everest Pharmaceuticals Ltd.","260","260","OTC"
"Avas 10 mg","Avas 10 mg","Atorvastatin Calcium","10 mg","ট্যাবলেট","3 x 14","Other Anti-anginal & Anti-ischaemic drugs, Statins","Opsonin Pharma Ltd.","12","12","OTC"
"Avas 20 mg","Avas 20 mg","Atorvastatin Calcium","20 mg","ট্যাবলেট","1 x 14","Other Anti-anginal & Anti-ischaemic drugs, Statins","Opsonin Pharma Ltd.","20","20","OTC"
"Avas 40 mg","Avas 40 mg","Atorvastatin Calcium","40 mg","ট্যাবলেট","1 x 14","Other Anti-anginal & Anti-ischaemic drugs, Statins","Opsonin Pharma Ltd.","28","28","OTC"
"Avas EZ 10 mg+10 mg","Avas EZ 10 mg+10 mg","Atorvastatin + Ezetimibe","10 mg+10 mg","ট্যাবলেট","3 x 14","Other lipid regulating drugs","Opsonin Pharma Ltd.","14","14","OTC"
"Avas EZ 20 mg+10 mg","Avas EZ 20 mg+10 mg","Atorvastatin + Ezetimibe","20 mg+10 mg","ট্যাবলেট","2 x 14","Other lipid regulating drugs","Opsonin Pharma Ltd.","22","22","OTC"
"Avas EZ 40 mg+10 mg","Avas EZ 40 mg+10 mg","Atorvastatin + Ezetimibe","40 mg+10 mg","ট্যাবলেট","1 x 14","Other lipid regulating drugs","Opsonin Pharma Ltd.","30","30","OTC"
"Avaspray 27.5 mcg/spray","Avaspray 27.5 mcg/spray","Fluticasone Furoate","27.5 mcg/spray","নেজাল স্প্রে","একক","Nasal Steroid Preparations","Square Pharmaceuticals PLC","275","275","OTC"
"Avastatin 10 mg","Avastatin 10 mg","Atorvastatin Calcium","10 mg","ট্যাবলেট","10's pack","Other Anti-anginal & Anti-ischaemic drugs, Statins","Edruc Limited","8","8","OTC"
"Avastin 100 mg/4 ml","Avastin 100 mg/4 ml","Bevacizumab","100 mg/4 ml","আইভি ইনফিউশন","একক","Targeted Cancer Therapy","Roche Bangladesh Ltd.","23511.64","23511.64","Rx"
"Avastin 400 mg/16 ml","Avastin 400 mg/16 ml","Bevacizumab","400 mg/16 ml","আইভি ইনফিউশন","একক","Targeted Cancer Therapy","Roche Bangladesh Ltd.","79586","79586","Rx"
"Avastrol 10 mg","Avastrol 10 mg","Atorvastatin Calcium","10 mg","ট্যাবলেট","3 x 10","Other Anti-anginal & Anti-ischaemic drugs, Statins","Centeon Pharma Ltd.","12","12","OTC"
"Avastrol 20 mg","Avastrol 20 mg","Atorvastatin Calcium","20 mg","ট্যাবলেট","2 x 10","Other Anti-anginal & Anti-ischaemic drugs, Statins","Centeon Pharma Ltd.","18","18","OTC"
"Avatan 0.004%","Avatan 0.004%","Travoprost","0.004%","Ophthalmic Solution","একক","Drugs for miotics and glaucoma","Aristopharma Ltd.","600","600","OTC"
"Avatan-T 0.004%+0.5%","Avatan-T 0.004%+0.5%","Travoprost + Timolol Maleate","0.004%+0.5%","Ophthalmic Solution","একক","Drugs for miotics and glaucoma","Aristopharma Ltd.","500","500","OTC"
"Avatech 20 mg","Avatech 20 mg","Avatrombopag","20 mg","ট্যাবলেট","3 x 10","","Techno Drugs Ltd.","280","280","OTC"
"Avator 10 mg","Avator 10 mg","Atorvastatin Calcium","10 mg","ট্যাবলেট","3 x 10","Other Anti-anginal & Anti-ischaemic drugs, Statins","NIPRO JMI Pharma Ltd.","12","12","OTC"
"Avator 20 mg","Avator 20 mg","Atorvastatin Calcium","20 mg","ট্যাবলেট","2 x 10","Other Anti-anginal & Anti-ischaemic drugs, Statins","NIPRO JMI Pharma Ltd.","20","20","OTC"
"Avatrom 20 mg","Avatrom 20 mg","Avatrombopag","20 mg","ট্যাবলেট","1 x 10","","Jenphar Bangladesh Ltd.","260","260","OTC"
"Avaxim (For child) 80 unit/0.5 ml","Avaxim (For child) 80 unit/0.5 ml","Inactivated Hepatitis A vaccine","0.5 ml","SC Injection","একক","Vaccines, Anti-sera & Immunoglobulin","Synovia Pharma PLC.","1520","1520","OTC"
"Avelox 500 mg","Avelox 500 mg","Levofloxacin Hemihydrate","500 mg","ট্যাবলেট","20's pack","4-Quinolone preparations","Marker Pharma Ltd.","12","12","OTC"
"Avemec 0.5%","Avemec 0.5%","Ivermectin (Topical)","0.5%","লোশন","একক","Miscellaneous topical agents","Opsonin Pharma Ltd.","130","130","OTC"
"Avemec 12 mg","Avemec 12 mg","Ivermectin (Tablet)","12 mg","ট্যাবলেট","1 x 10","Anthelmintic","Opsonin Pharma Ltd.","20","20","OTC"
"Avemec 6 mg","Avemec 6 mg","Ivermectin (Tablet)","6 mg","ট্যাবলেট","2 x 10","Anthelmintic","Opsonin Pharma Ltd.","10","10","OTC"
"Avenac 100 mg","Avenac 100 mg","Aceclofenac","100 mg","ট্যাবলেট","5 x 10","Drugs for Osteoarthritis, Drugs used for Rheumatoid Arthritis, Non-steroidal Anti-inflammatory Drugs (NSAIDs)","Radiant Pharmaceuticals Ltd.","7","7","OTC"
"Avène Cleanance Gel","Avène Cleanance Gel","Miscellaneous Topical Agents","","Topical Gel","একক","","ZAS Corporation","2250","2250","OTC"
"Avène SPF 50+","Avène SPF 50+","Miscellaneous Topical Agents","","লোশন","একক","","ZAS Corporation","3000","3000","OTC"
"Avène Thermal Spring Water","Avène Thermal Spring Water","Miscellaneous Topical Agents","","Topical Gel","একক","","ZAS Corporation","800","800","OTC"
"Avène Tolerance Control","Avène Tolerance Control","Miscellaneous Topical Agents","","ক্রিম","একক","","ZAS Corporation","3450","3450","OTC"
"Avène XeraCalm AD","Avène XeraCalm AD","Miscellaneous Topical Agents","","ক্রিম","একক","","ZAS Corporation","4198","4198","OTC"
"Aventy 100 mg","Aventy 100 mg","Avanafil","100 mg","ট্যাবলেট","1 x 4","Drugs for Erectile Dysfunction","Eskayef Pharmaceuticals Ltd.","75","75","OTC"
"Aventy 50 mg","Aventy 50 mg","Avanafil","50 mg","ট্যাবলেট","1 x 4","Drugs for Erectile Dysfunction","Eskayef Pharmaceuticals Ltd.","60","60","OTC"
"Avert 50 mg","Avert 50 mg","Meclizine Hydrochloride","50 mg","ট্যাবলেট","5 x 10","Anti-emetic drugs","Biopharma Limited","2.51","2.51","OTC"
"Avert Plus 25 mg+50 mg","Avert Plus 25 mg+50 mg","Meclizine + Pyridoxine","25 mg+50 mg","ট্যাবলেট","5 x 10","Anti-emetic drugs","Biopharma Limited","3","3","OTC"
"Avidol 6.25 mg","Avidol 6.25 mg","Carvedilol","6.25 mg","ট্যাবলেট","6 x 10","Alpha adrenoceptor blocking drugs, Beta-adrenoceptor blocking drugs, Beta-blockers","Ad-din Pharmaceuticals Ltd.","3","3","OTC"
"Avidro 0.5 mg","Avidro 0.5 mg","Pizotifen","0.5 mg","ট্যাবলেট","10 x 10","Anti-histamine Preparations, Other drugs for migraine","Beximco Pharmaceuticals Ltd.","3","3","OTC"
"Avidro 1.5 mg","Avidro 1.5 mg","Pizotifen","1.5 mg","ট্যাবলেট","5 x 10","Anti-histamine Preparations, Other drugs for migraine","Beximco Pharmaceuticals Ltd.","7","7","OTC"
"Avifanz 600 mg","Avifanz 600 mg","Efavirenz","600 mg","ট্যাবলেট","1 x 10","Drugs for HIV / Anti-retroviral drugs","Beximco Pharmaceuticals Ltd.","200","200","OTC"
"Avifix 250 mg","Avifix 250 mg","Nelfinavir","250 mg","ট্যাবলেট","1 x 10","Drugs for HIV / Anti-retroviral drugs","Beximco Pharmaceuticals Ltd.","45","45","OTC"
"Avil 15 mg/5 ml","Avil 15 mg/5 ml","Pheniramine Maleate","15 mg/5 ml","সিরাপ","একক","Sedating Anti-histamine","Synovia Pharma PLC.","25.08","25.08","OTC"
"Avil 22.7 mg","Avil 22.7 mg","Pheniramine Maleate","22.7 mg","ট্যাবলেট","20 x 15","Sedating Anti-histamine","Synovia Pharma PLC.","1.51","1.51","OTC"
"Avil 45.5 mg/2 ml","Avil 45.5 mg/2 ml","Pheniramine Maleate","45.5 mg/2 ml","IM/IV Injection","5 x 5","Sedating Anti-histamine","Synovia Pharma PLC.","7.55","7.55","OTC"
"Avil Retard 75 mg","Avil Retard 75 mg","Pheniramine Maleate","75 mg","ট্যাবলেট","10 x 10","Sedating Anti-histamine","Synovia Pharma PLC.","2.02","2.02","OTC"
"Avilam 150 mg","Avilam 150 mg","Lamivudine [For HIV Infection]","150 mg","ট্যাবলেট","1 x 10","Drugs for HIV / Anti-retroviral drugs","Beximco Pharmaceuticals Ltd.","25","25","OTC"
"Avintol 5 mg","Avintol 5 mg","Vinpocetine","5 mg","ট্যাবলেট","5 x 10","Cerebral vasodilator & Neurosensory oxygenator drugs","ACI Limited","3","3","OTC"
"Avirax HC 5%+1%","Avirax HC 5%+1%","Acyclovir + Hydrocortisone","5%+1%","ক্রিম","একক","Hydrocortisone & Combined preparations","Healthcare Pharmaceuticals Ltd.","70","70","OTC"
"Avison 1%+0.1%","Avison 1%+0.1%","Econazole Nitrate + Triamcinolone Acetonide","1%+0.1%","ক্রিম","একক","Triamcinolone & Combined preparations","Orion Pharma Ltd.","55","55","OTC"
"Avista","Avista","Super antioxidant [vitamins & minerals]","","ট্যাবলেট","3 x 10","Multi-vitamin & Multi-mineral combined preparations","Kemiko Pharmaceuticals Ltd.","4","4","OTC"
"Avitaz (2 gm+0.5 gm)/vial","Avitaz (2 gm+0.5 gm)/vial","Ceftazidime + Avibactam","2 gm+0.5 gm)/vial","আইভি ইনফিউশন","একক","Third generation cephalosporins","Square Pharmaceuticals PLC","2800","2800","Rx"
"Avlocid MS (480 mg+20 mg)/5 ml","Avlocid MS (480 mg+20 mg)/5 ml","Magaldrate + Simethicone","480 mg+20 mg)/5 ml","Oral Suspension","একক","Antacids, Anti-dyspeptic/Carminatives","ACI Limited","100.3","100.3","OTC"
"Avlocid Plus (400 mg+400 mg+30 mg)/5 ml","Avlocid Plus (400 mg+400 mg+30 mg)/5 ml","Aluminium Hydroxide + Magnesium Hydroxide + Simethicone","400 mg+400 mg+30 mg)/5 ml","Oral Suspension","একক","Antacids","ACI Limited","75.23","75.23","OTC"
"Avloclav (125 mg+31.25 mg)/5 ml","Avloclav (125 mg+31.25 mg)/5 ml","Amoxicillin + Clavulanic Acid","125 mg+31.25 mg)/5 ml","পাউডার সাসপেনশন","একক","Broad spectrum penicillins","ACI Limited","245","245","OTC"
"Avloclav (500 mg+100 mg)/10 ml","Avloclav (500 mg+100 mg)/10 ml","Amoxicillin + Clavulanic Acid","500 mg+100 mg)/10 ml","IV Injection","একক","Broad spectrum penicillins","ACI Limited","150","150","OTC"
"Avloclav 250 mg+125 mg","Avloclav 250 mg+125 mg","Amoxicillin + Clavulanic Acid","250 mg+125 mg","ট্যাবলেট","4 x 6","Broad spectrum penicillins","ACI Limited","27","27","OTC"
"Avloclav 500 mg+125 mg","Avloclav 500 mg+125 mg","Amoxicillin + Clavulanic Acid","500 mg+125 mg","ট্যাবলেট","4 x 6","Broad spectrum penicillins","ACI Limited","35","35","OTC"
"Avloclav 875 mg+125 mg","Avloclav 875 mg+125 mg","Amoxicillin + Clavulanic Acid","875 mg+125 mg","ট্যাবলেট","2 x 6","Broad spectrum penicillins","ACI Limited","50","50","OTC"
"Avloclav BID (400 mg+57.50 mg)/5 ml","Avloclav BID (400 mg+57.50 mg)/5 ml","Amoxicillin + Clavulanic Acid","400 mg+57.50 mg)/5 ml","পাউডার সাসপেনশন","একক","Broad spectrum penicillins","ACI Limited","245","245","OTC"
"Avlomox 125 mg/1.25 ml","Avlomox 125 mg/1.25 ml","Amoxicillin Trihydrate","125 mg/1.25 ml","Pediatric Drops","একক","Broad spectrum penicillins","ACI Limited","35","35","OTC"
"Avlomox 125 mg/5 ml","Avlomox 125 mg/5 ml","Amoxicillin Trihydrate","125 mg/5 ml","পাউডার সাসপেনশন","একক","Broad spectrum penicillins","ACI Limited","70","70","OTC"
"Avlomox 250 mg","Avlomox 250 mg","Amoxicillin Trihydrate","250 mg","ক্যাপসুল","10 x 10","Broad spectrum penicillins","ACI Limited","4","4","OTC"
"Avlomox 500 mg","Avlomox 500 mg","Amoxicillin Trihydrate","500 mg","ক্যাপসুল","4 x 10","Broad spectrum penicillins","ACI Limited","7.5","7.5","OTC"
"Avlomox 500 mg/vial","Avlomox 500 mg/vial","Amoxicillin Trihydrate","500 mg/vial","IM/IV Injection","একক","Broad spectrum penicillins","ACI Limited","55","55","OTC"
"Avlomox DS 250 mg/5 ml","Avlomox DS 250 mg/5 ml","Amoxicillin Trihydrate","250 mg/5 ml","পাউডার সাসপেনশন","একক","Broad spectrum penicillins","ACI Limited","100","100","OTC"
"Avloquin 250 mg","Avloquin 250 mg","Chloroquine Phosphate","250 mg","ট্যাবলেট","10 x 10","Anti-malarial drugs","ACI Limited","1.32","1.32","OTC"
"Avloquin 50 mg/5 ml","Avloquin 50 mg/5 ml","Chloroquine Phosphate","50 mg/5 ml","সিরাপ","একক","Anti-malarial drugs","ACI Limited","14.91","14.91","OTC"
"Avloquin-H 200 mg","Avloquin-H 200 mg","Hydroxychloroquine Sulphate","200 mg","ট্যাবলেট","3 x 10","Anti-malarial drugs, Disease-modifying antirheumatic drugs (DMARDs), Drugs used for Rheumatoid Arthritis","ACI Limited","15","15","OTC"
"Avlosef 1 gm/vial","Avlosef 1 gm/vial","Cephradine","1 gm/vial","IM/IV Injection","একক","First generation cephalosporins","ACI Limited","95.29","95.29","OTC"
"Avlosef 125 mg/1.25 ml","Avlosef 125 mg/1.25 ml","Cephradine","125 mg/1.25 ml","Pediatric Drops","একক","First generation cephalosporins","ACI Limited","65.2","65.2","OTC"
"Avlosef 125 mg/5 ml","Avlosef 125 mg/5 ml","Cephradine","125 mg/5 ml","পাউডার সাসপেনশন","একক","First generation cephalosporins","ACI Limited","120","120","OTC"
"Avlosef 250 mg","Avlosef 250 mg","Cephradine","250 mg","ক্যাপসুল","8 x 4","First generation cephalosporins","ACI Limited","8.02","8.02","OTC"
"Avlosef 500 mg","Avlosef 500 mg","Cephradine","500 mg","ক্যাপসুল","8 x 4","First generation cephalosporins","ACI Limited","15.05","15.05","OTC"
"Avlosef DS 250 mg/5 ml","Avlosef DS 250 mg/5 ml","Cephradine","250 mg/5 ml","পাউডার সাসপেনশন","একক","First generation cephalosporins","ACI Limited","135.41","135.41","OTC"
"Avlotrin (200 mg+40 mg)/5 ml","Avlotrin (200 mg+40 mg)/5 ml","Sulphamethoxazole + Trimethoprim","200 mg+40 mg)/5 ml","Oral Suspension","একক","Anti-diarrhoeal antimicrobial drugs, Other antibacterial preparation","ACI Limited","22.21","22.21","OTC"
"Avlotrin DS 800 mg+160 mg","Avlotrin DS 800 mg+160 mg","Sulphamethoxazole + Trimethoprim","800 mg+160 mg","ট্যাবলেট","20 x 10","Anti-diarrhoeal antimicrobial drugs, Other antibacterial preparation","ACI Limited","2.01","2.01","OTC"
"Avocard 10 mg","Avocard 10 mg","Atorvastatin Calcium","10 mg","ট্যাবলেট","3 x 10","Other Anti-anginal & Anti-ischaemic drugs, Statins","The White Horse Pharmaceuticals Ltd.","12","12","OTC"
"Avocard 20 mg","Avocard 20 mg","Atorvastatin Calcium","20 mg","ট্যাবলেট","3 x 10","Other Anti-anginal & Anti-ischaemic drugs, Statins","The White Horse Pharmaceuticals Ltd.","18","18","OTC"
"Avodil VL 10 mg+320 mg","Avodil VL 10 mg+320 mg","Amlodipine Besilate + Valsartan","10 mg+320 mg","ট্যাবলেট","2 x 10","Combined antihypertensive preparations","Opsonin Pharma Ltd.","32","32","OTC"
"Avolac 3.35 gm/5 ml","Avolac 3.35 gm/5 ml","Lactulose","3.35 gm/5 ml","Oral Solution","একক","Osmotic purgatives","Aristopharma Ltd.","200","200","OTC"
"Avolose 3.35 gm/5 ml","Avolose 3.35 gm/5 ml","Lactulose","3.35 gm/5 ml","Oral Solution","একক","Osmotic purgatives","Team Pharmaceuticals Ltd.","135","135","OTC"
"Avomine 25 mg","Avomine 25 mg","Promethazine Theoclate","25 mg","ট্যাবলেট","50 x 10","Anti-emetic drugs, Miscellaneous sedatives & hypnotics, Sedating Anti-histamine","Synovia Pharma PLC.","0.57","0.57","OTC"
"Avomit 10 mg","Avomit 10 mg","Domperidone Maleate","10 mg","ট্যাবলেট","15 x 10","Motility Stimulants, Motility stimulants/Dopamine antagonist, Prokinetic drugs","Chemist Laboratories  Ltd.","3.5","3.5","OTC"
"Avomit 5 mg/5 ml","Avomit 5 mg/5 ml","Domperidone Maleate","5 mg/5 ml","Oral Suspension","একক","Motility Stimulants, Motility stimulants/Dopamine antagonist, Prokinetic drugs","Chemist Laboratories  Ltd.","40","40","OTC"
"Avona 4 mg/5 ml","Avona 4 mg/5 ml","Ondansetron","4 mg/5 ml","Oral Solution","একক","Anti-emetic drugs","Popular Pharmaceuticals Ltd.","32","32","OTC"
"Avona 8 mg","Avona 8 mg","Ondansetron","8 mg","ট্যাবলেট","3 x 10","Anti-emetic drugs","Popular Pharmaceuticals Ltd.","10","10","OTC"
"Avonex 25 mg+50 mg","Avonex 25 mg+50 mg","Meclizine + Pyridoxine","25 mg+50 mg","ট্যাবলেট","30's pack","Anti-emetic drugs","Novo Healthcare and Pharma Ltd.","2.51","2.51","OTC"
"Avonoid 450 mg+50 mg","Avonoid 450 mg+50 mg","Diosmin + Hesperidin","450 mg+50 mg","ট্যাবলেট","3 x 10","Phlebotonic & Vascular protecting preparation","UniMed UniHealth Pharmaceuticals Ltd.","8","8","OTC"
"Avost 0.004%","Avost 0.004%","Travoprost","0.004%","Ophthalmic Solution","একক","Drugs for miotics and glaucoma","The IBN SINA Pharmaceutical PLC","520","520","OTC"
"Avotil 5 mg","Avotil 5 mg","Prochlorperazine Maleate","5 mg","ট্যাবলেট","20 x 10","Anti vertigo drugs, Anti-emetic drugs","Rephco Pharmaceuticals Ltd.","0.3","0.3","OTC"
"Avro 0.004%","Avro 0.004%","Travoprost","0.004%","Ophthalmic Solution","একক","Drugs for miotics and glaucoma","Drug International Ltd.","451.4","451.4","OTC"
"Avudin 150 mg+300 mg","Avudin 150 mg+300 mg","Lamivudine + Zidovudine","150 mg+300 mg","ট্যাবলেট","1 x 10","Drugs for HIV / Anti-retroviral drugs","Square Pharmaceuticals PLC","45","45","OTC"
"Avycef (2 gm+0.5 gm)/vial","Avycef (2 gm+0.5 gm)/vial","Ceftazidime + Avibactam","2 gm+0.5 gm)/vial","আইভি ইনফিউশন","একক","Third generation cephalosporins","Healthcare Pharmaceuticals Ltd.","2800","2800","Rx"
"AX 6 mg+200 mg+50 mg","AX 6 mg+200 mg+50 mg","Beta carotene + Vitamin C + Vitamin E","6 mg+200 mg+50 mg","ট্যাবলেট","30's pack","Anti-oxidant Multivitamin preparations","Bristol Pharmaceuticals Ltd.","2.53","2.53","OTC"
"Axant 10 mg","Axant 10 mg","Baclofen","10 mg","ট্যাবলেট","30's pack","Centrally acting Skeletal Muscle Relaxants","Novus Pharmaceuticals Ltd.","4.5","4.5","OTC"
"Axant 25 mg","Axant 25 mg","Baclofen","25 mg","ট্যাবলেট","20's pack","Centrally acting Skeletal Muscle Relaxants","Novus Pharmaceuticals Ltd.","8","8","OTC"
"Axeclav (125 mg+31.25 mg)/5 ml","Axeclav (125 mg+31.25 mg)/5 ml","Cefuroxime Axetil + Clavulanic Acid","125 mg+31.25 mg)/5 ml","পাউডার সাসপেনশন","একক","Second generation cephalosporins","Alco Pharma Ltd.","250","250","OTC"
"Axeclav 250 mg+62.5 mg","Axeclav 250 mg+62.5 mg","Cefuroxime Axetil + Clavulanic Acid","250 mg+62.5 mg","ট্যাবলেট","2 x 6","Second generation cephalosporins","Alco Pharma Ltd.","35","35","OTC"
"Axeclav 500 mg+125 mg","Axeclav 500 mg+125 mg","Cefuroxime Axetil + Clavulanic Acid","500 mg+125 mg","ট্যাবলেট","2 x 4","Second generation cephalosporins","Alco Pharma Ltd.","65","65","OTC"
"Axefur 125 mg/5 ml","Axefur 125 mg/5 ml","Cefuroxime Axetil","125 mg/5 ml","পাউডার সাসপেনশন","একক","Second generation cephalosporins","Amulet Pharmaceuticals Ltd.","198","198","OTC"
"Axefur 250 mg","Axefur 250 mg","Cefuroxime Axetil","250 mg","ট্যাবলেট","12's pack","Second generation cephalosporins","Amulet Pharmaceuticals Ltd.","25","25","OTC"
"Axefur 500 mg","Axefur 500 mg","Cefuroxime Axetil","500 mg","ট্যাবলেট","6's pack","Second generation cephalosporins","Amulet Pharmaceuticals Ltd.","45.13","45.13","OTC"
"Axepime 1 gm/vial","Axepime 1 gm/vial","Cefepime Hydrochloride","1 gm/vial","IM/IV Injection","একক","Fourth generation cephalosporins","Euro Pharma Ltd.","550","550","OTC"
"Axet 125 mg","Axet 125 mg","Cefuroxime Axetil","125 mg","ট্যাবলেট","2 x 10","Second generation cephalosporins","Orion Pharma Ltd.","15.1","15.1","OTC"
"Axet 125 mg/5 ml","Axet 125 mg/5 ml","Cefuroxime Axetil","125 mg/5 ml","পাউডার সাসপেনশন","একক","Second generation cephalosporins","Orion Pharma Ltd.","216.46","216.46","OTC"
"Axet 250 mg","Axet 250 mg","Cefuroxime Axetil","250 mg","ট্যাবলেট","2 x 10","Second generation cephalosporins","Orion Pharma Ltd.","25.16","25.16","OTC"
"Axet 500 mg","Axet 500 mg","Cefuroxime Axetil","500 mg","ট্যাবলেট","3 x 4","Second generation cephalosporins","Orion Pharma Ltd.","45.3","45.3","OTC"
"Axet 750 mg/vial","Axet 750 mg/vial","Cefuroxime Axetil","750 mg/vial","IM/IV Injection","একক","Second generation cephalosporins","Orion Pharma Ltd.","125.85","125.85","OTC"
"Axetil 125 mg","Axetil 125 mg","Cefuroxime Axetil","125 mg","ট্যাবলেট","2 x 6","Second generation cephalosporins","Alco Pharma Ltd.","12.08","12.08","OTC"
"Axetil 125 mg/5 ml","Axetil 125 mg/5 ml","Cefuroxime Axetil","125 mg/5 ml","পাউডার সাসপেনশন","একক","Second generation cephalosporins","Alco Pharma Ltd.","190.58","190.58","OTC"
"Axetil 250 mg","Axetil 250 mg","Cefuroxime Axetil","250 mg","ট্যাবলেট","2 x 6","Second generation cephalosporins","Alco Pharma Ltd.","25.08","25.08","OTC"
"Axetil 500 mg","Axetil 500 mg","Cefuroxime Axetil","500 mg","ট্যাবলেট","2 x 6","Second generation cephalosporins","Alco Pharma Ltd.","45.17","45.17","OTC"
"Axibid 250 mg","Axibid 250 mg","Cefuroxime Axetil","250 mg","ট্যাবলেট","2 x 7","Second generation cephalosporins","Nuvista Pharma Ltd.","25.08","25.08","OTC"
"Axibid 500 mg","Axibid 500 mg","Cefuroxime Axetil","500 mg","ট্যাবলেট","1 x 7","Second generation cephalosporins","Nuvista Pharma Ltd.","45.13","45.13","OTC"
"Axicef 125 mg/5 ml","Axicef 125 mg/5 ml","Cefuroxime Axetil","125 mg/5 ml","পাউডার সাসপেনশন","একক","Second generation cephalosporins","UniMed UniHealth Pharmaceuticals Ltd.","250","250","OTC"
"Axicef 250 mg","Axicef 250 mg","Cefuroxime Axetil","250 mg","ট্যাবলেট","2 x 7","Second generation cephalosporins","UniMed UniHealth Pharmaceuticals Ltd.","30","30","OTC"
"Axicef 500 mg","Axicef 500 mg","Cefuroxime Axetil","500 mg","ট্যাবলেট","2 x 7","Second generation cephalosporins","UniMed UniHealth Pharmaceuticals Ltd.","50","50","OTC"
"Axicef Plus (125 mg+31.25 mg)/5 ml","Axicef Plus (125 mg+31.25 mg)/5 ml","Cefuroxime Axetil + Clavulanic Acid","125 mg+31.25 mg)/5 ml","পাউডার সাসপেনশন","একক","Second generation cephalosporins","UniMed UniHealth Pharmaceuticals Ltd.","280","280","OTC"
"Axicef Plus 250 mg+62.5 mg","Axicef Plus 250 mg+62.5 mg","Cefuroxime Axetil + Clavulanic Acid","250 mg+62.5 mg","ট্যাবলেট","2 x 7","Second generation cephalosporins","UniMed UniHealth Pharmaceuticals Ltd.","40","40","OTC"
"Axicef Plus 500 mg+125 mg","Axicef Plus 500 mg+125 mg","Cefuroxime Axetil + Clavulanic Acid","500 mg+125 mg","ট্যাবলেট","2 x 7","Second generation cephalosporins","UniMed UniHealth Pharmaceuticals Ltd.","65","65","OTC"
"Axidin 20 mg","Axidin 20 mg","Famotidine","20 mg","ট্যাবলেট","5 x 10","","UniMed UniHealth Pharmaceuticals Ltd.","2","2","OTC"
"Axidin 40 mg","Axidin 40 mg","Famotidine","40 mg","ট্যাবলেট","5 x 10","","UniMed UniHealth Pharmaceuticals Ltd.","3.5","3.5","OTC"
"Axim 1.5 gm/vial","Axim 1.5 gm/vial","Cefuroxime Axetil","1.5 gm/vial","IV Injection","একক","Second generation cephalosporins","Aristopharma Ltd.","200","200","OTC"
"Axim 125 mg","Axim 125 mg","Cefuroxime Axetil","125 mg","ট্যাবলেট","1 x 10","Second generation cephalosporins","Aristopharma Ltd.","15","15","OTC"
"Axim 125 mg/5 ml","Axim 125 mg/5 ml","Cefuroxime Axetil","125 mg/5 ml","পাউডার সাসপেনশন","একক","Second generation cephalosporins","Aristopharma Ltd.","225","225","OTC"
"Axim 250 mg","Axim 250 mg","Cefuroxime Axetil","250 mg","ট্যাবলেট","2 x 10","Second generation cephalosporins","Aristopharma Ltd.","25","25","OTC"
"Axim 500 mg","Axim 500 mg","Cefuroxime Axetil","500 mg","ট্যাবলেট","1 x 10","Second generation cephalosporins","Aristopharma Ltd.","45","45","OTC"
"Axim 750 mg/vial","Axim 750 mg/vial","Cefuroxime Axetil","750 mg/vial","IM/IV Injection","একক","Second generation cephalosporins","Aristopharma Ltd.","125","125","OTC"
"Axim CV (125 mg+31.25 mg)/5 ml","Axim CV (125 mg+31.25 mg)/5 ml","Cefuroxime Axetil + Clavulanic Acid","125 mg+31.25 mg)/5 ml","পাউডার সাসপেনশন","একক","Second generation cephalosporins","Aristopharma Ltd.","285","285","OTC"
"Axim CV 250 mg+62.5 mg","Axim CV 250 mg+62.5 mg","Cefuroxime Axetil + Clavulanic Acid","250 mg+62.5 mg","ট্যাবলেট","2 x 7","Second generation cephalosporins","Aristopharma Ltd.","35","35","OTC"
"Axim CV 500 mg+125 mg","Axim CV 500 mg+125 mg","Cefuroxime Axetil + Clavulanic Acid","500 mg+125 mg","ট্যাবলেট","2 x 7","Second generation cephalosporins","Aristopharma Ltd.","65","65","OTC"
"Aximin 200 mg","Aximin 200 mg","Rifaximin","200 mg","ট্যাবলেট","1 x 10","4-Quinolone preparations","ACME Laboratories Ltd.","20.07","20.07","OTC"
"Aximin 550 mg","Aximin 550 mg","Rifaximin","550 mg","ট্যাবলেট","1 x 10","4-Quinolone preparations","ACME Laboratories Ltd.","45.13","45.13","OTC"
"Axinat-F (25 mcg+125 mcg)/puff","Axinat-F (25 mcg+125 mcg)/puff","Salmeterol + Fluticasone Propionate","25 mcg+125 mcg)/puff","Metered-Dose Inhaler (MDI)","একক","Long-acting selective β-adrenoceptor stimulants, Respiratory corticosteroids","ACME Laboratories Ltd.","577","577","OTC"
"Axinat-F (25 mcg+250 mcg)/puff","Axinat-F (25 mcg+250 mcg)/puff","Salmeterol + Fluticasone Propionate","25 mcg+250 mcg)/puff","Metered-Dose Inhaler (MDI)","একক","Long-acting selective β-adrenoceptor stimulants, Respiratory corticosteroids","ACME Laboratories Ltd.","752","752","OTC"
"Axita 100 mg","Axita 100 mg","Itraconazole","100 mg","ক্যাপসুল","4 x 6","Drugs for subcutaneous and mycoses","General Pharmaceuticals Ltd.","15","15","OTC"
"Axita 200 mg","Axita 200 mg","Itraconazole","200 mg","ট্যাবলেট","3 x 6","Drugs for subcutaneous and mycoses","General Pharmaceuticals Ltd.","25","25","OTC"
"Axita 5 mg","Axita 5 mg","Axitinib","5 mg","ট্যাবলেট","2 x 10","Targeted Cancer Therapy","Beacon Pharmaceuticals PLC","1000","1000","OTC"
"Axlovir 150 mg+100 mg","Axlovir 150 mg+100 mg","Nirmatrelvir + Ritonavir","150 mg+100 mg","ট্যাবলেট","একক","Anti-viral drugs","Square Pharmaceuticals PLC","1600","1600","OTC"
"Axodin 120 mg","Axodin 120 mg","Fexofenadine Hydrochloride","120 mg","ট্যাবলেট","3 x 10","Non-sedating antihistamines","Beximco Pharmaceuticals Ltd.","7","7","OTC"
"Axodin 180 mg","Axodin 180 mg","Fexofenadine Hydrochloride","180 mg","ট্যাবলেট","3 x 10","Non-sedating antihistamines","Beximco Pharmaceuticals Ltd.","9","9","OTC"
"Axodin 30 mg/5 ml","Axodin 30 mg/5 ml","Fexofenadine Hydrochloride","30 mg/5 ml","Oral Suspension","একক","Non-sedating antihistamines","Beximco Pharmaceuticals Ltd.","55","55","OTC"
"Axodin 60 mg","Axodin 60 mg","Fexofenadine Hydrochloride","60 mg","ট্যাবলেট","5 x 10","Non-sedating antihistamines","Beximco Pharmaceuticals Ltd.","5","5","OTC"
"Axofen 120 mg","Axofen 120 mg","Fexofenadine Hydrochloride","120 mg","ট্যাবলেট","3 x 10","Non-sedating antihistamines","Aristopharma Ltd.","9","9","OTC"
"Axofen 180 mg","Axofen 180 mg","Fexofenadine Hydrochloride","180 mg","ট্যাবলেট","2 x 10","Non-sedating antihistamines","Aristopharma Ltd.","10","10","OTC"
"Axofen 30 mg/5 ml","Axofen 30 mg/5 ml","Fexofenadine Hydrochloride","30 mg/5 ml","Oral Suspension","একক","Non-sedating antihistamines","Aristopharma Ltd.","55","55","OTC"
"Axofyl 200 mg","Axofyl 200 mg","Doxophylline","200 mg","ট্যাবলেট","3 x 10","Bronchodilator, Methyl xanthine derivatives","Orion Pharma Ltd.","7","7","OTC"
"Axofyl 400 mg","Axofyl 400 mg","Doxophylline","400 mg","ট্যাবলেট","3 x 10","Bronchodilator, Methyl xanthine derivatives","Orion Pharma Ltd.","10","10","OTC"
"Axon 1 gm/vial","Axon 1 gm/vial","Ceftriaxone Sodium","1 gm/vial","IM Injection","একক","Third generation cephalosporins","Aristopharma Ltd.","200","200","OTC"
"Axon 1 gm/vial","Axon 1 gm/vial","Ceftriaxone Sodium","1 gm/vial","IV Injection","একক","Third generation cephalosporins","Aristopharma Ltd.","200","200","OTC"
"Axon 2 gm/vial","Axon 2 gm/vial","Ceftriaxone Sodium","2 gm/vial","IV Injection","একক","Third generation cephalosporins","Aristopharma Ltd.","300","300","OTC"
"Axon 250 mg/vial","Axon 250 mg/vial","Ceftriaxone Sodium","250 mg/vial","IM Injection","একক","Third generation cephalosporins","Aristopharma Ltd.","100","100","OTC"
"Axon 250 mg/vial","Axon 250 mg/vial","Ceftriaxone Sodium","250 mg/vial","IV Injection","একক","Third generation cephalosporins","Aristopharma Ltd.","100","100","OTC"
"Axon 500 mg/vial","Axon 500 mg/vial","Ceftriaxone Sodium","500 mg/vial","IV Injection","একক","Third generation cephalosporins","Aristopharma Ltd.","130","130","OTC"
"Axon 500 mg/vial","Axon 500 mg/vial","Ceftriaxone Sodium","500 mg/vial","IM Injection","একক","Third generation cephalosporins","Aristopharma Ltd.","130","130","OTC"
"Axosin 1 gm/vial","Axosin 1 gm/vial","Ceftriaxone Sodium","1 gm/vial","IM Injection","একক","Third generation cephalosporins","The IBN SINA Pharmaceutical PLC","180","180","OTC"
"Axosin 1 gm/vial","Axosin 1 gm/vial","Ceftriaxone Sodium","1 gm/vial","IV Injection","একক","Third generation cephalosporins","The IBN SINA Pharmaceutical PLC","180","180","OTC"
"Axosin 2 gm/vial","Axosin 2 gm/vial","Ceftriaxone Sodium","2 gm/vial","IV Injection","একক","Third generation cephalosporins","The IBN SINA Pharmaceutical PLC","290","290","OTC"
"Axosin 250 mg/vial","Axosin 250 mg/vial","Ceftriaxone Sodium","250 mg/vial","IM Injection","একক","Third generation cephalosporins","The IBN SINA Pharmaceutical PLC","90","90","OTC"
"Axosin 500 mg/vial","Axosin 500 mg/vial","Ceftriaxone Sodium","500 mg/vial","IM Injection","একক","Third generation cephalosporins","The IBN SINA Pharmaceutical PLC","120.46","120.46","OTC"
"Axosin 500 mg/vial","Axosin 500 mg/vial","Ceftriaxone Sodium","500 mg/vial","IV Injection","একক","Third generation cephalosporins","The IBN SINA Pharmaceutical PLC","120.46","120.46","OTC"
"Axovit 100 mg+200 mg+200 mcg","Axovit 100 mg+200 mg+200 mcg","Vitamin B1, B6 & B12","100 mg+200 mg+200 mcg","ট্যাবলেট","5 x 10","Specific combined vitamin preparations","Doctor TIMS Pharmaceuticals Ltd.","7","7","OTC"
"Axsol 15 mg/5 ml","Axsol 15 mg/5 ml","Ambroxol Hydrochloride","15 mg/5 ml","সিরাপ","একক","Cough expectorants & mucolytics","Nipa Pharmaceuticals Ltd.","40","40","OTC"
"Axxo 0.05%+0.75%+2%+1%","Axxo 0.05%+0.75%+2%+1%","Clobetasol Propionate + Ofloxacin + Ornidazole + Terbinafine","0.05%+0.75%+2%+1%","ক্রিম","একক","4-Quinolone preparations, Clobetasol / Clobetasone & Combined Preparations","General Pharmaceuticals Ltd.","150","150","OTC"
"AZ 200 mg/5 ml","AZ 200 mg/5 ml","Azithromycin Dihydrate","200 mg/5 ml","পাউডার সাসপেনশন","একক","Macrolides","Aristopharma Ltd.","200","200","OTC"
"AZ 250 mg","AZ 250 mg","Azithromycin Dihydrate","250 mg","ট্যাবলেট","1 x 10","Macrolides","Aristopharma Ltd.","30","30","OTC"
"AZ 500 mg","AZ 500 mg","Azithromycin Dihydrate","500 mg","ট্যাবলেট","4 x 3","Macrolides","Aristopharma Ltd.","55","55","OTC"
"Azacitid 100 mg/vial","Azacitid 100 mg/vial","Azacitidine","100 mg/vial","IV/SC Injection","একক","Cytotoxic Chemotherapy","Beacon Pharmaceuticals PLC","6500","6500","OTC"
"Azacitid 300 mg","Azacitid 300 mg","Azacitidine","300 mg","ট্যাবলেট","4 x 4","Cytotoxic Chemotherapy","Beacon Pharmaceuticals PLC","1400","1400","OTC"
"Azacitidine 100 mg/vial","Azacitidine 100 mg/vial","Azacitidine","100 mg/vial","IV/SC Injection","একক","Cytotoxic Chemotherapy","ZAS Corporation","9400","9400","OTC"
"Azactum 1 gm/5 ml","Azactum 1 gm/5 ml","Aztreonam","1 gm/5 ml","IM/IV Injection","একক","Other beta-lactam antibiotics","Drug International Ltd.","400","400","OTC"
"Azalid 200 mg/5 ml","Azalid 200 mg/5 ml","Azithromycin Dihydrate","200 mg/5 ml","পাউডার সাসপেনশন","একক","Macrolides","Orion Pharma Ltd.","85.58","85.58","OTC"
"Azalid 250 mg","Azalid 250 mg","Azithromycin Dihydrate","250 mg","ক্যাপসুল","2 x 4","Macrolides","Orion Pharma Ltd.","25","25","OTC"
"Azalid 500 mg","Azalid 500 mg","Azithromycin Dihydrate","500 mg","ট্যাবলেট","3 x 4","Macrolides","Orion Pharma Ltd.","45","45","OTC"
"Azaltic 200 mg/5 ml","Azaltic 200 mg/5 ml","Azithromycin Dihydrate","200 mg/5 ml","পাউডার সাসপেনশন","একক","Macrolides","NIPRO JMI Pharma Ltd.","95","95","OTC"
"Azaltic 500 mg","Azaltic 500 mg","Azithromycin Dihydrate","500 mg","ট্যাবলেট","4 x 3","Macrolides","NIPRO JMI Pharma Ltd.","35","35","OTC"
"Azapin 15 mg","Azapin 15 mg","Mirtazapine","15 mg","ট্যাবলেট","3 x 10","Atypical anti-depressant drugs","Labaid Pharma Ltd.","10","10","OTC"
"Azarest 300 mg","Azarest 300 mg","Azacitidine","300 mg","ট্যাবলেট","1 x 14","Cytotoxic Chemotherapy","Everest Pharmaceuticals Ltd.","1430","1430","OTC"
"Azasite 200 mg/5 ml","Azasite 200 mg/5 ml","Azithromycin Dihydrate","200 mg/5 ml","পাউডার সাসপেনশন","একক","Macrolides","Sharif Pharmaceuticals Ltd.","100","100","OTC"
"Azasite 500 mg","Azasite 500 mg","Azithromycin Dihydrate","500 mg","ট্যাবলেট","3 x 4","Macrolides","Sharif Pharmaceuticals Ltd.","35.11","35.11","OTC"
"Azbec 100 mcg/puff","Azbec 100 mcg/puff","Beclomethasone Dipropionate (Inhaler)","100 mcg/puff","Metered-Dose Inhaler (MDI)","একক","Respiratory corticosteroids","Eskayef Pharmaceuticals Ltd.","270","270","OTC"
"Azbec 250 mcg/puff","Azbec 250 mcg/puff","Beclomethasone Dipropionate (Inhaler)","250 mcg/puff","Metered-Dose Inhaler (MDI)","একক","Respiratory corticosteroids","Eskayef Pharmaceuticals Ltd.","320","320","OTC"
"Azebac 500 mg","Azebac 500 mg","Azithromycin Dihydrate","500 mg","ট্যাবলেট","12's pack","Macrolides","S.N. Pharmaceutical Ltd.","30","30","OTC"
"Azecol 60 mg+30 mg+6 mg+2 mg+15 mg","Azecol 60 mg+30 mg+6 mg+2 mg+15 mg","Vitamin C + Vitamin E + Lutein + Copper + Zinc","60 mg+30 mg+6 mg+2 mg+15 mg","ক্যাপসুল","5 x 10","Anti-oxidant Multivitamin Multimineral preparations, Antioxidant vitamins & minerals for eye","Incepta Pharmaceuticals Ltd.","12","12","OTC"
"Azee 200 mg/5 ml","Azee 200 mg/5 ml","Azithromycin Dihydrate","200 mg/5 ml","পাউডার সাসপেনশন","একক","Macrolides","Guardian Healthcare Ltd.","85","85","OTC"
"Azee 500 mg","Azee 500 mg","Azithromycin Dihydrate","500 mg","ট্যাবলেট","12's pack","Macrolides","Guardian Healthcare Ltd.","30.1","30.1","OTC"
"Azeflu (137 mcg+50 mcg)/spray","Azeflu (137 mcg+50 mcg)/spray","Azelastine Hydrochloride + Fluticasone Propionate","137 mcg+50 mcg)/spray","নেজাল স্প্রে","একক","Nasal Steroid Preparations","OSL Pharma Limited","320","320","OTC"
"Azelast 137 mcg/spray","Azelast 137 mcg/spray","Azelastine Hydrochloride","137 mcg/spray","নেজাল স্প্রে","একক","Nasal Anti-histamine preparations","Incepta Pharmaceuticals Ltd.","180","180","OTC"
"Azelec 20%","Azelec 20%","Azelaic Acid","20%","ক্রিম","একক","Acne treatment preparations","ACME Laboratories Ltd.","75.51","75.51","OTC"
"Azelta 137 mcg/spray","Azelta 137 mcg/spray","Azelastine Hydrochloride","137 mcg/spray","নেজাল স্প্রে","একক","Nasal Anti-histamine preparations","OSL Pharma Limited","180.54","180.54","OTC"
"Azelto 100 mg","Azelto 100 mg","Naftidrofuryl Oxalate","100 mg","ক্যাপসুল","4 x 8","5-HT Agonists","Ziska Pharmaceuticals Ltd.","12","12","OTC"
"Azemist-F (137 mcg+50 mcg)/spray","Azemist-F (137 mcg+50 mcg)/spray","Azelastine Hydrochloride + Fluticasone Propionate","137 mcg+50 mcg)/spray","নেজাল স্প্রে","একক","Nasal Steroid Preparations","UniMed UniHealth Pharmaceuticals Ltd.","320","320","OTC"
"Azepam 5 mg","Azepam 5 mg","Diazepam","5 mg","ট্যাবলেট","20 x 10","Benzodiazepine sedatives, Centrally acting Skeletal Muscle Relaxants, Primary anti-epileptic drugs","ACME Laboratories Ltd.","0.69","0.69","OTC"
"Azexia 200 mg/5 ml","Azexia 200 mg/5 ml","Azithromycin Dihydrate","200 mg/5 ml","পাউডার সাসপেনশন","একক","Macrolides","Pharmasia Limited","95","95","OTC"
"Azexia 500 mg","Azexia 500 mg","Azithromycin Dihydrate","500 mg","ট্যাবলেট","2 x 10","Macrolides","Pharmasia Limited","34","34","OTC"
"Azi Mx 200 mg/5 ml","Azi Mx 200 mg/5 ml","Azithromycin Dihydrate","200 mg/5 ml","পাউডার সাসপেনশন","একক","Macrolides","Doctor TIMS Pharmaceuticals Ltd.","85","85","OTC"
"Azi Mx 500 mg","Azi Mx 500 mg","Azithromycin Dihydrate","500 mg","ট্যাবলেট","4 x 3","Macrolides","Doctor TIMS Pharmaceuticals Ltd.","35","35","OTC"
"Azi S 200 mg/5 ml","Azi S 200 mg/5 ml","Azithromycin Dihydrate","200 mg/5 ml","পাউডার সাসপেনশন","একক","Macrolides","Seema Pharmaceuticals Ltd.","100","100","OTC"
"Azi S 500 mg","Azi S 500 mg","Azithromycin Dihydrate","500 mg","ট্যাবলেট","6's pack","Macrolides","Seema Pharmaceuticals Ltd.","30","30","OTC"
"Azibact 200 mg/5 ml","Azibact 200 mg/5 ml","Azithromycin Dihydrate","200 mg/5 ml","পাউডার সাসপেনশন","একক","Macrolides","Goodman Pharmaceuticals Ltd.","130","130","OTC"
"Azibact 500 mg","Azibact 500 mg","Azithromycin Dihydrate","500 mg","ট্যাবলেট","4 x 3","Macrolides","Goodman Pharmaceuticals Ltd.","35","35","OTC"
"Azicin 1 gm/Sachet","Azicin 1 gm/Sachet","Azithromycin Dihydrate","1 gm/Sachet","পাউডার সাসপেনশন","1 x 5","Macrolides","Opsonin Pharma Ltd.","80","80","OTC"
"Azicin 1%","Azicin 1%","Azithromycin Dihydrate (Ophthalmic)","1%","Ophthalmic Solution","একক","Macrolides","Opsonin Pharma Ltd.","120","120","OTC"
"Azicin 200 mg/5 ml","Azicin 200 mg/5 ml","Azithromycin Dihydrate","200 mg/5 ml","পাউডার সাসপেনশন","একক","Macrolides","Opsonin Pharma Ltd.","100","100","OTC"
"Azicin 250 mg","Azicin 250 mg","Azithromycin Dihydrate","250 mg","ট্যাবলেট","1 x 7","Macrolides","Opsonin Pharma Ltd.","25","25","OTC"
"Azicin 250 mg","Azicin 250 mg","Azithromycin Dihydrate","250 mg","ক্যাপসুল","1 x 6","Macrolides","Opsonin Pharma Ltd.","25","25","OTC"
"Azicin 500 mg","Azicin 500 mg","Azithromycin Dihydrate","500 mg","ট্যাবলেট","2 x 7","Macrolides","Opsonin Pharma Ltd.","45","45","OTC"
"Aziday 200 mg/5 ml","Aziday 200 mg/5 ml","Azithromycin Dihydrate","200 mg/5 ml","পাউডার সাসপেনশন","একক","Macrolides","SMC Enterprise Ltd","90","90","OTC"
"Aziday 500 mg","Aziday 500 mg","Azithromycin Dihydrate","500 mg","ট্যাবলেট","2 x 8","Macrolides","SMC Enterprise Ltd","30","30","OTC"
"Aziget 200 mg/5 ml","Aziget 200 mg/5 ml","Azithromycin Dihydrate","200 mg/5 ml","পাউডার সাসপেনশন","একক","Macrolides","Get Well Limited","85","85","OTC"
"Aziget 500 mg","Aziget 500 mg","Azithromycin Dihydrate","500 mg","ট্যাবলেট","একক","Macrolides","Get Well Limited","34","34","OTC"
"Azikil 200 mg/5 ml","Azikil 200 mg/5 ml","Azithromycin Dihydrate","200 mg/5 ml","পাউডার সাসপেনশন","একক","Macrolides","One Pharma Ltd.","100","100","OTC"
"Azikil 500 mg","Azikil 500 mg","Azithromycin Dihydrate","500 mg","ট্যাবলেট","3 x 4","Macrolides","One Pharma Ltd.","45","45","OTC"
"Azilab 200 mg/5 ml","Azilab 200 mg/5 ml","Azithromycin Dihydrate","200 mg/5 ml","পাউডার সাসপেনশন","একক","Macrolides","Labaid Pharma Ltd.","115","115","OTC"
"Azilab 500 mg","Azilab 500 mg","Azithromycin Dihydrate","500 mg","ট্যাবলেট","3 x 3","Macrolides","Labaid Pharma Ltd.","55","55","OTC"
"Azilit 200 mg/5 ml","Azilit 200 mg/5 ml","Azithromycin Dihydrate","200 mg/5 ml","পাউডার সাসপেনশন","একক","Macrolides","Desh Pharmaceuticals Ltd.","85","85","OTC"
"Azilit 500 mg","Azilit 500 mg","Azithromycin Dihydrate","500 mg","ট্যাবলেট","2 x 6","Macrolides","Desh Pharmaceuticals Ltd.","35","35","OTC"
"Azilpres 40 mg","Azilpres 40 mg","Azilsartan Medoxomil","40 mg","ট্যাবলেট","3 x 10","Angiotensin-ll receptor blocker","Incepta Pharmaceuticals Ltd.","12","12","OTC"
"Azilpres 80 mg","Azilpres 80 mg","Azilsartan Medoxomil","80 mg","ট্যাবলেট","2 x 10","Angiotensin-ll receptor blocker","Incepta Pharmaceuticals Ltd.","22","22","OTC"
"Azilpres Plus 40 mg+12.5 mg","Azilpres Plus 40 mg+12.5 mg","Azilsartan Medoxomil + Chlorthalidone","40 mg+12.5 mg","ট্যাবলেট","2 x 10","Combined antihypertensive preparations","Incepta Pharmaceuticals Ltd.","22","22","OTC"
"Azimete 200 mg/5 ml","Azimete 200 mg/5 ml","Azithromycin Dihydrate","200 mg/5 ml","পাউডার সাসপেনশন","একক","Macrolides","Medimet Pharmaceuticals Ltd.","85","85","OTC"
"Azimete 500 mg","Azimete 500 mg","Azithromycin Dihydrate","500 mg","ট্যাবলেট","4's pack","Macrolides","Medimet Pharmaceuticals Ltd.","30","30","OTC"
"Azimex 200 mg/5 ml","Azimex 200 mg/5 ml","Azithromycin Dihydrate","200 mg/5 ml","পাউডার সাসপেনশন","একক","Macrolides","Drug International Ltd.","95","95","OTC"
"Azimex 250 mg","Azimex 250 mg","Azithromycin Dihydrate","250 mg","ট্যাবলেট","2 x 5","Macrolides","Drug International Ltd.","25.1","25.1","OTC"
"Azimex 500 mg","Azimex 500 mg","Azithromycin Dihydrate","500 mg","ট্যাবলেট","2 x 5","Macrolides","Drug International Ltd.","35.15","35.15","OTC"
"Azimon 200 mg/5 ml","Azimon 200 mg/5 ml","Azithromycin Dihydrate","200 mg/5 ml","পাউডার সাসপেনশন","একক","Macrolides","Monicopharma Ltd.","90","90","OTC"
"Azimon 500 mg","Azimon 500 mg","Azithromycin Dihydrate","500 mg","ট্যাবলেট","2 x 4","Macrolides","Monicopharma Ltd.","35","35","OTC"
"Azin 200 mg/5 ml","Azin 200 mg/5 ml","Azithromycin Dihydrate","200 mg/5 ml","পাউডার সাসপেনশন","একক","Macrolides","ACME Laboratories Ltd.","95.29","95.29","OTC"
"Azin 250 mg","Azin 250 mg","Azithromycin Dihydrate","250 mg","ক্যাপসুল","2 x 3","Macrolides","ACME Laboratories Ltd.","25.08","25.08","OTC"
"Azin 500 mg","Azin 500 mg","Azithromycin Dihydrate","500 mg","ট্যাবলেট","2 x 6","Macrolides","ACME Laboratories Ltd.","55","55","OTC"
"Azinaaf 200 mg/5 ml","Azinaaf 200 mg/5 ml","Azithromycin Dihydrate","200 mg/5 ml","পাউডার সাসপেনশন","একক","Macrolides","Naafco Pharma PLC","90","90","OTC"
"Azinaaf 500 mg","Azinaaf 500 mg","Azithromycin Dihydrate","500 mg","ট্যাবলেট","4 x 3","Macrolides","Naafco Pharma PLC","55","55","OTC"
"Azinil 1%","Azinil 1%","Azithromycin Dihydrate (Ophthalmic)","1%","Ophthalmic Solution","একক","Macrolides","Apex Pharma Ltd.","110","110","OTC"
"Azinil 200 mg/5 ml","Azinil 200 mg/5 ml","Azithromycin Dihydrate","200 mg/5 ml","পাউডার সাসপেনশন","একক","Macrolides","Apex Pharma Ltd.","90","90","OTC"
"Azinil 250 mg","Azinil 250 mg","Azithromycin Dihydrate","250 mg","ট্যাবলেট","3 x 4","Macrolides","Apex Pharma Ltd.","25","25","OTC"
"Azinil 500 mg","Azinil 500 mg","Azithromycin Dihydrate","500 mg","ট্যাবলেট","3 x 4","Macrolides","Apex Pharma Ltd.","40","40","OTC"
"Azirex 500 mg","Azirex 500 mg","Azithromycin Dihydrate","500 mg","ট্যাবলেট","2 x 3","Macrolides","Belsen Pharmaceuticals Ltd.","30","30","OTC"
"Azirox 200 mg/5 ml","Azirox 200 mg/5 ml","Azithromycin Dihydrate","200 mg/5 ml","পাউডার সাসপেনশন","একক","Macrolides","Navana Pharmaceuticals Ltd.","100","100","OTC"
"Azirox 500 mg","Azirox 500 mg","Azithromycin Dihydrate","500 mg","ট্যাবলেট","3 x 6","Macrolides","Navana Pharmaceuticals Ltd.","35.11","35.11","OTC"
"Azisan 40 mg","Azisan 40 mg","Azilsartan Medoxomil","40 mg","ট্যাবলেট","3 x 10","Angiotensin-ll receptor blocker","Renata PLC","12","12","OTC"
"Azisan 80 mg","Azisan 80 mg","Azilsartan Medoxomil","80 mg","ট্যাবলেট","2 x 10","Angiotensin-ll receptor blocker","Renata PLC","22","22","OTC"
"Azisan Plus 40 mg+12.5 mg","Azisan Plus 40 mg+12.5 mg","Azilsartan Medoxomil + Chlorthalidone","40 mg+12.5 mg","ট্যাবলেট","2 x 10","Combined antihypertensive preparations","Renata PLC","22","22","OTC"
"Azisol 500 mg","Azisol 500 mg","Azithromycin Dihydrate","500 mg","ট্যাবলেট","2 x 6","Macrolides","Army Pharma Limited","55","55","OTC"
"Azitac 200 mg/5 ml","Azitac 200 mg/5 ml","Azithromycin Dihydrate","200 mg/5 ml","পাউডার সাসপেনশন","একক","Macrolides","United Pharmaceuticals Ltd.","80.55","80.55","OTC"
"Azitac 500 mg","Azitac 500 mg","Azithromycin Dihydrate","500 mg","ট্যাবলেট","2 x 3","Macrolides","United Pharmaceuticals Ltd.","30.33","30.33","OTC"
"Azitel 200 mg/5 ml","Azitel 200 mg/5 ml","Azithromycin Dihydrate","200 mg/5 ml","পাউডার সাসপেনশন","একক","Macrolides","Cosmic Pharma Ltd.","85","85","OTC"
"Azitel 500 mg","Azitel 500 mg","Azithromycin Dihydrate","500 mg","ক্যাপসুল","8's pack","Macrolides","Cosmic Pharma Ltd.","35","35","OTC"
"Azithin 200 mg/5 ml","Azithin 200 mg/5 ml","Azithromycin Dihydrate","200 mg/5 ml","পাউডার সাসপেনশন","একক","Macrolides","Chemist Laboratories  Ltd.","85","85","OTC"
"Azithin 500 mg","Azithin 500 mg","Azithromycin Dihydrate","500 mg","ট্যাবলেট","3 x 4","Macrolides","Chemist Laboratories  Ltd.","42","42","OTC"
"Azithral 200 mg/5 ml","Azithral 200 mg/5 ml","Azithromycin Dihydrate","200 mg/5 ml","পাউডার সাসপেনশন","একক","Macrolides","Globex Pharmaceuticals Ltd.","85","85","OTC"
"Azithral 500 mg","Azithral 500 mg","Azithromycin Dihydrate","500 mg","ট্যাবলেট","একক","Macrolides","Globex Pharmaceuticals Ltd.","30","30","OTC"
"Azithro 200 mg/5 ml","Azithro 200 mg/5 ml","Azithromycin Dihydrate","200 mg/5 ml","পাউডার সাসপেনশন","একক","Macrolides","Astra Biopharmaceuticals Ltd.","95","95","OTC"
"Azithro 500 mg","Azithro 500 mg","Azithromycin Dihydrate","500 mg","ট্যাবলেট","2 x 6","Macrolides","Astra Biopharmaceuticals Ltd.","45","45","OTC"
"Azithrocin 200 mg/5 ml","Azithrocin 200 mg/5 ml","Azithromycin Dihydrate","200 mg/5 ml","পাউডার সাসপেনশন","একক","Macrolides","Beximco Pharmaceuticals Ltd.","85","85","OTC"
"Azithrocin 250 mg","Azithrocin 250 mg","Azithromycin Dihydrate","250 mg","ট্যাবলেট","1 x 10","Macrolides","Beximco Pharmaceuticals Ltd.","25","25","OTC"
"Azithrocin 500 mg","Azithrocin 500 mg","Azithromycin Dihydrate","500 mg","ট্যাবলেট","4 x 3","Macrolides","Beximco Pharmaceuticals Ltd.","35","35","OTC"
"Azithrocin 500 mg/vial","Azithrocin 500 mg/vial","Azithromycin Dihydrate","500 mg/vial","আইভি ইনফিউশন","একক","Macrolides","Beximco Pharmaceuticals Ltd.","460","460","Rx"
"Azithrogen 200 mg/5 ml","Azithrogen 200 mg/5 ml","Azithromycin Dihydrate","200 mg/5 ml","পাউডার সাসপেনশন","একক","Macrolides","Biogen Pharmaceuticals Ltd.","130","130","OTC"
"Azithrogen 500 mg","Azithrogen 500 mg","Azithromycin Dihydrate","500 mg","ট্যাবলেট","2 x 12","Macrolides","Biogen Pharmaceuticals Ltd.","15","15","OTC"
"Azithromax 200 mg/5 ml","Azithromax 200 mg/5 ml","Azithromycin Dihydrate","200 mg/5 ml","পাউডার সাসপেনশন","একক","Macrolides","Ziska Pharmaceuticals Ltd.","85","85","OTC"
"Azithromax 500 mg","Azithromax 500 mg","Azithromycin Dihydrate","500 mg","ট্যাবলেট","2 x 5","Macrolides","Ziska Pharmaceuticals Ltd.","35","35","OTC"
"Azithromycin 200 mg/5 ml","Azithromycin 200 mg/5 ml","Azithromycin Dihydrate","200 mg/5 ml","পাউডার সাসপেনশন","একক","Macrolides","Premier Pharmaceuticals Ltd.","120","120","OTC"
"Azithromycin 250 mg","Azithromycin 250 mg","Azithromycin Dihydrate","250 mg","ট্যাবলেট","2 x 6","Macrolides","Pharmik Laboratories Ltd.","24.55","24.55","OTC"
"Azithromycin 500 mg","Azithromycin 500 mg","Azithromycin Dihydrate","500 mg","ট্যাবলেট","2 x 6","Macrolides","Pharmik Laboratories Ltd.","40","40","OTC"
"Azithromycin 500mg","এজিথ্রোমাইসিন ৫০০ মিগ্রা","Azithromycin","500mg","ট্যাবলেট","৩ পিস","","Incepta","105","120","Rx"
"Azithron 200 mg/5 ml","Azithron 200 mg/5 ml","Azithromycin Dihydrate","200 mg/5 ml","পাউডার সাসপেনশন","একক","Macrolides","Albion Laboratories Limited","180","180","OTC"
"Azithron 500 mg","Azithron 500 mg","Azithromycin Dihydrate","500 mg","ক্যাপসুল","2 x 6","Macrolides","Albion Laboratories Limited","40.8","40.8","OTC"
"Azitor 200 mg/5 ml","Azitor 200 mg/5 ml","Azithromycin Dihydrate","200 mg/5 ml","পাউডার সাসপেনশন","একক","Macrolides","Central Pharmaceuticals Ltd.","140","140","OTC"
"Azitor 500 mg","Azitor 500 mg","Azithromycin Dihydrate","500 mg","ট্যাবলেট","5's pack","Macrolides","Central Pharmaceuticals Ltd.","30","30","OTC"
"Azitra 500 mg","Azitra 500 mg","Azithromycin Dihydrate","500 mg","ট্যাবলেট","6's pack","Macrolides","MST Pharma","30","30","OTC"
"Aziwell 500 mg","Aziwell 500 mg","Azithromycin Dihydrate","500 mg","ট্যাবলেট","4 x 3","Macrolides","National Drug Co. Ltd.","35","35","OTC"
"Azix 200 mg/5 ml","Azix 200 mg/5 ml","Azithromycin Dihydrate","200 mg/5 ml","পাউডার সাসপেনশন","একক","Macrolides","Amico Laboratories Ltd.","85","85","OTC"
"Azix 500 mg","Azix 500 mg","Azithromycin Dihydrate","500 mg","ট্যাবলেট","12's pack","Macrolides","Amico Laboratories Ltd.","30","30","OTC"
"Azmasol 100 mcg/puff","Azmasol 100 mcg/puff","Salbutamol (Inhaler)","100 mcg/puff","Metered-Dose Inhaler (MDI)","একক","Short-acting selective & β2-adrenoceptor stimulants","Beximco Pharmaceuticals Ltd.","250","250","OTC"
"Azmasol 2.5 mg/3 ml","Azmasol 2.5 mg/3 ml","Salbutamol","2.5 mg/3 ml","Nebuliser Solution","1 x 5","Short-acting selective & β2-adrenoceptor stimulants","Beximco Pharmaceuticals Ltd.","16","16","OTC"
"Azmasol 200 mcg","Azmasol 200 mcg","Salbutamol","200 mcg","Dry Powder Inhalation Capsule (DPI)","3 x 10","Short-acting selective & β2-adrenoceptor stimulants","Beximco Pharmaceuticals Ltd.","2.5","2.5","OTC"
"Azmasol 5 mg/ml","Azmasol 5 mg/ml","Salbutamol","5 mg/ml","Nebuliser Solution","একক","Short-acting selective & β2-adrenoceptor stimulants","Beximco Pharmaceuticals Ltd.","120","120","OTC"
"Azmasol Plus (90 mcg+80 mcg)/puff","Azmasol Plus (90 mcg+80 mcg)/puff","Salbutamol + Budesonide","90 mcg+80 mcg)/puff","Metered-Dose Inhaler (MDI)","একক","Combined bronchodilators","Beximco Pharmaceuticals Ltd.","350","350","OTC"
"Azmet 2 mg/5 ml","Azmet 2 mg/5 ml","Salbutamol","2 mg/5 ml","সিরাপ","একক","Short-acting selective & β2-adrenoceptor stimulants","Medicon Pharmaceuticals Ltd.","16","16","OTC"
"Azmin 200 mg/5 ml","Azmin 200 mg/5 ml","Azithromycin Dihydrate","200 mg/5 ml","পাউডার সাসপেনশন","একক","Macrolides","Modern Pharmaceuticals Ltd.","85","85","OTC"
"Azmin 500 mg","Azmin 500 mg","Azithromycin Dihydrate","500 mg","ট্যাবলেট","8's pack","Macrolides","Modern Pharmaceuticals Ltd.","30","30","OTC"
"Azo 200 mg/5 ml","Azo 200 mg/5 ml","Azithromycin Dihydrate","200 mg/5 ml","পাউডার সাসপেনশন","একক","Macrolides","Delta Pharma Ltd.","90","90","OTC"
"Azo 500 mg","Azo 500 mg","Azithromycin Dihydrate","500 mg","ট্যাবলেট","2 x 6","Macrolides","Delta Pharma Ltd.","30","30","OTC"
"Azobrin 1%","Azobrin 1%","Brinzolamide","1%","Ophthalmic Suspension","একক","Drugs for miotics and glaucoma","Healthcare Pharmaceuticals Ltd.","500","500","OTC"
"Azobrin Plus 1%+0.2%","Azobrin Plus 1%+0.2%","Brinzolamide + Brimonidine Tartrate","1%+0.2%","Ophthalmic Suspension","একক","Drugs for miotics and glaucoma","Healthcare Pharmaceuticals Ltd.","550","550","OTC"
"Azofend 200 mg","Azofend 200 mg","Voriconazole","200 mg","ট্যাবলেট","1 x 6","Other Antifungal preparations","Radiant Pharmaceuticals Ltd.","130","130","OTC"
"Azofend 50 mg","Azofend 50 mg","Voriconazole","50 mg","ট্যাবলেট","1 x 10","Other Antifungal preparations","Radiant Pharmaceuticals Ltd.","50","50","OTC"
"Azole 200 mg/5 ml","Azole 200 mg/5 ml","Albendazole","200 mg/5 ml","Oral Suspension","একক","Anthelmintic","Biopharma Limited","20","20","OTC"
"Azole 400 mg","Azole 400 mg","Albendazole","400 mg","Chewable Tablet","6 x 10","Anthelmintic","Biopharma Limited","5","5","OTC"
"Azolin 0.025%","Azolin 0.025%","Oxymetazoline Hydrochloride (Nasal Preparation)","0.025%","Nasal Drop","একক","Nasal Anti-histamine preparations, Nasal Decongestants & Other Nasal Preparations","ACME Laboratories Ltd.","55","55","OTC"
"Azolin 0.05%","Azolin 0.05%","Oxymetazoline Hydrochloride (Nasal Preparation)","0.05%","Nasal Drop","একক","Nasal Anti-histamine preparations, Nasal Decongestants & Other Nasal Preparations","ACME Laboratories Ltd.","60","60","OTC"
"Azomac 200 mg/5 ml","Azomac 200 mg/5 ml","Azithromycin Dihydrate","200 mg/5 ml","পাউডার সাসপেনশন","একক","Macrolides","General Pharmaceuticals Ltd.","100.3","100.3","OTC"
"Azomac 500 mg","Azomac 500 mg","Azithromycin Dihydrate","500 mg","ট্যাবলেট","3 x 4","Macrolides","General Pharmaceuticals Ltd.","45","45","OTC"
"Azomid 1%","Azomid 1%","Brinzolamide","1%","Ophthalmic Suspension","একক","Drugs for miotics and glaucoma","Beximco Pharmaceuticals Ltd.","500","500","OTC"
"Azonam 1 gm/5 ml","Azonam 1 gm/5 ml","Aztreonam","1 gm/5 ml","IM/IV Injection","একক","Other beta-lactam antibiotics","Incepta Pharmaceuticals Ltd.","400","400","OTC"
"Azonox 100 mg","Azonox 100 mg","Itraconazole","100 mg","ক্যাপসুল","4 x 6","Drugs for subcutaneous and mycoses","Opsonin Pharma Ltd.","15","15","OTC"
"Azonox 200 mg","Azonox 200 mg","Itraconazole","200 mg","ট্যাবলেট","2 x 10","Drugs for subcutaneous and mycoses","Opsonin Pharma Ltd.","28","28","OTC"
"Azonox Ultra 65 mg","Azonox Ultra 65 mg","Itraconazole","65 mg","ক্যাপসুল","3 x 7","Drugs for subcutaneous and mycoses","Opsonin Pharma Ltd.","20","20","OTC"
"Azopres 1%","Azopres 1%","Brinzolamide","1%","Ophthalmic Suspension","একক","Drugs for miotics and glaucoma","The IBN SINA Pharmaceutical PLC","530","530","OTC"
"Azopres BR 1%+0.2%","Azopres BR 1%+0.2%","Brinzolamide + Brimonidine Tartrate","1%+0.2%","Ophthalmic Suspension","একক","Drugs for miotics and glaucoma","The IBN SINA Pharmaceutical PLC","550","550","OTC"
"Azopt 2%+0.5%","Azopt 2%+0.5%","Dorzolamide + Timolol","2%+0.5%","Ophthalmic Solution","একক","Drugs for miotics and glaucoma","The IBN SINA Pharmaceutical PLC","600","600","OTC"
"Azoren 5 mg+20 mg","Azoren 5 mg+20 mg","Amlodipine Besilate + Olmesartan Medoxomil","5 mg+20 mg","ট্যাবলেট","2 x 14","Combined antihypertensive preparations","DBL Pharmaceuticals Ltd.","12.5","12.5","OTC"
"Azoren 5 mg+40 mg","Azoren 5 mg+40 mg","Amlodipine Besilate + Olmesartan Medoxomil","5 mg+40 mg","ট্যাবলেট","2 x 14","Combined antihypertensive preparations","DBL Pharmaceuticals Ltd.","20","20","OTC"
"Azorta 500 mg","Azorta 500 mg","Azithromycin Dihydrate","500 mg","ট্যাবলেট","2 x 6","Macrolides","C2C Pharma Ltd.","35","35","OTC"
"Azosil 200 mg/5 ml","Azosil 200 mg/5 ml","Azithromycin Dihydrate","200 mg/5 ml","পাউডার সাসপেনশন","একক","Macrolides","Silco Pharmaceutical Ltd.","85","85","OTC"
"Azosil 500 mg","Azosil 500 mg","Azithromycin Dihydrate","500 mg","ট্যাবলেট","2 x 6","Macrolides","Silco Pharmaceutical Ltd.","35","35","OTC"
"Azovit Gold","Azovit Gold","Multivitamin & Multimineral [A-Z gold preparation]","","ট্যাবলেট","1 x 15","Multi-vitamin & Multi-mineral combined preparations","Novo Healthcare and Pharma Ltd.","6.02","6.02","OTC"
"Azro 200 mg/5 ml","Azro 200 mg/5 ml","Azithromycin Dihydrate","200 mg/5 ml","পাউডার সাসপেনশন","একক","Macrolides","Nipa Pharmaceuticals Ltd.","85","85","OTC"
"Azro 500 mg","Azro 500 mg","Azithromycin Dihydrate","500 mg","ট্যাবলেট","2 x 6","Macrolides","Nipa Pharmaceuticals Ltd.","50","50","OTC"
"AztaCap 2 mg","AztaCap 2 mg","Astaxanthin","2 mg","ক্যাপসুল","3 x 10","Supplements & adjuvant therapy","Incepta Pharmaceuticals Ltd.","12","12","OTC"
"AztaCap 4 mg","AztaCap 4 mg","Astaxanthin","4 mg","ক্যাপসুল","3 x 10","Supplements & adjuvant therapy","Incepta Pharmaceuticals Ltd.","22","22","OTC"
"Aztor 10 mg","Aztor 10 mg","Atorvastatin Calcium","10 mg","ট্যাবলেট","5 x 10","Other Anti-anginal & Anti-ischaemic drugs, Statins","Sun Pharmaceutical (Bangladesh) Ltd.","11.6","11.6","OTC"
"Aztor 20 mg","Aztor 20 mg","Atorvastatin Calcium","20 mg","ট্যাবলেট","3 x 10","Other Anti-anginal & Anti-ischaemic drugs, Statins","Sun Pharmaceutical (Bangladesh) Ltd.","20","20","OTC"
"Aztor 40 mg","Aztor 40 mg","Atorvastatin Calcium","40 mg","ট্যাবলেট","3 x 10","Other Anti-anginal & Anti-ischaemic drugs, Statins","Sun Pharmaceutical (Bangladesh) Ltd.","26","26","OTC"
"Aztrum A-Z","Aztrum A-Z","Multivitamin & Multimineral [A-Z gold preparation]","","ট্যাবলেট","3 x 10","Multi-vitamin & Multi-mineral combined preparations","Apex Pharma Ltd.","7","7","OTC"
"Aztrum Gold","Aztrum Gold","Multivitamin & Multimineral [A-Z gold preparation]","","ট্যাবলেট","1 x 15","Multi-vitamin & Multi-mineral combined preparations","Apex Pharma Ltd.","9","9","OTC"
"Aztrum-I 60 mg+30 mg+6 mg+2 mg+15 mg","Aztrum-I 60 mg+30 mg+6 mg+2 mg+15 mg","Vitamin C + Vitamin E + Lutein + Copper + Zinc","60 mg+30 mg+6 mg+2 mg+15 mg","ক্যাপসুল","8 x 4","Anti-oxidant Multivitamin Multimineral preparations, Antioxidant vitamins & minerals for eye","Apex Pharma Ltd.","10","10","OTC"
"Azyben 200 mg/5 ml","Azyben 200 mg/5 ml","Azithromycin Dihydrate","200 mg/5 ml","পাউডার সাসপেনশন","একক","Macrolides","Benham Pharmaceuticals Ltd.","90","90","OTC"
"Azyben 500 mg","Azyben 500 mg","Azithromycin Dihydrate","500 mg","ট্যাবলেট","2 x 6","Macrolides","Benham Pharmaceuticals Ltd.","40","40","OTC"
"Azyth 200 mg/5 ml","Azyth 200 mg/5 ml","Azithromycin Dihydrate","200 mg/5 ml","পাউডার সাসপেনশন","একক","Macrolides","SANDOZ (A Novartis Division)","116","116","OTC"
"Azyth 250 mg","Azyth 250 mg","Azithromycin Dihydrate","250 mg","ক্যাপসুল","1 x 10","Macrolides","SANDOZ (A Novartis Division)","30","30","OTC"
"Azyth 500 mg","Azyth 500 mg","Azithromycin Dihydrate","500 mg","ট্যাবলেট","3 x 3","Macrolides","SANDOZ (A Novartis Division)","55.5","55.5","OTC"
"B Easy 10 mg","B Easy 10 mg","Montelukast Sodium","10 mg","ট্যাবলেট","3 x 10","Leukotriene receptor antagonists","Gaco Pharmaceuticals Ltd.","15","15","OTC"
"B Easy 5 mg","B Easy 5 mg","Montelukast Sodium","5 mg","ট্যাবলেট","3 x 10","Leukotriene receptor antagonists","Gaco Pharmaceuticals Ltd.","8.33","8.33","OTC"
"B stop 500 mg","B stop 500 mg","Tranexamic Acid","500 mg","ক্যাপসুল","2 x 10","Anti-fibrinolytic drugs, Haemostatic drugs","Salton Pharmaceuticals Ltd.","20","20","OTC"
"B-50 Forte (5 mg+2 mg+2 mg+20 mg)/5 ml","B-50 Forte (5 mg+2 mg+2 mg+20 mg)/5 ml","Vitamin B complex","5 mg+2 mg+2 mg+20 mg)/5 ml","সিরাপ","একক","Specific combined vitamin preparations","Square Pharmaceuticals PLC","62.19","62.19","OTC"
"B-50 Forte (50 mg+5.48 mg+100 mg+5 mg+10 mg)/2 ml","B-50 Forte (50 mg+5.48 mg+100 mg+5 mg+10 mg)/2 ml","Vitamin B complex","50 mg+5.48 mg+100 mg+5 mg+10 mg)/2 ml","IM/IV Injection","4 x 5","Specific combined vitamin preparations","Square Pharmaceuticals PLC","10.03","10.03","OTC"
"B-50 Forte 5 mg+2 mg+2 mg+20 mg","B-50 Forte 5 mg+2 mg+2 mg+20 mg","Vitamin B complex","5 mg+2 mg+2 mg+20 mg","ক্যাপসুল","25 x 10","Specific combined vitamin preparations","Square Pharmaceuticals PLC","1.75","1.75","OTC"
"B-9 2.5 mg/5 ml","B-9 2.5 mg/5 ml","Folic Acid","2.5 mg/5 ml","Oral Solution","একক","Drugs for Megaloblastic Anemia, Vitamin-B preparations","Square Pharmaceuticals PLC","50","50","OTC"
"B-Card 50 mg","B-Card 50 mg","Atenolol","50 mg","ট্যাবলেট","10 x 10","Beta-adrenoceptor blocking drugs, Beta-blockers","Nipa Pharmaceuticals Ltd.","0.77","0.77","OTC"
"B-Cef 10 mg","B-Cef 10 mg","Cetirizine Hydrochloride","10 mg","ট্যাবলেট","10 x 10","Sedating Anti-histamine","Belsen Pharmaceuticals Ltd.","2.5","2.5","OTC"
"B-Cef 5 mg/5 ml","B-Cef 5 mg/5 ml","Cetirizine Hydrochloride","5 mg/5 ml","সিরাপ","একক","Sedating Anti-histamine","Belsen Pharmaceuticals Ltd.","20","20","OTC"
"B-Cort 0.1%","B-Cort 0.1%","Betamethasone Sodium Phosphate","0.1%","Ophthalmic Solution","একক","Corticosteroid","Globe Pharmaceuticals Ltd.","30","30","OTC"
"B-Dexa 0.5 mg","B-Dexa 0.5 mg","Dexamethasone","0.5 mg","ট্যাবলেট","10 x 10","","Belsen Pharmaceuticals Ltd.","0.5","0.5","OTC"
"B-Mycin (5 mg+250 IU)/gm","B-Mycin (5 mg+250 IU)/gm","Neomycin Sulfate + Bacitracin Zinc","5 mg+250 IU)/gm","Topical Powder","12's pack","Ophthalmic and Topical antibacterial products","Gaco Pharmaceuticals Ltd.","10.03","10.03","OTC"
"B-Mycin (5 mg+500 IU)/gm","B-Mycin (5 mg+500 IU)/gm","Neomycin Sulfate + Bacitracin Zinc","5 mg+500 IU)/gm","অয়েন্টমেন্ট","একক","Ophthalmic and Topical antibacterial products","Gaco Pharmaceuticals Ltd.","17.36","17.36","OTC"
"B-One 100 mg","B-One 100 mg","Thiamine Hydrochloride","100 mg","ট্যাবলেট","100's pack","Vitamin-B preparations","Alco Pharma Ltd.","0.74","0.74","OTC"
"B-Plex (5 mg+2 mg+2 mg+20 mg)/5 ml","B-Plex (5 mg+2 mg+2 mg+20 mg)/5 ml","Vitamin B complex","5 mg+2 mg+2 mg+20 mg)/5 ml","সিরাপ","একক","Specific combined vitamin preparations","Ad-din Pharmaceuticals Ltd.","35.65","35.65","OTC"
"B-Plex 5 mg+2 mg+2 mg+20 mg","B-Plex 5 mg+2 mg+2 mg+20 mg","Vitamin B complex","5 mg+2 mg+2 mg+20 mg","ট্যাবলেট","1 x 45","Specific combined vitamin preparations","Ad-din Pharmaceuticals Ltd.","0.62","0.62","OTC"
"B-Plus (5 mg+2 mg+2 mg+20 mg)/5 ml","B-Plus (5 mg+2 mg+2 mg+20 mg)/5 ml","Vitamin B complex","5 mg+2 mg+2 mg+20 mg)/5 ml","সিরাপ","একক","Specific combined vitamin preparations","Somatec Pharmaceuticals Ltd.","62.18","62.18","OTC"
"B-Sol","B-Sol","Balanced Salt Solution","","Irrigation Solution","একক","Irrigation during various surgical procedures","Popular Pharmaceuticals Ltd.","250","250","OTC"
"B-Vit 4 5 mg+2 mg+2 mg+20 mg","B-Vit 4 5 mg+2 mg+2 mg+20 mg","Vitamin B complex","5 mg+2 mg+2 mg+20 mg","ট্যাবলেট","একক","Specific combined vitamin preparations","Cosmic Pharma Ltd.","86","86","OTC"
"B-Z","B-Z","Vitamin B Complex + Zinc","","ট্যাবলেট","1 x 30","Specific mineral & vitamin combined preparations","Ad-din Pharmaceuticals Ltd.","3.5","3.5","OTC"
"B-Zn 10 mg/5 ml","B-Zn 10 mg/5 ml","Zinc Sulfate Monohydrate","10 mg/5 ml","সিরাপ","একক","Specific mineral preparations, Vaccines, Anti-sera & Immunoglobulin","Benham Pharmaceuticals Ltd.","50","50","OTC"
"B.Well (PRO-35) Digital blood pressure monitor","B.Well (PRO-35) Digital blood pressure monitor","BP monitoring device","","BP Monitor Device","একক","","B.Well Swiss","4599","4599","OTC"
"B126 100 mg+200 mg+200 mcg","B126 100 mg+200 mg+200 mcg","Vitamin B1, B6 & B12","100 mg+200 mg+200 mcg","ট্যাবলেট","6 x 10","Specific combined vitamin preparations","Popular Pharmaceuticals Ltd.","12","12","OTC"
"B3 100 mg+200 mg+200 mcg","B3 100 mg+200 mg+200 mcg","Vitamin B1, B6 & B12","100 mg+200 mg+200 mcg","ট্যাবলেট","6 x 10","Specific combined vitamin preparations","Al-Madina Pharmaceuticals Ltd.","7","7","OTC"
"Babiz","Babiz","Vitamin B Complex + Zinc","","সিরাপ","একক","Specific mineral & vitamin combined preparations","Rangs Pharmaceuticals Ltd.","50","50","OTC"
"Baby Diaper (Medium)","বেবি ডায়াপার (মিডিয়াম)","ডায়াপার","","Pack","৩৪ পিস","","P&G","1150","1350","OTC"
"Baby Diaper Pants (M)","বেবি ডায়াপার প্যান্টস (M)","Baby Care","","ডায়াপার","৩৪ পিস","","Pampers","1120","1350","OTC"
"Baby Lotion","বেবি লোশন","লোশন","","Bottle","২০০ মি.লি.","","Johnson & Johnson","420","490","OTC"
"Baby Lotion 200ml","বেবি লোশন ২০০ মি.লি.","Baby Care","200ml","লোশন","২০০ মি.লি.","","Johnson's","470","550","OTC"
"Baby saline 0.225%+5%","Baby saline 0.225%+5%","Sodium Chloride + Dextrose","0.225%+5%","আইভি ইনফিউশন","একক","Intravenous fluid preparations, Parenteral nutritional preparations","Libra Infusions Ltd.","55.2","55.2","Rx"
"Baby Wipes","বেবি ওয়াইপস","ওয়াইপস","","Pack","৮০ পিস","","Johnson & Johnson","380","450","OTC"
"Baby Zinc 20 mg","Baby Zinc 20 mg","Zinc Sulfate Monohydrate","20 mg","Dispersible Tablet","10 x 10","Specific mineral preparations, Vaccines, Anti-sera & Immunoglobulin","ACME Laboratories Ltd.","1.9","1.9","OTC"
"Babykion 2 mg/0.2 ml","Babykion 2 mg/0.2 ml","Phytomenadione (Injection)","2 mg/0.2 ml","ইনজেকশন","1 x 5","Vitamin-K Preparations","Chemist Laboratories  Ltd.","20","20","Rx"
"Babysol 0.225%+5%","Babysol 0.225%+5%","Sodium Chloride + Dextrose","0.225%+5%","আইভি ইনফিউশন","একক","Intravenous fluid preparations, Parenteral nutritional preparations","OSL Pharma Limited","72.23","72.23","Rx"
"Babysol Junior 0.45%+5%","Babysol Junior 0.45%+5%","Sodium Chloride + Dextrose","0.45%+5%","আইভি ইনফিউশন","একক","Intravenous fluid preparations, Parenteral nutritional preparations","OSL Pharma Limited","73.38","73.38","Rx"
"Bacaid 10 mg","Bacaid 10 mg","Baclofen","10 mg","ট্যাবলেট","3 x 10","Centrally acting Skeletal Muscle Relaxants","Labaid Pharma Ltd.","11","11","OTC"
"Bacaid 5 mg","Bacaid 5 mg","Baclofen","5 mg","ট্যাবলেট","3 x 10","Centrally acting Skeletal Muscle Relaxants","Labaid Pharma Ltd.","5.5","5.5","OTC"
"Bacben 10 mg","Bacben 10 mg","Baclofen","10 mg","ট্যাবলেট","3 x 10","Centrally acting Skeletal Muscle Relaxants","Benham Pharmaceuticals Ltd.","8","8","OTC"
"Bacifen 10 mg","Bacifen 10 mg","Baclofen","10 mg","ট্যাবলেট","3 x 10","Centrally acting Skeletal Muscle Relaxants","Biopharma Limited","9.5","9.5","OTC"
"Bacilex 200 mg","Bacilex 200 mg","Pivmecillinam","200 mg","ট্যাবলেট","2 x 10","Narrow spectrum penicillin","Pharmadesh Laboratories Ltd.","18","18","OTC"
"Backtone 10 mg","Backtone 10 mg","Baclofen","10 mg","ট্যাবলেট","3 x 10","Centrally acting Skeletal Muscle Relaxants","Pharmacil Limited","10.03","10.03","OTC"
"Backtone 5 mg","Backtone 5 mg","Baclofen","5 mg","ট্যাবলেট","5 x 10","Centrally acting Skeletal Muscle Relaxants","Pharmacil Limited","5.5","5.5","OTC"
"Baclax 10 mg","Baclax 10 mg","Baclofen","10 mg","ট্যাবলেট","3 x 10","Centrally acting Skeletal Muscle Relaxants","Silco Pharmaceutical Ltd.","8","8","OTC"
"Baclium 10 mg","Baclium 10 mg","Baclofen","10 mg","ট্যাবলেট","30's pack","Centrally acting Skeletal Muscle Relaxants","Virgo Pharmaceuticals Ltd.","8","8","OTC"
"Baclobac 10 mg","Baclobac 10 mg","Baclofen","10 mg","ট্যাবলেট","3 x 10","Centrally acting Skeletal Muscle Relaxants","Pharmasia Limited","8.03","8.03","OTC"
"Baclobac 5 mg","Baclobac 5 mg","Baclofen","5 mg","ট্যাবলেট","3 x 10","Centrally acting Skeletal Muscle Relaxants","Pharmasia Limited","4.52","4.52","OTC"
"Baclodol 10 mg","Baclodol 10 mg","Baclofen","10 mg","ট্যাবলেট","3 x 10","Centrally acting Skeletal Muscle Relaxants","Astra Biopharmaceuticals Ltd.","8.03","8.03","OTC"
"Baclof 10 mg","Baclof 10 mg","Baclofen","10 mg","ট্যাবলেট","3 x 10","Centrally acting Skeletal Muscle Relaxants","Pacific Pharmaceuticals Ltd.","9.5","9.5","OTC"
"Baclof 5 mg","Baclof 5 mg","Baclofen","5 mg","ট্যাবলেট","3 x 10","Centrally acting Skeletal Muscle Relaxants","Pacific Pharmaceuticals Ltd.","5","5","OTC"
"Baclofen 10 mg","Baclofen 10 mg","Baclofen","10 mg","ট্যাবলেট","20's pack","Centrally acting Skeletal Muscle Relaxants","Amico Laboratories Ltd.","7","7","OTC"
"Bacloflex 10 mg","Bacloflex 10 mg","Baclofen","10 mg","ট্যাবলেট","3 x 10","Centrally acting Skeletal Muscle Relaxants","Somatec Pharmaceuticals Ltd.","8","8","OTC"
"Baclomark 10 mg","Baclomark 10 mg","Baclofen","10 mg","ট্যাবলেট","30's pack","Centrally acting Skeletal Muscle Relaxants","Hallmark Pharmaceuticals Ltd.","6.02","6.02","OTC"
"Baclomax 10 mg","Baclomax 10 mg","Baclofen","10 mg","ট্যাবলেট","3 x 10","Centrally acting Skeletal Muscle Relaxants","Veritas Pharmaceuticals Ltd.","10","10","OTC"
"Baclon 10 mg","Baclon 10 mg","Baclofen","10 mg","ট্যাবলেট","3 x 10","Centrally acting Skeletal Muscle Relaxants","Orion Pharma Ltd.","11","11","OTC"
"Baclon 5 mg","Baclon 5 mg","Baclofen","5 mg","ট্যাবলেট","5 x 10","Centrally acting Skeletal Muscle Relaxants","Orion Pharma Ltd.","5.5","5.5","OTC"
"Baclosic 10 mg","Baclosic 10 mg","Baclofen","10 mg","ট্যাবলেট","3 x 10","Centrally acting Skeletal Muscle Relaxants","Physic pharmaceuticals ltd.","9","9","OTC"
"Bacmax 10 mg","Bacmax 10 mg","Baclofen","10 mg","ট্যাবলেট","2 x 14","Centrally acting Skeletal Muscle Relaxants","Drug International Ltd.","8","8","OTC"
"Bacmax 5 mg","Bacmax 5 mg","Baclofen","5 mg","ট্যাবলেট","4 x 14","Centrally acting Skeletal Muscle Relaxants","Drug International Ltd.","4.5","4.5","OTC"
"Bacnil 500 mg","Bacnil 500 mg","Levofloxacin Hemihydrate","500 mg","ট্যাবলেট","20's pack","4-Quinolone preparations","Rephco Pharmaceuticals Ltd.","15","15","OTC"
"Bacofen 10 mg","Bacofen 10 mg","Baclofen","10 mg","ট্যাবলেট","3 x 10","Centrally acting Skeletal Muscle Relaxants","The IBN SINA Pharmaceutical PLC","9","9","OTC"
"Bacofen 5 mg","Bacofen 5 mg","Baclofen","5 mg","ট্যাবলেট","5 x 10","Centrally acting Skeletal Muscle Relaxants","The IBN SINA Pharmaceutical PLC","5","5","OTC"
"Bacron 2% w/w","Bacron 2% w/w","Mupirocin","2% w/w","অয়েন্টমেন্ট","একক","Topical Antibiotic preparations","Biopharma Limited","140","140","OTC"
"Bacspa 10 mg","Bacspa 10 mg","Baclofen","10 mg","ট্যাবলেট","3 x 10","Centrally acting Skeletal Muscle Relaxants","Apex Pharma Ltd.","8","8","OTC"
"Bactab 10 mg","Bactab 10 mg","Baclofen","10 mg","ট্যাবলেট","3 x 10","Centrally acting Skeletal Muscle Relaxants","Rangs Pharmaceuticals Ltd.","8.03","8.03","OTC"
"Bactacef 125 mg/5 ml","Bactacef 125 mg/5 ml","Cephradine","125 mg/5 ml","পাউডার সাসপেনশন","একক","First generation cephalosporins","Silco Pharmaceutical Ltd.","80","80","OTC"
"Bactacef 500 mg","Bactacef 500 mg","Cephradine","500 mg","ক্যাপসুল","5 x 4","First generation cephalosporins","Silco Pharmaceutical Ltd.","12.5","12.5","OTC"
"Bactacef DS 250 mg/5 ml","Bactacef DS 250 mg/5 ml","Cephradine","250 mg/5 ml","পাউডার সাসপেনশন","একক","First generation cephalosporins","Silco Pharmaceutical Ltd.","120","120","OTC"
"Bactamox 125 mg/1.25 ml","Bactamox 125 mg/1.25 ml","Amoxicillin Trihydrate","125 mg/1.25 ml","Pediatric Drops","একক","Broad spectrum penicillins","Renata PLC","35","35","OTC"
"Bactamox 125 mg/5 ml","Bactamox 125 mg/5 ml","Amoxicillin Trihydrate","125 mg/5 ml","পাউডার সাসপেনশন","একক","Broad spectrum penicillins","Renata PLC","70","70","OTC"
"Bactamox 250 mg","Bactamox 250 mg","Amoxicillin Trihydrate","250 mg","ট্যাবলেট","10 x 10","Broad spectrum penicillins","Renata PLC","4","4","OTC"
"Bactamox 500 mg","Bactamox 500 mg","Amoxicillin Trihydrate","500 mg","ট্যাবলেট","5 x 10","Broad spectrum penicillins","Renata PLC","7.5","7.5","OTC"
"Bactazim 100 mg/5 ml","Bactazim 100 mg/5 ml","Cefixime Trihydrate","100 mg/5 ml","পাউডার সাসপেনশন","একক","Third generation cephalosporins","Silco Pharmaceutical Ltd.","195","195","OTC"
"Bactazim 200 mg","Bactazim 200 mg","Cefixime Trihydrate","200 mg","ক্যাপসুল","4 x 4","Third generation cephalosporins","Silco Pharmaceutical Ltd.","35","35","OTC"
"Bactazim 400 mg","Bactazim 400 mg","Cefixime Trihydrate","400 mg","ক্যাপসুল","2 x 4","Third generation cephalosporins","Silco Pharmaceutical Ltd.","50","50","OTC"
"Bactikil 125 mg/5 ml","Bactikil 125 mg/5 ml","Cefuroxime Axetil","125 mg/5 ml","পাউডার সাসপেনশন","একক","Second generation cephalosporins","Edruc Limited","198","198","OTC"
"Bactikil 250 mg","Bactikil 250 mg","Cefuroxime Axetil","250 mg","ট্যাবলেট","18's pack","Second generation cephalosporins","Edruc Limited","25","25","OTC"
"Bactikil 500 mg","Bactikil 500 mg","Cefuroxime Axetil","500 mg","ট্যাবলেট","8's pack","Second generation cephalosporins","Edruc Limited","45","45","OTC"
"Bactin 0.3%","Bactin 0.3%","Ciprofloxacin (Ophthalmic)","0.3%","Ophthalmic Solution","একক","4-Quinolone preparations, Aural Anti-bacterial preparations, Ophthalmic antibacterial drugs","The IBN SINA Pharmaceutical PLC","35.14","35.14","OTC"
"Bactin 0.3%","Bactin 0.3%","Ciprofloxacin (Ophthalmic)","0.3%","Ophthalmic Ointment","একক","4-Quinolone preparations, Aural Anti-bacterial preparations, Ophthalmic antibacterial drugs","The IBN SINA Pharmaceutical PLC","35","35","OTC"
"Bactin 200 mg/100 ml","Bactin 200 mg/100 ml","Ciprofloxacin","200 mg/100 ml","আইভি ইনফিউশন","একক","4-Quinolone preparations, Anti-diarrhoeal antimicrobial drugs","The IBN SINA Pharmaceutical PLC","145","145","Rx"
"Bactin 250 mg","Bactin 250 mg","Ciprofloxacin","250 mg","ট্যাবলেট","2 x 10","4-Quinolone preparations, Anti-diarrhoeal antimicrobial drugs","The IBN SINA Pharmaceutical PLC","8.5","8.5","OTC"
"Bactin 250 mg/5 ml","Bactin 250 mg/5 ml","Ciprofloxacin","250 mg/5 ml","পাউডার সাসপেনশন","একক","4-Quinolone preparations, Anti-diarrhoeal antimicrobial drugs","The IBN SINA Pharmaceutical PLC","110","110","OTC"
"Bactin 500 mg","Bactin 500 mg","Ciprofloxacin","500 mg","ট্যাবলেট","3 x 10","4-Quinolone preparations, Anti-diarrhoeal antimicrobial drugs","The IBN SINA Pharmaceutical PLC","16","16","OTC"
"Bactin 750 mg","Bactin 750 mg","Ciprofloxacin","750 mg","ট্যাবলেট","2 x 10","4-Quinolone preparations, Anti-diarrhoeal antimicrobial drugs","The IBN SINA Pharmaceutical PLC","18.06","18.06","OTC"
"Bactin D 0.3%+0.1%","Bactin D 0.3%+0.1%","Ciprofloxacin + Dexamethasone","0.3%+0.1%","Ophthalmic Solution","একক","Aural steroid & antibiotic combined preparations","The IBN SINA Pharmaceutical PLC","75.28","75.28","OTC"
"Bactin HC 0.3%+1%","Bactin HC 0.3%+1%","Ciprofloxacin + Hydrocortisone Acetate","0.3%+1%","Ophthalmic Suspension","একক","Aural steroid & antibiotic combined preparations","The IBN SINA Pharmaceutical PLC","90","90","OTC"
"Bactoderm 2% w/w","Bactoderm 2% w/w","Mupirocin","2% w/w","অয়েন্টমেন্ট","একক","Topical Antibiotic preparations","UniMed UniHealth Pharmaceuticals Ltd.","180","180","OTC"
"Bactokil 125 mg/5 ml","Bactokil 125 mg/5 ml","Cephradine","125 mg/5 ml","পাউডার সাসপেনশন","একক","First generation cephalosporins","Virgo Pharmaceuticals Ltd.","80","80","OTC"
"Bactokil 250 mg","Bactokil 250 mg","Cephradine","250 mg","ক্যাপসুল","24's pack","First generation cephalosporins","Virgo Pharmaceuticals Ltd.","6.5","6.5","OTC"
"Bactokil 500 mg","Bactokil 500 mg","Cephradine","500 mg","ক্যাপসুল","24's pack","First generation cephalosporins","Virgo Pharmaceuticals Ltd.","12.5","12.5","OTC"
"Bactolev 1.5%","Bactolev 1.5%","Levofloxacin (Eye/Ear)","1.5%","Ophthalmic Solution","একক","","UNIDO Pharmaceuticals Ltd.","130","130","OTC"
"Bactovate 0.1%+0.5%","Bactovate 0.1%+0.5%","Betamethasone + Neomycin Sulphate (Topical)","0.1%+0.5%","ক্রিম","একক","Aural steroid & antibiotic combined preparations","Jenphar Bangladesh Ltd.","22","22","OTC"
"Bactover 2% w/w","Bactover 2% w/w","Mupirocin","2% w/w","অয়েন্টমেন্ট","একক","Topical Antibiotic preparations","Beacon Pharmaceuticals PLC","150","150","OTC"
"Bactriben 2% w/w","Bactriben 2% w/w","Mupirocin","2% w/w","অয়েন্টমেন্ট","একক","Topical Antibiotic preparations","DBL Pharmaceuticals Ltd.","180","180","OTC"
"Bactriben 2% w/w","Bactriben 2% w/w","Mupirocin","2% w/w","ক্রিম","একক","Topical Antibiotic preparations","DBL Pharmaceuticals Ltd.","200","200","OTC"
"Bactrobex 2% w/w","Bactrobex 2% w/w","Mupirocin","2% w/w","অয়েন্টমেন্ট","একক","Topical Antibiotic preparations","Beximco Pharmaceuticals Ltd.","140.42","140.42","OTC"
"Bactrocin 2% w/w","Bactrocin 2% w/w","Mupirocin","2% w/w","অয়েন্টমেন্ট","একক","Topical Antibiotic preparations","Square Pharmaceuticals PLC","150","150","OTC"
"Bactropen 2% w/w","Bactropen 2% w/w","Mupirocin","2% w/w","অয়েন্টমেন্ট","একক","Topical Antibiotic preparations","NIPRO JMI Pharma Ltd.","140","140","OTC"
"Bakticef 1 gm/vial","Bakticef 1 gm/vial","Ceftriaxone Sodium","1 gm/vial","IV Injection","একক","Third generation cephalosporins","OSL Pharma Limited","220","220","OTC"
"Bakticef 2 gm/vial","Bakticef 2 gm/vial","Ceftriaxone Sodium","2 gm/vial","IV Injection","একক","Third generation cephalosporins","OSL Pharma Limited","350","350","OTC"
"Bakticef 500 mg/vial","Bakticef 500 mg/vial","Ceftriaxone Sodium","500 mg/vial","IM Injection","একক","Third generation cephalosporins","OSL Pharma Limited","155","155","OTC"
"Balancia 500 mg","Balancia 500 mg","Citicoline Sodium","500 mg","ট্যাবলেট","1 x 10","CNS stimulant drugs","Aristopharma Ltd.","50","50","OTC"
"Balo 10 mg","Balo 10 mg","Baclofen","10 mg","ট্যাবলেট","3 x 10","Centrally acting Skeletal Muscle Relaxants","Medicon Pharmaceuticals Ltd.","8","8","OTC"
"Balovir 40 mg","Balovir 40 mg","Baloxavir Marboxil","40 mg","ট্যাবলেট","একক","Respiratory viral infections (Influenza)","ACME Laboratories Ltd.","360","360","OTC"
"Baloxa 20 mg","Baloxa 20 mg","Baloxavir Marboxil","20 mg","ট্যাবলেট","একক","Respiratory viral infections (Influenza)","Beximco Pharmaceuticals Ltd.","300","300","OTC"
"Baloxa 40 mg","Baloxa 40 mg","Baloxavir Marboxil","40 mg","ট্যাবলেট","একক","Respiratory viral infections (Influenza)","Beximco Pharmaceuticals Ltd.","500","500","OTC"
"Bangay 30%+8%","Bangay 30%+8%","Methyl Salicylate + Menthol","30%+8%","ক্রিম","একক","Local Antipruritic, Topical Analgesics, Topical anti-inflammatory preparations","Sharif Pharmaceuticals Ltd.","40.12","40.12","OTC"
"Bangay Ultra 30%+10%+4%","Bangay Ultra 30%+10%+4%","Methyl Salicylate + Menthol + Camphor","30%+10%+4%","ক্রিম","একক","Topical anti-inflammatory preparations","Sharif Pharmaceuticals Ltd.","95.29","95.29","OTC"
"Bantovet 0.1%","Bantovet 0.1%","Betamethasone Valerate","0.1%","ক্রিম","একক","Corticosteroid","DBL Pharmaceuticals Ltd.","44","44","OTC"
"Bantovet 0.1%","Bantovet 0.1%","Betamethasone Valerate","0.1%","অয়েন্টমেন্ট","একক","Corticosteroid","DBL Pharmaceuticals Ltd.","48","48","OTC"
"Bantovet-CL 0.05%+1%","Bantovet-CL 0.05%+1%","Betamethasone + Clotrimazole","0.05%+1%","ক্রিম","একক","Betamethasone & Combined preparations","DBL Pharmaceuticals Ltd.","45","45","OTC"
"Bantovet-CL 0.1%+1%","Bantovet-CL 0.1%+1%","Betamethasone + Clotrimazole","0.1%+1%","অয়েন্টমেন্ট","একক","Betamethasone & Combined preparations","DBL Pharmaceuticals Ltd.","45","45","OTC"
"Bantovet-N 0.1%+0.5%","Bantovet-N 0.1%+0.5%","Betamethasone + Neomycin Sulphate (Topical)","0.1%+0.5%","ক্রিম","একক","Aural steroid & antibiotic combined preparations","DBL Pharmaceuticals Ltd.","35","35","OTC"
"Bantovet-N 0.1%+0.5%","Bantovet-N 0.1%+0.5%","Betamethasone + Neomycin Sulphate (Topical)","0.1%+0.5%","অয়েন্টমেন্ট","একক","Aural steroid & antibiotic combined preparations","DBL Pharmaceuticals Ltd.","40","40","OTC"
"Banxyt 0.5 mg+10 mg","Banxyt 0.5 mg+10 mg","Flupentixol + Melitracen","0.5 mg+10 mg","ট্যাবলেট","100's pack","Combined anxiolytics & anti-depressant drugs","Bristol Pharmaceuticals Ltd.","3.5","3.5","OTC"
"Barbit 200 mg/ml","Barbit 200 mg/ml","Phenobarbital","200 mg/ml","ইনজেকশন","1 x 5","Adjunct anti-epileptic drugs, Barbiturates","Incepta Pharmaceuticals Ltd.","16","16","Rx"
"Barbit 30 mg","Barbit 30 mg","Phenobarbital","30 mg","ট্যাবলেট","10 x 10","Adjunct anti-epileptic drugs, Barbiturates","Incepta Pharmaceuticals Ltd.","1","1","OTC"
"Barbit 60 mg","Barbit 60 mg","Phenobarbital","60 mg","ট্যাবলেট","10 x 10","Adjunct anti-epileptic drugs, Barbiturates","Incepta Pharmaceuticals Ltd.","1.5","1.5","OTC"
"Barbit Elixir 20 mg/5 ml","Barbit Elixir 20 mg/5 ml","Phenobarbital","20 mg/5 ml","Oral Solution","একক","Adjunct anti-epileptic drugs, Barbiturates","Incepta Pharmaceuticals Ltd.","43","43","OTC"
"Barcavir 0.5 mg","Barcavir 0.5 mg","Entecavir Monohydrate","0.5 mg","ট্যাবলেট","2 x 10","Hepatic viral infections (Hepatitis B)","Incepta Pharmaceuticals Ltd.","48","48","OTC"
"Barcavir 1 mg","Barcavir 1 mg","Entecavir Monohydrate","1 mg","ট্যাবলেট","2 x 10","Hepatic viral infections (Hepatitis B)","Incepta Pharmaceuticals Ltd.","90","90","OTC"
"Baricent 2 mg","Baricent 2 mg","Baricitinib","2 mg","ট্যাবলেট","2 x 10","Immunosuppressant","Incepta Pharmaceuticals Ltd.","25","25","OTC"
"Baricent 4 mg","Baricent 4 mg","Baricitinib","4 mg","ট্যাবলেট","2 x 7","Immunosuppressant","Incepta Pharmaceuticals Ltd.","40","40","OTC"
"Baricit 2 mg","Baricit 2 mg","Baricitinib","2 mg","ট্যাবলেট","3 x 10","Immunosuppressant","Delta Pharma Ltd.","20","20","OTC"
"Baricit 4 mg","Baricit 4 mg","Baricitinib","4 mg","ট্যাবলেট","1 x 10","Immunosuppressant","Delta Pharma Ltd.","30","30","OTC"
"Barif 40 mg","Barif 40 mg","Febuxostat","40 mg","ট্যাবলেট","3 x 10","Drugs used in Gout","Square Pharmaceuticals PLC","12.03","12.03","OTC"
"Barinez 2 mg","Barinez 2 mg","Baricitinib","2 mg","ট্যাবলেট","1 x 15","Immunosuppressant","Beacon Pharmaceuticals PLC","25","25","OTC"
"Barinib 2 mg","Barinib 2 mg","Baricitinib","2 mg","ট্যাবলেট","1 x 10","Immunosuppressant","Drug International Ltd.","25","25","OTC"
"Barinib 4 mg","Barinib 4 mg","Baricitinib","4 mg","ট্যাবলেট","1 x 10","Immunosuppressant","Drug International Ltd.","40","40","OTC"
"Barinix 2 mg","Barinix 2 mg","Baricitinib","2 mg","ট্যাবলেট","1 x 10","Immunosuppressant","ACME Laboratories Ltd.","25","25","OTC"
"Baritab 2 mg","Baritab 2 mg","Baricitinib","2 mg","ট্যাবলেট","1 x 10","Immunosuppressant","Eskayef Pharmaceuticals Ltd.","25","25","OTC"
"Baritinib 2 mg","Baritinib 2 mg","Baricitinib","2 mg","ট্যাবলেট","1 x 10","Immunosuppressant","Healthcare Pharmaceuticals Ltd.","25","25","OTC"
"Baritor 2 mg","Baritor 2 mg","Baricitinib","2 mg","ট্যাবলেট","2 x 10","Immunosuppressant","Square Pharmaceuticals PLC","25","25","OTC"
"Barixen 2 mg","Barixen 2 mg","Baricitinib","2 mg","ট্যাবলেট","2 x 10","Immunosuppressant","Everest Pharmaceuticals Ltd.","25","25","OTC"
"Barri 2 mg","Barri 2 mg","Baricitinib","2 mg","ট্যাবলেট","1 x 15","Immunosuppressant","Beximco Pharmaceuticals Ltd.","25","25","OTC"
"Barri 4 mg","Barri 4 mg","Baricitinib","4 mg","ট্যাবলেট","1 x 15","Immunosuppressant","Beximco Pharmaceuticals Ltd.","40","40","OTC"
"Bavencio 20 mg/ml","Bavencio 20 mg/ml","Avelumab","20 mg/ml","SC Injection","একক","","Janata Traders","94195","94195","OTC"
"Bazoka 5 mg+20 mg","Bazoka 5 mg+20 mg","Amlodipine Besilate + Olmesartan Medoxomil","5 mg+20 mg","ট্যাবলেট","3 x 10","Combined antihypertensive preparations","Chemist Laboratories  Ltd.","10","10","OTC"
"BC-Card 5 mg+50 mg","BC-Card 5 mg+50 mg","Amlodipine Besilate + Atenolol","5 mg+50 mg","ট্যাবলেট","5 x 10","Combined antihypertensive preparations","Al-Madina Pharmaceuticals Ltd.","6","6","OTC"
"BD Micro Fine + 4 mm","BD Micro Fine + 4 mm","Insulin device & needle","","Pen Needle","100's pack","","International Agencies (Bd.) Limited","11.5","11.5","OTC"
"Bdflox 125 mg/5 ml","Bdflox 125 mg/5 ml","Flucloxacillin Sodium","125 mg/5 ml","পাউডার সাসপেনশন","একক","Narrow spectrum penicillin","Bengal drugs Ltd.","60","60","OTC"
"Bdflox 500 mg","Bdflox 500 mg","Flucloxacillin Sodium","500 mg","ক্যাপসুল","48's pack","Narrow spectrum penicillin","Bengal drugs Ltd.","10","10","OTC"
"Beclocort 100 mcg/puff","Beclocort 100 mcg/puff","Beclomethasone Dipropionate (Inhaler)","100 mcg/puff","Metered-Dose Inhaler (MDI)","একক","Respiratory corticosteroids","Aristopharma Ltd.","250","250","OTC"
"Beclocort 250 mcg/puff","Beclocort 250 mcg/puff","Beclomethasone Dipropionate (Inhaler)","250 mcg/puff","Metered-Dose Inhaler (MDI)","একক","Respiratory corticosteroids","Aristopharma Ltd.","350","350","OTC"
"Beclomin 100 mcg/puff","Beclomin 100 mcg/puff","Beclomethasone Dipropionate (Inhaler)","100 mcg/puff","Metered-Dose Inhaler (MDI)","একক","Respiratory corticosteroids","Square Pharmaceuticals PLC","270.82","270.82","OTC"
"Beclomin 250 mcg/puff","Beclomin 250 mcg/puff","Beclomethasone Dipropionate (Inhaler)","250 mcg/puff","Metered-Dose Inhaler (MDI)","একক","Respiratory corticosteroids","Square Pharmaceuticals PLC","320.96","320.96","OTC"
"Beclovan 10 mg","Beclovan 10 mg","Baclofen","10 mg","ট্যাবলেট","3 x 10","Centrally acting Skeletal Muscle Relaxants","Aristopharma Ltd.","8","8","OTC"
"Beclovan 5 mg","Beclovan 5 mg","Baclofen","5 mg","ট্যাবলেট","3 x 10","Centrally acting Skeletal Muscle Relaxants","Aristopharma Ltd.","5.5","5.5","OTC"
"Becobion (100 mg+100 mg+1 mg)/3 ml","Becobion (100 mg+100 mg+1 mg)/3 ml","Vitamin B1, B6 & B12","100 mg+100 mg+1 mg)/3 ml","IM Injection","1 x 5","Specific combined vitamin preparations","Beacon Pharmaceuticals PLC","25","25","OTC"
"Becobion 100 mg+200 mg+200 mcg","Becobion 100 mg+200 mg+200 mcg","Vitamin B1, B6 & B12","100 mg+200 mg+200 mcg","ট্যাবলেট","3 x 10","Specific combined vitamin preparations","Beacon Pharmaceuticals PLC","13","13","OTC"
"Beconex (5 mg+2 mg+2 mg+20 mg)/5 ml","Beconex (5 mg+2 mg+2 mg+20 mg)/5 ml","Vitamin B complex","5 mg+2 mg+2 mg+20 mg)/5 ml","সিরাপ","একক","Specific combined vitamin preparations","Renata PLC","35","35","OTC"
"Beconex ZI","Beconex ZI","Iron Polymaltose Complex + Vitamin B Complex + Zinc","","সিরাপ","একক","Iron & Vitamin Combined preparations","Renata PLC","30","30","OTC"
"Becoral D 500 mg+200 IU","Becoral D 500 mg+200 IU","Coral Calcium + Vitamin D3","500 mg+200 IU","ট্যাবলেট","6 x 10","Specific mineral & vitamin combined preparations","Beximco Pharmaceuticals Ltd.","10","10","OTC"
"Becoral DX 600 mg+400 IU","Becoral DX 600 mg+400 IU","Coral Calcium + Vitamin D3","600 mg+400 IU","ট্যাবলেট","3 x 10","Specific mineral & vitamin combined preparations","Beximco Pharmaceuticals Ltd.","15","15","OTC"
"Becoral Kit 150 mg+600 mg+400 IU","Becoral Kit 150 mg+600 mg+400 IU","Ibandronic Acid + Coral Calcium + Vitamin D3","150 mg+600 mg+400 IU","ট্যাবলেট","একক","Bisphosphonate preparations","Beximco Pharmaceuticals Ltd.","2500","2500","OTC"
"Becoson (5 mg+2 mg+2 mg+20 mg)/5 ml","Becoson (5 mg+2 mg+2 mg+20 mg)/5 ml","Vitamin B complex","5 mg+2 mg+2 mg+20 mg)/5 ml","সিরাপ","একক","Specific combined vitamin preparations","Hudson Pharmaceuticals Ltd.","20.6","20.6","OTC"
"Becoson 5 mg+2 mg+2 mg+20 mg","Becoson 5 mg+2 mg+2 mg+20 mg","Vitamin B complex","5 mg+2 mg+2 mg+20 mg","ক্যাপসুল","200's pack","Specific combined vitamin preparations","Hudson Pharmaceuticals Ltd.","0.56","0.56","OTC"
"Becoson-M","Becoson-M","Multivitamin & Multimineral","","ট্যাবলেট","30's pack","Multi-vitamin & Multi-mineral combined preparations, Specific mineral & vitamin combined preparations","Hudson Pharmaceuticals Ltd.","1.5","1.5","OTC"
"Becospray 50 mcg/spray","Becospray 50 mcg/spray","Beclomethasone Dipropionate (Nasal Spray)","50 mcg/spray","নেজাল স্প্রে","একক","Nasal Steroid Preparations","Square Pharmaceuticals PLC","146","146","OTC"
"Becosules","Becosules","Vitamin B complex + Vitamin C","","ক্যাপসুল","16 x 6","Specific combined vitamin preparations","Renata PLC","2.5","2.5","OTC"
"Becosules Gold","Becosules Gold","Vitamin B complex + Vitamin C","","ক্যাপসুল","15 x 6","Specific combined vitamin preparations","Renata PLC","3.02","3.02","OTC"
"Becovent 100 mcg/puff","Becovent 100 mcg/puff","Beclomethasone Dipropionate (Inhaler)","100 mcg/puff","Metered-Dose Inhaler (MDI)","একক","Respiratory corticosteroids","Drug International Ltd.","250","250","OTC"
"Becovent 50 mcg/spray","Becovent 50 mcg/spray","Beclomethasone Dipropionate (Nasal Spray)","50 mcg/spray","নেজাল স্প্রে","একক","Nasal Steroid Preparations","Drug International Ltd.","146","146","OTC"
"Becovir 300 mg","Becovir 300 mg","Tenofovir Disoproxil","300 mg","ট্যাবলেট","8's pack","Drugs for HIV / Anti-retroviral drugs, Hepatic viral infections (Hepatitis B)","Beacon Pharmaceuticals PLC","85.25","85.25","OTC"
"Bederm 0.05%","Bederm 0.05%","Clobetasol Propionate","0.05%","ক্রিম","একক","Other Topical corticosteroids","Millat Pharmaceuticals Ltd.","35","35","OTC"
"Bedom 10 mg","Bedom 10 mg","Domperidone Maleate","10 mg","ট্যাবলেট","100's pack","Motility Stimulants, Motility stimulants/Dopamine antagonist, Prokinetic drugs","Bengal drugs Ltd.","2","2","OTC"
"Bedom 5 mg/5 ml","Bedom 5 mg/5 ml","Domperidone Maleate","5 mg/5 ml","Oral Suspension","একক","Motility Stimulants, Motility stimulants/Dopamine antagonist, Prokinetic drugs","Bengal drugs Ltd.","28","28","OTC"
"Beflam 400 mg","Beflam 400 mg","Ibuprofen (Oral)","400 mg","ট্যাবলেট","100's pack","Drugs for Osteoarthritis, Drugs used for Rheumatoid Arthritis, Non-steroidal Anti-inflammatory Drugs (NSAIDs)","Bengal drugs Ltd.","1.82","1.82","OTC"
"Beforte (5 mg+2 mg+2 mg+20 mg)/5 ml","Beforte (5 mg+2 mg+2 mg+20 mg)/5 ml","Vitamin B complex","5 mg+2 mg+2 mg+20 mg)/5 ml","সিরাপ","একক","Specific combined vitamin preparations","Doctor’s Chemical Works Ltd.","62","62","OTC"
"Beforte-Z","Beforte-Z","Vitamin B Complex + Zinc","","সিরাপ","একক","Specific mineral & vitamin combined preparations","Doctor’s Chemical Works Ltd.","45","45","OTC"
"Befree 10 mg","Befree 10 mg","Sodium Picosulfate","10 mg","ট্যাবলেট","3 x 10","Stimulant Laxative","Medicon Pharmaceuticals Ltd.","10","10","OTC"
"Befree 5 mg/5 ml","Befree 5 mg/5 ml","Sodium Picosulfate","5 mg/5 ml","Oral Solution","একক","Stimulant Laxative","Medicon Pharmaceuticals Ltd.","150","150","OTC"
"Began 500 mg+20 mg","Began 500 mg+20 mg","Naproxen Sodium + Esomeprazole Magnesium","500 mg+20 mg","Tablet (Delayed Release)","3 x 10","Drugs for Osteoarthritis, Drugs used for Rheumatoid Arthritis, Non-steroidal Anti-inflammatory Drugs (NSAIDs)","Belsen Pharmaceuticals Ltd.","15","15","OTC"
"Beklo 10 mg","Beklo 10 mg","Baclofen","10 mg","ট্যাবলেট","4 x 14","Centrally acting Skeletal Muscle Relaxants","Opsonin Pharma Ltd.","10","10","OTC"
"Beklo 25 mg","Beklo 25 mg","Baclofen","25 mg","ট্যাবলেট","2 x 14","Centrally acting Skeletal Muscle Relaxants","Opsonin Pharma Ltd.","20.14","20.14","OTC"
"Beklo 5 mg","Beklo 5 mg","Baclofen","5 mg","ট্যাবলেট","4 x 14","Centrally acting Skeletal Muscle Relaxants","Opsonin Pharma Ltd.","5.5","5.5","OTC"
"Beklo 5 mg/5 ml","Beklo 5 mg/5 ml","Baclofen","5 mg/5 ml","Oral Solution","একক","Centrally acting Skeletal Muscle Relaxants","Opsonin Pharma Ltd.","100","100","OTC"
"Belas 20 mg","Belas 20 mg","Bilastine","20 mg","ট্যাবলেট","3 x 10","Non-sedating antihistamines","Pacific Pharmaceuticals Ltd.","15","15","OTC"
"Belinta 60 mg","Belinta 60 mg","Ticagrelor","60 mg","ট্যাবলেট","2 x 10","Anti-platelet drugs","Ziska Pharmaceuticals Ltd.","35","35","OTC"
"Belinta 90 mg","Belinta 90 mg","Ticagrelor","90 mg","ট্যাবলেট","1 x 10","Anti-platelet drugs","Ziska Pharmaceuticals Ltd.","48","48","OTC"
"Belocef 125 mg/1.25 ml","Belocef 125 mg/1.25 ml","Cephradine","125 mg/1.25 ml","Pediatric Drops","একক","First generation cephalosporins","Amico Laboratories Ltd.","50","50","OTC"
"Belocef 125 mg/5 ml","Belocef 125 mg/5 ml","Cephradine","125 mg/5 ml","পাউডার সাসপেনশন","একক","First generation cephalosporins","Amico Laboratories Ltd.","80","80","OTC"
"Belocef 250 mg","Belocef 250 mg","Cephradine","250 mg","ক্যাপসুল","24's pack","First generation cephalosporins","Amico Laboratories Ltd.","12.05","12.05","OTC"
"Belocef DS 250 mg/5 ml","Belocef DS 250 mg/5 ml","Cephradine","250 mg/5 ml","পাউডার সাসপেনশন","একক","First generation cephalosporins","Amico Laboratories Ltd.","110","110","OTC"
"Belopid 180 mg","Belopid 180 mg","Bempedoic acid","180 mg","ট্যাবলেট","1 x 10","","Navana Pharmaceuticals Ltd.","30","30","OTC"
"Belox 500 mg","Belox 500 mg","Flucloxacillin Sodium","500 mg","ক্যাপসুল","5 x 4","Narrow spectrum penicillin","Benham Pharmaceuticals Ltd.","10","10","OTC"
"Beloxin 500 mg","Beloxin 500 mg","Levofloxacin Hemihydrate","500 mg","ট্যাবলেট","2 x 10","4-Quinolone preparations","Belsen Pharmaceuticals Ltd.","15","15","OTC"
"Belsar 10 mg","Belsar 10 mg","Olmesartan Medoxomil","10 mg","ট্যাবলেট","4 x 7","Angiotensin-ll receptor blocker","Beacon Pharmaceuticals PLC","6","6","OTC"
"Belsar 20 mg","Belsar 20 mg","Olmesartan Medoxomil","20 mg","ট্যাবলেট","4 x 7","Angiotensin-ll receptor blocker","Beacon Pharmaceuticals PLC","10","10","OTC"
"Belsar 40 mg","Belsar 40 mg","Olmesartan Medoxomil","40 mg","ট্যাবলেট","4 x 7","Angiotensin-ll receptor blocker","Beacon Pharmaceuticals PLC","18","18","OTC"
"Belsar Plus 20 mg+12.5 mg","Belsar Plus 20 mg+12.5 mg","Olmesartan Medoxomil + Hydrochlorothiazide","20 mg+12.5 mg","ট্যাবলেট","4 x 7","Combined antihypertensive preparations","Beacon Pharmaceuticals PLC","11.04","11.04","OTC"
"Belsar Plus 40 mg+12.5 mg","Belsar Plus 40 mg+12.5 mg","Olmesartan Medoxomil + Hydrochlorothiazide","40 mg+12.5 mg","ট্যাবলেট","4 x 7","Combined antihypertensive preparations","Beacon Pharmaceuticals PLC","17","17","OTC"
"Belsar-M 5 mg+20 mg","Belsar-M 5 mg+20 mg","Amlodipine Besilate + Olmesartan Medoxomil","5 mg+20 mg","ট্যাবলেট","4 x 7","Combined antihypertensive preparations","Beacon Pharmaceuticals PLC","12","12","OTC"
"Belsar-M 5 mg+40 mg","Belsar-M 5 mg+40 mg","Amlodipine Besilate + Olmesartan Medoxomil","5 mg+40 mg","ট্যাবলেট","4 x 7","Combined antihypertensive preparations","Beacon Pharmaceuticals PLC","20","20","OTC"
"Beltas 12.5 mg/5 ml","Beltas 12.5 mg/5 ml","Bilastine","12.5 mg/5 ml","Oral Solution","একক","Non-sedating antihistamines","Opsonin Pharma Ltd.","140","140","OTC"
"Beltas 20 mg","Beltas 20 mg","Bilastine","20 mg","ট্যাবলেট","3 x 14","Non-sedating antihistamines","Opsonin Pharma Ltd.","15","15","OTC"
"Beltas Kids 10 mg","Beltas Kids 10 mg","Bilastine","10 mg","Dispersible Tablet","3 x 14","Non-sedating antihistamines","Opsonin Pharma Ltd.","15","15","OTC"
"Bemodic 180 mg","Bemodic 180 mg","Bempedoic acid","180 mg","ট্যাবলেট","1 x 10","","Drug International Ltd.","30","30","OTC"
"Bempid 180 mg","Bempid 180 mg","Bempedoic acid","180 mg","ট্যাবলেট","1 x 10","","Eskayef Pharmaceuticals Ltd.","30","30","OTC"
"Bemsivir 5 mg/ml","Bemsivir 5 mg/ml","Remdesivir","5 mg/ml","আইভি ইনফিউশন","একক","Anti-viral drugs","Beximco Pharmaceuticals Ltd.","2000","2000","Rx"
"Bemvas 180 mg","Bemvas 180 mg","Bempedoic acid","180 mg","ট্যাবলেট","1 x 10","","Opsonin Pharma Ltd.","30","30","OTC"
"Ben-A 200 mg/5 ml","Ben-A 200 mg/5 ml","Albendazole","200 mg/5 ml","Oral Suspension","একক","Anthelmintic","ACME Laboratories Ltd.","23","23","OTC"
"Ben-A 400 mg","Ben-A 400 mg","Albendazole","400 mg","Chewable Tablet","25 x 1","Anthelmintic","ACME Laboratories Ltd.","5.01","5.01","OTC"
"Ben-Kof (20 mg+10 mg+2.5 mg)/5 ml","Ben-Kof (20 mg+10 mg+2.5 mg)/5 ml","Dextromethorphan + Phenylephrine + Triprolidine","20 mg+10 mg+2.5 mg)/5 ml","সিরাপ","একক","Combined cough suppressants","Benham Pharmaceuticals Ltd.","110","110","OTC"
"Bena-Flu 10 mg/5 ml","Bena-Flu 10 mg/5 ml","Diphenhydramine Hydrochloride","10 mg/5 ml","সিরাপ","একক","Sedating Anti-histamine","Cosmic Pharma Ltd.","35","35","OTC"
"Benadip 10 mg+20 mg","Benadip 10 mg+20 mg","Amlodipine Besilate + Benazepril Hydrochloride","10 mg+20 mg","ক্যাপসুল","7 x 4","Combined antihypertensive preparations","Incepta Pharmaceuticals Ltd.","10","10","OTC"
"Benadip 2.5 mg+10 mg","Benadip 2.5 mg+10 mg","Amlodipine Besilate + Benazepril Hydrochloride","2.5 mg+10 mg","ক্যাপসুল","7 x 4","Combined antihypertensive preparations","Incepta Pharmaceuticals Ltd.","4","4","OTC"
"Benadip 5 mg+10 mg","Benadip 5 mg+10 mg","Amlodipine Besilate + Benazepril Hydrochloride","5 mg+10 mg","ক্যাপসুল","7 x 4","Combined antihypertensive preparations","Incepta Pharmaceuticals Ltd.","6","6","OTC"
"Benadip 5 mg+20 mg","Benadip 5 mg+20 mg","Amlodipine Besilate + Benazepril Hydrochloride","5 mg+20 mg","ক্যাপসুল","7 x 4","Combined antihypertensive preparations","Incepta Pharmaceuticals Ltd.","8","8","OTC"
"Benalgin 120 mg/5 ml","Benalgin 120 mg/5 ml","Paracetamol","120 mg/5 ml","Oral Suspension","একক","Non-Opioid Analgesics","Benham Pharmaceuticals Ltd.","35","35","OTC"
"Benalgin Plus 500 mg+65 mg","Benalgin Plus 500 mg+65 mg","Paracetamol + Caffeine","500 mg+65 mg","ট্যাবলেট","10 x 10","Non-Opioid Analgesics","Benham Pharmaceuticals Ltd.","3","3","OTC"
"Benalgin XR 665 mg","Benalgin XR 665 mg","Paracetamol","665 mg","Tablet (Extended Release)","10 x 10","Non-Opioid Analgesics","Benham Pharmaceuticals Ltd.","2","2","OTC"
"Benazin 12.5 mg","Benazin 12.5 mg","Tetrabenazine","12.5 mg","ট্যাবলেট","3 x 10","Atypical neuroleptic drugs","Renata PLC","20","20","OTC"
"Benazin 25 mg","Benazin 25 mg","Tetrabenazine","25 mg","ট্যাবলেট","3 x 10","Atypical neuroleptic drugs","Renata PLC","35","35","OTC"
"Bencart 250 mg+200 mg","Bencart 250 mg+200 mg","Glucosamine Sulfate + Chondroitin","250 mg+200 mg","ট্যাবলেট","5 x 10","Stimulation of Cartilage formation","Benham Pharmaceuticals Ltd.","8","8","OTC"
"Benda DS 400 mg","Benda DS 400 mg","Albendazole","400 mg","Chewable Tablet","50's pack","Anthelmintic","Bristol Pharmaceuticals Ltd.","3.5","3.5","OTC"
"Bendafolin 10 mg/ml","Bendafolin 10 mg/ml","Folinic Acid","10 mg/ml","IM/IV Injection","একক","Supportive Care Therapy","ZAS Corporation","2550","2550","OTC"
"Bendamax 25 mg/vial","Bendamax 25 mg/vial","Bendamustine","25 mg/vial","আইভি ইনফিউশন","একক","Cytotoxic Chemotherapy","Beacon Pharmaceuticals PLC","1200","1200","Rx"
"Bendil 2%+0.1%","Bendil 2%+0.1%","Diphenhydramine Hydrochloride + Zinc Acetate","2%+0.1%","ক্রিম","একক","Local Antipruritic, Topical Antihistamines","Alco Pharma Ltd.","22","22","OTC"
"Bendopa 100 mg+25 mg","Bendopa 100 mg+25 mg","Levodopa + Benserazide","100 mg+25 mg","Dispersible Tablet","5 x 6","Antiparkinson drugs","Renata PLC","18","18","OTC"
"Bendopa 200 mg+50 mg","Bendopa 200 mg+50 mg","Levodopa + Benserazide","200 mg+50 mg","Dispersible Tablet","5 x 6","Antiparkinson drugs","Renata PLC","25","25","OTC"
"Bendopa 50 mg+12.5 mg","Bendopa 50 mg+12.5 mg","Levodopa + Benserazide","50 mg+12.5 mg","Dispersible Tablet","5 x 6","Antiparkinson drugs","Renata PLC","12","12","OTC"
"Benfast 400 mg","Benfast 400 mg","Albendazole","400 mg","Chewable Tablet","50's pack","Anthelmintic","Novo Healthcare and Pharma Ltd.","4.02","4.02","OTC"
"Benfloxin 500 mg","Benfloxin 500 mg","Levofloxacin Hemihydrate","500 mg","ট্যাবলেট","2 x 10","4-Quinolone preparations","Benham Pharmaceuticals Ltd.","17","17","OTC"
"Benformin 500 mg","Benformin 500 mg","Metformin Hydrochloride","500 mg","ট্যাবলেট","5 x 10","Biguanides","Benham Pharmaceuticals Ltd.","5","5","OTC"
"Benformin 850 mg","Benformin 850 mg","Metformin Hydrochloride","850 mg","ট্যাবলেট","5 x 10","Biguanides","Benham Pharmaceuticals Ltd.","6.5","6.5","OTC"
"Benidon 10 mg","Benidon 10 mg","Domperidone Maleate","10 mg","ট্যাবলেট","15 x 10","Motility Stimulants, Motility stimulants/Dopamine antagonist, Prokinetic drugs","Benham Pharmaceuticals Ltd.","4","4","OTC"
"Benidon 5 mg/5 ml","Benidon 5 mg/5 ml","Domperidone Maleate","5 mg/5 ml","Oral Suspension","একক","Motility Stimulants, Motility stimulants/Dopamine antagonist, Prokinetic drugs","Benham Pharmaceuticals Ltd.","40","40","OTC"
"Benkill 250 mg","Benkill 250 mg","Cefuroxime Axetil","250 mg","ট্যাবলেট","2 x 7","Second generation cephalosporins","Benham Pharmaceuticals Ltd.","25","25","OTC"
"Benkill 500 mg","Benkill 500 mg","Cefuroxime Axetil","500 mg","ট্যাবলেট","2 x 7","Second generation cephalosporins","Benham Pharmaceuticals Ltd.","45","45","OTC"
"Benkill CV 250 mg+62.5 mg","Benkill CV 250 mg+62.5 mg","Cefuroxime Axetil + Clavulanic Acid","250 mg+62.5 mg","ট্যাবলেট","2 x 7","Second generation cephalosporins","Benham Pharmaceuticals Ltd.","40","40","OTC"
"Benkill CV 500 mg+125 mg","Benkill CV 500 mg+125 mg","Cefuroxime Axetil + Clavulanic Acid","500 mg+125 mg","ট্যাবলেট","1 x 7","Second generation cephalosporins","Benham Pharmaceuticals Ltd.","60","60","OTC"
"Benkinson 100 mg+25 mg","Benkinson 100 mg+25 mg","Levodopa + Benserazide","100 mg+25 mg","ক্যাপসুল","3 x 10","Antiparkinson drugs","Incepta Pharmaceuticals Ltd.","12","12","OTC"
"Benkinson 200 mg+50 mg","Benkinson 200 mg+50 mg","Levodopa + Benserazide","200 mg+50 mg","ক্যাপসুল","2 x 10","Antiparkinson drugs","Incepta Pharmaceuticals Ltd.","18","18","OTC"
"Benkinson 50 mg+12.5 mg","Benkinson 50 mg+12.5 mg","Levodopa + Benserazide","50 mg+12.5 mg","ক্যাপসুল","3 x 10","Antiparkinson drugs","Incepta Pharmaceuticals Ltd.","8","8","OTC"
"Benkinson CR 100 mg+25 mg","Benkinson CR 100 mg+25 mg","Levodopa + Benserazide","100 mg+25 mg","Capsule (Controlled Release)","2 x 10","Antiparkinson drugs","Incepta Pharmaceuticals Ltd.","20","20","OTC"
"Benlor 5 mg","Benlor 5 mg","Desloratadine","5 mg","ট্যাবলেট","10 x 10","Non-sedating antihistamines","Benham Pharmaceuticals Ltd.","3.5","3.5","OTC"
"Benmet 200 mg/5 ml","Benmet 200 mg/5 ml","Metronidazole","200 mg/5 ml","Oral Suspension","একক","Amoebicides, Anti-diarrhoeal antiprotozoal","Pacific Pharmaceuticals Ltd.","35","35","OTC"
"Benmet 400 mg","Benmet 400 mg","Metronidazole","400 mg","ট্যাবলেট","10 x 10","Amoebicides, Anti-diarrhoeal antiprotozoal","Pacific Pharmaceuticals Ltd.","1.7","1.7","OTC"
"Benocef 125 mg/5 ml","Benocef 125 mg/5 ml","Cephradine","125 mg/5 ml","পাউডার সাসপেনশন","একক","First generation cephalosporins","Benham Pharmaceuticals Ltd.","90","90","OTC"
"Benocef 500 mg","Benocef 500 mg","Cephradine","500 mg","ক্যাপসুল","4 x 7","First generation cephalosporins","Benham Pharmaceuticals Ltd.","15","15","OTC"
"Benosol 25% w/v","Benosol 25% w/v","Benzyl Benzoate","25% w/v","Emulsion","একক","Parasiticidal preparations, Topical Antifungal preparations","Amico Laboratories Ltd.","35.25","35.25","OTC"
"Benostar 0.15%","Benostar 0.15%","Benzydamine Hydrochloride","0.15%","Mouthwash","একক","Topical anti-inflammatory preparations","Square Pharmaceuticals PLC","200","200","OTC"
"Benoxiclin 1%+5%","Benoxiclin 1%+5%","Clindamycin + Benzoyl peroxide","1%+5%","Topical Gel","একক","Benzoyl peroxide, Azelaic acid & other preparations","UniMed UniHealth Pharmaceuticals Ltd.","350","350","OTC"
"Benozol 1%","Benozol 1%","Brinzolamide","1%","Ophthalmic Suspension","একক","Drugs for miotics and glaucoma","Popular Pharmaceuticals Ltd.","550","550","OTC"
"Benozol BR 1%+0.2%","Benozol BR 1%+0.2%","Brinzolamide + Brimonidine Tartrate","1%+0.2%","Ophthalmic Suspension","একক","Drugs for miotics and glaucoma","Popular Pharmaceuticals Ltd.","700","700","OTC"
"Benozol PF 1%","Benozol PF 1%","Brinzolamide","1%","Ophthalmic Suspension","একক","Drugs for miotics and glaucoma","Popular Pharmaceuticals Ltd.","900","900","OTC"
"Benprox 250 mg/5 ml","Benprox 250 mg/5 ml","Ciprofloxacin","250 mg/5 ml","পাউডার সাসপেনশন","একক","4-Quinolone preparations, Anti-diarrhoeal antimicrobial drugs","Benham Pharmaceuticals Ltd.","100","100","OTC"
"Benprox 500 mg","Benprox 500 mg","Ciprofloxacin","500 mg","ট্যাবলেট","3 x 10","4-Quinolone preparations, Anti-diarrhoeal antimicrobial drugs","Benham Pharmaceuticals Ltd.","15","15","OTC"
"Benprox 750 mg","Benprox 750 mg","Ciprofloxacin","750 mg","ট্যাবলেট","3 x 6","4-Quinolone preparations, Anti-diarrhoeal antimicrobial drugs","Benham Pharmaceuticals Ltd.","18","18","OTC"
"Benquil 15 mg","Benquil 15 mg","Midazolam","15 mg","ট্যাবলেট","3 x 10","Benzodiazepine hypnotics, Benzodiazepine sedatives","Biopharma Limited","15","15","OTC"
"Benquil 7.5 mg","Benquil 7.5 mg","Midazolam","7.5 mg","ট্যাবলেট","3 x 10","Benzodiazepine hypnotics, Benzodiazepine sedatives","Biopharma Limited","8","8","OTC"
"Bensal 6%+3%","Bensal 6%+3%","Benzoic Acid + Salicylic Acid","6%+3%","অয়েন্টমেন্ট","একক","Other Antifungal preparations","Gaco Pharmaceuticals Ltd.","25","25","OTC"
"Benvit B (5 mg+2 mg+2 mg+20 mg)/5 ml","Benvit B (5 mg+2 mg+2 mg+20 mg)/5 ml","Vitamin B complex","5 mg+2 mg+2 mg+20 mg)/5 ml","সিরাপ","একক","Specific combined vitamin preparations","Benham Pharmaceuticals Ltd.","35","35","OTC"
"Benvit B 5 mg+2 mg+2 mg+20 mg","Benvit B 5 mg+2 mg+2 mg+20 mg","Vitamin B complex","5 mg+2 mg+2 mg+20 mg","ট্যাবলেট","1 x 60","Specific combined vitamin preparations","Benham Pharmaceuticals Ltd.","0.62","0.62","OTC"
"Benvit M","Benvit M","Multivitamin & Multimineral","","ট্যাবলেট","30's pack","Multi-vitamin & Multi-mineral combined preparations, Specific mineral & vitamin combined preparations","Benham Pharmaceuticals Ltd.","2","2","OTC"
"Benvit-Z","Benvit-Z","Vitamin B Complex + Zinc","","সিরাপ","একক","Specific mineral & vitamin combined preparations","Benham Pharmaceuticals Ltd.","50","50","OTC"
"Benvit-Z","Benvit-Z","Vitamin B Complex + Zinc","","ট্যাবলেট","1 x 30","Specific mineral & vitamin combined preparations","Benham Pharmaceuticals Ltd.","3","3","OTC"
"Benz 400 mg","Benz 400 mg","Albendazole","400 mg","Chewable Tablet","50's pack","Anthelmintic","Belsen Pharmaceuticals Ltd.","3.2","3.2","OTC"
"Benzabiol 25% w/v","Benzabiol 25% w/v","Benzyl Benzoate","25% w/v","Emulsion","একক","Parasiticidal preparations, Topical Antifungal preparations","Aztec Pharmaceuticals Ltd.","31","31","OTC"
"Benzac 4%","Benzac 4%","Benzoyl Peroxide","4%","ক্রিম","একক","Acne treatment preparations","Drug International Ltd.","150.45","150.45","OTC"
"Benzalic 6%+3%","Benzalic 6%+3%","Benzoic Acid + Salicylic Acid","6%+3%","অয়েন্টমেন্ট","একক","Other Antifungal preparations","Central Pharmaceuticals Ltd.","14","14","OTC"
"Benzapen 12 lac units/vial","Benzapen 12 lac units/vial","Benzathine Benzylpenicillin","","IM Injection","1 x 10","Narrow spectrum penicillin","Square Pharmaceuticals PLC","30","30","OTC"
"Benzenod 1.5 mg","Benzenod 1.5 mg","Rivastigmine Tartrate","1.5 mg","ক্যাপসুল","2 x 14","Drugs for Dementia","General Pharmaceuticals Ltd.","23","23","OTC"
"Benzenod 3 mg","Benzenod 3 mg","Rivastigmine Tartrate","3 mg","ক্যাপসুল","2 x 14","Drugs for Dementia","General Pharmaceuticals Ltd.","40","40","OTC"
"Benzit 0.5 mg+10 mg","Benzit 0.5 mg+10 mg","Flupentixol + Melitracen","0.5 mg+10 mg","ট্যাবলেট","10 x 10","Combined anxiolytics & anti-depressant drugs","Biopharma Limited","5","5","OTC"
"Benzol 200 mg/5 ml","Benzol 200 mg/5 ml","Metronidazole","200 mg/5 ml","Oral Suspension","একক","Amoebicides, Anti-diarrhoeal antiprotozoal","Bengal drugs Ltd.","22","22","OTC"
"Benzol 400 mg","Benzol 400 mg","Metronidazole","400 mg","ট্যাবলেট","100's pack","Amoebicides, Anti-diarrhoeal antiprotozoal","Bengal drugs Ltd.","1","1","OTC"
"Benzopam 3 mg","Benzopam 3 mg","Bromazepam","3 mg","ট্যাবলেট","5 x 10","Benzodiazepine sedatives","Benham Pharmaceuticals Ltd.","5","5","OTC"
"Bepanthin 5% w/w","Bepanthin 5% w/w","Permethrin","5% w/w","ক্রিম","একক","Parasiticidal preparations","Beacon Pharmaceuticals PLC","60","60","OTC"
"Beplex-50 Forte (5 mg+2 mg+2 mg+20 mg)/5 ml","Beplex-50 Forte (5 mg+2 mg+2 mg+20 mg)/5 ml","Vitamin B complex","5 mg+2 mg+2 mg+20 mg)/5 ml","সিরাপ","একক","Specific combined vitamin preparations","Pharmik Laboratories Ltd.","35.64","35.64","OTC"
"Beplex-50 Forte 5 mg+2 mg+2 mg+20 mg","Beplex-50 Forte 5 mg+2 mg+2 mg+20 mg","Vitamin B complex","5 mg+2 mg+2 mg+20 mg","ক্যাপসুল","25 x 10","Specific combined vitamin preparations","Pharmik Laboratories Ltd.","1.25","1.25","OTC"
"Bepogen 1.5%","Bepogen 1.5%","Bepotastine Besilate","1.5%","Ophthalmic Solution","একক","","General Pharmaceuticals Ltd.","320","320","OTC"
"Bepol 120 mg/5 ml","Bepol 120 mg/5 ml","Paracetamol","120 mg/5 ml","Oral Suspension","একক","Non-Opioid Analgesics","Bengal drugs Ltd.","35","35","OTC"
"Bepol Plus 500 mg+65 mg","Bepol Plus 500 mg+65 mg","Paracetamol + Caffeine","500 mg+65 mg","ট্যাবলেট","100's pack","Non-Opioid Analgesics","Bengal drugs Ltd.","1.5","1.5","OTC"
"Beponil 10 mg","Beponil 10 mg","Bepotastine Besilate","10 mg","ট্যাবলেট","3 x 10","","Beacon Pharmaceuticals PLC","12","12","OTC"
"Bepost 1.5%","Bepost 1.5%","Bepotastine Besilate","1.5%","Ophthalmic Solution","একক","","ACI Limited","300","300","OTC"
"Bepotas 1.5%","Bepotas 1.5%","Bepotastine Besilate","1.5%","Ophthalmic Solution","একক","","Aristopharma Ltd.","320","320","OTC"
"Beridom 10 mg","Beridom 10 mg","Domperidone Maleate","10 mg","ট্যাবলেট","10 x 10","Motility Stimulants, Motility stimulants/Dopamine antagonist, Prokinetic drugs","Belsen Pharmaceuticals Ltd.","2","2","OTC"
"Beridom 5 mg/5 ml","Beridom 5 mg/5 ml","Domperidone Maleate","5 mg/5 ml","Oral Suspension","একক","Motility Stimulants, Motility stimulants/Dopamine antagonist, Prokinetic drugs","Belsen Pharmaceuticals Ltd.","28","28","OTC"
"Besectil 20 mg","Besectil 20 mg","Omeprazole","20 mg","Capsule (Enteric Coated)","100's pack","Proton Pump Inhibitor","Bengal drugs Ltd.","4","4","OTC"
"Besibac 0.6%","Besibac 0.6%","Besifloxacin","0.6%","Ophthalmic Suspension","একক","Ophthalmic antibacterial drugs","Popular Pharmaceuticals Ltd.","350","350","OTC"
"Besicare 0.6%","Besicare 0.6%","Besifloxacin","0.6%","Ophthalmic Suspension","একক","Ophthalmic antibacterial drugs","Healthcare Pharmaceuticals Ltd.","350","350","OTC"
"Besiflox 0.6%","Besiflox 0.6%","Besifloxacin","0.6%","Ophthalmic Suspension","একক","Ophthalmic antibacterial drugs","Aristopharma Ltd.","350","350","OTC"
"Besigen 0.6%","Besigen 0.6%","Besifloxacin","0.6%","Ophthalmic Suspension","একক","Ophthalmic antibacterial drugs","General Pharmaceuticals Ltd.","351.06","351.06","OTC"
"Besiven 0.6%","Besiven 0.6%","Besifloxacin","0.6%","Ophthalmic Suspension","একক","Ophthalmic antibacterial drugs","Incepta Pharmaceuticals Ltd.","350","350","OTC"
"Besixin 0.6%","Besixin 0.6%","Besifloxacin","0.6%","Ophthalmic Suspension","একক","Ophthalmic antibacterial drugs","OSL Pharma Limited","351.06","351.06","OTC"
"Beslocin 0.6%","Beslocin 0.6%","Besifloxacin","0.6%","Ophthalmic Suspension","একক","Ophthalmic antibacterial drugs","Opsonin Pharma Ltd.","350","350","OTC"
"Besone 0.1%","Besone 0.1%","Betamethasone Valerate","0.1%","অয়েন্টমেন্ট","একক","Corticosteroid","Pharmadesh Laboratories Ltd.","13.04","13.04","OTC"
"Besone-N 0.1%+0.5%","Besone-N 0.1%+0.5%","Betamethasone + Neomycin Sulphate (Topical)","0.1%+0.5%","অয়েন্টমেন্ট","একক","Aural steroid & antibiotic combined preparations","Pharmadesh Laboratories Ltd.","18","18","OTC"
"Bestal","Bestal","Iron + Folic acid + Vitamin B complex + Vitamin C","","ক্যাপসুল","50's pack","Iron & Vitamin Combined preparations","Modern Pharmaceuticals Ltd.","3","3","OTC"
"Bestcef 100 mg/5 ml","Bestcef 100 mg/5 ml","Cefixime Trihydrate","100 mg/5 ml","পাউডার সাসপেনশন","একক","Third generation cephalosporins","Biopharma Limited","130.5","130.5","OTC"
"Bestcef 200 mg","Bestcef 200 mg","Cefixime Trihydrate","200 mg","ক্যাপসুল","3 x 5","Third generation cephalosporins","Biopharma Limited","35","35","OTC"
"Bestcef 25 mg/ml","Bestcef 25 mg/ml","Cefixime Trihydrate","25 mg/ml","Pediatric Drops","একক","Third generation cephalosporins","Biopharma Limited","98","98","OTC"
"Bestcef 400 mg","Bestcef 400 mg","Cefixime Trihydrate","400 mg","ক্যাপসুল","2 x 4","Third generation cephalosporins","Biopharma Limited","50.25","50.25","OTC"
"Bestcef Forte 200 mg/5 ml","Bestcef Forte 200 mg/5 ml","Cefixime Trihydrate","200 mg/5 ml","পাউডার সাসপেনশন","একক","Third generation cephalosporins","Biopharma Limited","280","280","OTC"
"Bestcef Max 100 mg/ml","Bestcef Max 100 mg/ml","Cefixime Trihydrate","100 mg/ml","Pediatric Drops","একক","Third generation cephalosporins","Biopharma Limited","250","250","OTC"
"Bestcol 10 mg","Bestcol 10 mg","Rosuvastatin Calcium","10 mg","ট্যাবলেট","3 x 10","Other Anti-anginal & Anti-ischaemic drugs, Statins","Biopharma Limited","25","25","OTC"
"Bestcol 20 mg","Bestcol 20 mg","Rosuvastatin Calcium","20 mg","ট্যাবলেট","1 x 10","Other Anti-anginal & Anti-ischaemic drugs, Statins","Biopharma Limited","30","30","OTC"
"Bestcol 5 mg","Bestcol 5 mg","Rosuvastatin Calcium","5 mg","ট্যাবলেট","3 x 10","Other Anti-anginal & Anti-ischaemic drugs, Statins","Biopharma Limited","9.2","9.2","OTC"
"Bester 0.15%","Bester 0.15%","Benzydamine Hydrochloride","0.15%","Mouthwash","একক","Topical anti-inflammatory preparations","The IBN SINA Pharmaceutical PLC","225","225","OTC"
"Bestfresh 1%","Bestfresh 1%","Carboxymethylcellulose Sodium","1%","Ophthalmic Solution","একক","","UNIDO Pharmaceuticals Ltd.","325","325","OTC"
"Bestfresh SV 1%","Bestfresh SV 1%","Carboxymethylcellulose Sodium","1%","Ophthalmic Solution","4 x 7","","UNIDO Pharmaceuticals Ltd.","35","35","OTC"
"Bestron 0.45 mg+20 mg","Bestron 0.45 mg+20 mg","Conjugated Estrogen + Bazedoxifene","0.45 mg+20 mg","ট্যাবলেট","2 x 10","Female Sex hormones","Incepta Pharmaceuticals Ltd.","80","80","OTC"
"Bet-A 0.1%","Bet-A 0.1%","Betamethasone Valerate","0.1%","অয়েন্টমেন্ট","একক","Corticosteroid","ACME Laboratories Ltd.","48","48","OTC"
"Bet-A 0.1%","Bet-A 0.1%","Betamethasone Valerate","0.1%","ক্রিম","একক","Corticosteroid","ACME Laboratories Ltd.","44","44","OTC"
"Bet-A 0.5 mg","Bet-A 0.5 mg","Betamethasone","0.5 mg","ট্যাবলেট","10 x 10","Corticosteroid","ACME Laboratories Ltd.","1","1","OTC"
"Bet-CG 0.05%+1%+0.1%","Bet-CG 0.05%+1%+0.1%","Betamethasone + Clotrimazole + Gentamicin","0.05%+1%+0.1%","ক্রিম","একক","Betamethasone & Combined preparations","ACME Laboratories Ltd.","75","75","OTC"
"Bet-CL 0.05%+1%","Bet-CL 0.05%+1%","Betamethasone + Clotrimazole","0.05%+1%","ক্রিম","একক","Betamethasone & Combined preparations","ACME Laboratories Ltd.","60","60","OTC"
"Bet-CL 0.1%+1%","Bet-CL 0.1%+1%","Betamethasone + Clotrimazole","0.1%+1%","অয়েন্টমেন্ট","একক","Betamethasone & Combined preparations","ACME Laboratories Ltd.","60","60","OTC"
"Beta Natural Intimate Wash","Beta Natural Intimate Wash","Immortelle + Sensiva + Citrofol & Others","","Liquid","একক","Miscellaneous topical agents","Mundipharma (BD) Pvt. Ltd.","150","150","OTC"
"Betabis 10 mg","Betabis 10 mg","Bisoprolol Fumarate","10 mg","ট্যাবলেট","3 x 10","Anti adrenergic agent (Beta blockers), Beta-adrenoceptor blocking drugs, Beta-blockers","ACME Laboratories Ltd.","16","16","OTC"
"Betabis 2.5 mg","Betabis 2.5 mg","Bisoprolol Fumarate","2.5 mg","ট্যাবলেট","3 x 10","Anti adrenergic agent (Beta blockers), Beta-adrenoceptor blocking drugs, Beta-blockers","ACME Laboratories Ltd.","7","7","OTC"
"Betabis 5 mg","Betabis 5 mg","Bisoprolol Fumarate","5 mg","ট্যাবলেট","3 x 10","Anti adrenergic agent (Beta blockers), Beta-adrenoceptor blocking drugs, Beta-blockers","ACME Laboratories Ltd.","11.5","11.5","OTC"
"Betabis Plus 2.5 mg+6.25 mg","Betabis Plus 2.5 mg+6.25 mg","Bisoprolol Fumarate + Hydrochlorothiazide","2.5 mg+6.25 mg","ট্যাবলেট","3 x 10","Combined antihypertensive preparations","ACME Laboratories Ltd.","6","6","OTC"
"Betabis Plus 5 mg+6.25 mg","Betabis Plus 5 mg+6.25 mg","Bisoprolol Fumarate + Hydrochlorothiazide","5 mg+6.25 mg","ট্যাবলেট","3 x 10","Combined antihypertensive preparations","ACME Laboratories Ltd.","10","10","OTC"
"Betabis-A 2.5 mg+5 mg","Betabis-A 2.5 mg+5 mg","Bisoprolol Fumarate + Amlodipine Besilate","2.5 mg+5 mg","ট্যাবলেট","3 x 10","Anti-hypertensive","ACME Laboratories Ltd.","6","6","OTC"
"Betacal 5 mg+50 mg","Betacal 5 mg+50 mg","Amlodipine Besilate + Atenolol","5 mg+50 mg","ট্যাবলেট","5 x 10","Combined antihypertensive preparations","Orion Pharma Ltd.","6.02","6.02","OTC"
"Betacap TR 40 mg","Betacap TR 40 mg","Propranolol Hydrochloride","40 mg","Capsule (Timed Release)","5 x 10","Beta-adrenoceptor blocking drugs, Beta-blockers","Sun Pharmaceutical (Bangladesh) Ltd.","2.51","2.51","OTC"
"Betacard 50 mg","Betacard 50 mg","Metoprolol Tartrate","50 mg","ট্যাবলেট","10 x 10","","Aristopharma Ltd.","2","2","OTC"
"Betacin-N 0.1%+0.5%","Betacin-N 0.1%+0.5%","Betamethasone + Neomycin Sulphate (Ophthalmic)","0.1%+0.5%","Ophthalmic Solution","একক","Ophthalmic steroid - antibiotic combined preparations","The IBN SINA Pharmaceutical PLC","35","35","OTC"
"Betacor 1.25 mg","Betacor 1.25 mg","Bisoprolol Fumarate","1.25 mg","ট্যাবলেট","3 x 10","Anti adrenergic agent (Beta blockers), Beta-adrenoceptor blocking drugs, Beta-blockers","Popular Pharmaceuticals Ltd.","3.5","3.5","OTC"
"Betacor 10 mg","Betacor 10 mg","Bisoprolol Fumarate","10 mg","ট্যাবলেট","3 x 10","Anti adrenergic agent (Beta blockers), Beta-adrenoceptor blocking drugs, Beta-blockers","Popular Pharmaceuticals Ltd.","14","14","OTC"
"Betacor 2.5 mg","Betacor 2.5 mg","Bisoprolol Fumarate","2.5 mg","ট্যাবলেট","5 x 10","Anti adrenergic agent (Beta blockers), Beta-adrenoceptor blocking drugs, Beta-blockers","Popular Pharmaceuticals Ltd.","7","7","OTC"
"Betacor 5 mg","Betacor 5 mg","Bisoprolol Fumarate","5 mg","ট্যাবলেট","3 x 10","Anti adrenergic agent (Beta blockers), Beta-adrenoceptor blocking drugs, Beta-blockers","Popular Pharmaceuticals Ltd.","11.5","11.5","OTC"
"Betacor AM 2.5 mg+5 mg","Betacor AM 2.5 mg+5 mg","Bisoprolol Fumarate + Amlodipine Besilate","2.5 mg+5 mg","ট্যাবলেট","3 x 10","Anti-hypertensive","Popular Pharmaceuticals Ltd.","8","8","OTC"
"Betacor HZ 2.5 mg+6.25 mg","Betacor HZ 2.5 mg+6.25 mg","Bisoprolol Fumarate + Hydrochlorothiazide","2.5 mg+6.25 mg","ট্যাবলেট","3 x 10","Combined antihypertensive preparations","Popular Pharmaceuticals Ltd.","7","7","OTC"
"Betacor HZ 5 mg+6.25 mg","Betacor HZ 5 mg+6.25 mg","Bisoprolol Fumarate + Hydrochlorothiazide","5 mg+6.25 mg","ট্যাবলেট","3 x 10","Combined antihypertensive preparations","Popular Pharmaceuticals Ltd.","13","13","OTC"
"Betaderm 0.1%","Betaderm 0.1%","Betamethasone Valerate","0.1%","অয়েন্টমেন্ট","একক","Corticosteroid","Incepta Pharmaceuticals Ltd.","35","35","OTC"
"Betaderm N 0.1%+0.5%","Betaderm N 0.1%+0.5%","Betamethasone + Neomycin Sulphate (Topical)","0.1%+0.5%","অয়েন্টমেন্ট","একক","Aural steroid & antibiotic combined preparations","Incepta Pharmaceuticals Ltd.","22","22","OTC"
"Betadine 1% w/v","Betadine 1% w/v","Povidone Iodine","1% w/v","Mouthwash","একক","Iodine compounds (Anti-septic Preparations)","Mundipharma (BD) Pvt. Ltd.","50","50","OTC"
"Betadine 10% w/v","Betadine 10% w/v","Povidone Iodine","10% w/v","সলিউশন","একক","Iodine compounds (Anti-septic Preparations)","Mundipharma (BD) Pvt. Ltd.","120","120","OTC"
"Betadine 5% w/v","Betadine 5% w/v","Povidone Iodine","5% w/v","সলিউশন","একক","Iodine compounds (Anti-septic Preparations)","Mundipharma (BD) Pvt. Ltd.","100","100","OTC"
"Betadine 5% w/w","Betadine 5% w/w","Povidone Iodine","5% w/w","অয়েন্টমেন্ট","একক","Iodine compounds (Anti-septic Preparations)","Mundipharma (BD) Pvt. Ltd.","50","50","OTC"
"Betadine 5% w/w","Betadine 5% w/w","Povidone Iodine","5% w/w","ক্রিম","একক","Iodine compounds (Anti-septic Preparations)","Mundipharma (BD) Pvt. Ltd.","150","150","OTC"
"Betadine 5% w/w","Betadine 5% w/w","Povidone Iodine","5% w/w","Topical Powder","একক","Iodine compounds (Anti-septic Preparations)","Mundipharma (BD) Pvt. Ltd.","30","30","OTC"
"Betadine 7.5% w/v","Betadine 7.5% w/v","Povidone Iodine","7.5% w/v","Surgical Scrub","একক","Iodine compounds (Anti-septic Preparations)","Mundipharma (BD) Pvt. Ltd.","150","150","OTC"
"Betafix 2.5 mg","Betafix 2.5 mg","Bisoprolol Fumarate","2.5 mg","ট্যাবলেট","3 x 10","Anti adrenergic agent (Beta blockers), Beta-adrenoceptor blocking drugs, Beta-blockers","Healthcare Pharmaceuticals Ltd.","6","6","OTC"
"Betafix 5 mg","Betafix 5 mg","Bisoprolol Fumarate","5 mg","ট্যাবলেট","3 x 10","Anti adrenergic agent (Beta blockers), Beta-adrenoceptor blocking drugs, Beta-blockers","Healthcare Pharmaceuticals Ltd.","10","10","OTC"
"Betafix AM 2.5 mg+5 mg","Betafix AM 2.5 mg+5 mg","Bisoprolol Fumarate + Amlodipine Besilate","2.5 mg+5 mg","ট্যাবলেট","3 x 10","Anti-hypertensive","Healthcare Pharmaceuticals Ltd.","6","6","OTC"
"Betafix Plus 2.5 mg+6.25 mg","Betafix Plus 2.5 mg+6.25 mg","Bisoprolol Fumarate + Hydrochlorothiazide","2.5 mg+6.25 mg","ট্যাবলেট","3 x 10","Combined antihypertensive preparations","Healthcare Pharmaceuticals Ltd.","6","6","OTC"
"Betafix Plus 5 mg+6.25 mg","Betafix Plus 5 mg+6.25 mg","Bisoprolol Fumarate + Hydrochlorothiazide","5 mg+6.25 mg","ট্যাবলেট","3 x 10","Combined antihypertensive preparations","Healthcare Pharmaceuticals Ltd.","10","10","OTC"
"Betafree 1%+0.2%","Betafree 1%+0.2%","Brinzolamide + Brimonidine Tartrate","1%+0.2%","Ophthalmic Suspension","একক","Drugs for miotics and glaucoma","Popular Pharmaceuticals Ltd.","950","950","OTC"
"Betagest 100 mg","Betagest 100 mg","Labetalol Hydrochloride","100 mg","ট্যাবলেট","3 x 10","Alpha adrenoceptor blocking drugs, Beta-adrenoceptor blocking drugs","Opsonin Pharma Ltd.","6","6","OTC"
"Betagest 200 mg","Betagest 200 mg","Labetalol Hydrochloride","200 mg","ট্যাবলেট","3 x 10","Alpha adrenoceptor blocking drugs, Beta-adrenoceptor blocking drugs","Opsonin Pharma Ltd.","10","10","OTC"
"Betagest 50 mg/10 ml","Betagest 50 mg/10 ml","Labetalol Hydrochloride","50 mg/10 ml","IV Injection or Infusion","একক","Alpha adrenoceptor blocking drugs, Beta-adrenoceptor blocking drugs","Opsonin Pharma Ltd.","100","100","OTC"
"Betaloc 25 mg","Betaloc 25 mg","Metoprolol Tartrate","25 mg","ট্যাবলেট","7 x 14","","Drug International Ltd.","1.55","1.55","OTC"
"Betaloc 50 mg","Betaloc 50 mg","Metoprolol Tartrate","50 mg","ট্যাবলেট","7 x 14","","Drug International Ltd.","2.05","2.05","OTC"
"Betaloc-XR 100 mg","Betaloc-XR 100 mg","Metoprolol Tartrate","100 mg","Tablet (Extended Release)","5 x 10","","Drug International Ltd.","6","6","OTC"
"Betaloc-XR 50 mg","Betaloc-XR 50 mg","Metoprolol Tartrate","50 mg","Tablet (Extended Release)","10 x 10","","Drug International Ltd.","4","4","OTC"
"Betamesal 0.05%+2%","Betamesal 0.05%+2%","Betamethasone Dipropionate + Salicylic Acid","0.05%+2%","Scalp Lotion","একক","Topical anti-inflammatory preparations","Incepta Pharmaceuticals Ltd.","150","150","OTC"
"Betamesal 0.05%+3%","Betamesal 0.05%+3%","Betamethasone Dipropionate + Salicylic Acid","0.05%+3%","Scalp Ointment","একক","Topical anti-inflammatory preparations","Incepta Pharmaceuticals Ltd.","100","100","OTC"
"Betameson 0.05%","Betameson 0.05%","Betamethasone Dipropionate","0.05%","ক্রিম","একক","Corticosteroid","Square Pharmaceuticals PLC","45","45","OTC"
"Betameson 0.05%","Betameson 0.05%","Betamethasone Dipropionate","0.05%","অয়েন্টমেন্ট","একক","Corticosteroid","Square Pharmaceuticals PLC","48","48","OTC"
"Betameson-CL 0.05%+1%","Betameson-CL 0.05%+1%","Betamethasone + Clotrimazole","0.05%+1%","ক্রিম","একক","Betamethasone & Combined preparations","Square Pharmaceuticals PLC","45","45","OTC"
"Betameson-N 0.1%+0.5%","Betameson-N 0.1%+0.5%","Betamethasone + Neomycin Sulphate (Topical)","0.1%+0.5%","ক্রিম","একক","Aural steroid & antibiotic combined preparations","Square Pharmaceuticals PLC","35","35","OTC"
"Betamet 0.05%","Betamet 0.05%","Betamethasone Dipropionate","0.05%","ক্রিম","একক","Corticosteroid","Beacon Pharmaceuticals PLC","45","45","OTC"
"Betamycin 0.1%+0.5%","Betamycin 0.1%+0.5%","Betamethasone + Neomycin Sulphate (Topical)","0.1%+0.5%","অয়েন্টমেন্ট","একক","Aural steroid & antibiotic combined preparations","Supreme Pharmaceutical Ltd.","15.3","15.3","OTC"
"Betanem 1 gm/vial","Betanem 1 gm/vial","Meropenem Trihydrate","1 gm/vial","IV Injection or Infusion","একক","Other beta-lactam antibiotics","Kemiko Pharmaceuticals Ltd.","1250","1250","OTC"
"Betanem 500 mg/vial","Betanem 500 mg/vial","Meropenem Trihydrate","500 mg/vial","IV Injection or Infusion","একক","Other beta-lactam antibiotics","Kemiko Pharmaceuticals Ltd.","700","700","OTC"
"Betanic 6 mg+200 mg+50 mg","Betanic 6 mg+200 mg+50 mg","Beta carotene + Vitamin C + Vitamin E","6 mg+200 mg+50 mg","ট্যাবলেট","20's pack","Anti-oxidant Multivitamin preparations","Modern Pharmaceuticals Ltd.","3.75","3.75","OTC"
"Betanol 100 mg","Betanol 100 mg","Atenolol","100 mg","ট্যাবলেট","10 x 10","Beta-adrenoceptor blocking drugs, Beta-blockers","Synovia Pharma PLC.","1.37","1.37","OTC"
"Betanol 25 mg","Betanol 25 mg","Atenolol","25 mg","ট্যাবলেট","20 x 10","Beta-adrenoceptor blocking drugs, Beta-blockers","Synovia Pharma PLC.","0.45","0.45","OTC"
"Betanol 50 mg","Betanol 50 mg","Atenolol","50 mg","ট্যাবলেট","20 x 10","Beta-adrenoceptor blocking drugs, Beta-blockers","Synovia Pharma PLC.","0.77","0.77","OTC"
"Betanosol-N 0.1%+0.5%","Betanosol-N 0.1%+0.5%","Betamethasone + Neomycin Sulphate (Topical)","0.1%+0.5%","ক্রিম","একক","Aural steroid & antibiotic combined preparations","Edruc Limited","15","15","OTC"
"Betanosol-N 0.1%+0.5%","Betanosol-N 0.1%+0.5%","Betamethasone + Neomycin Sulphate (Topical)","0.1%+0.5%","অয়েন্টমেন্ট","একক","Aural steroid & antibiotic combined preparations","Edruc Limited","18","18","OTC"
"Betaone 25 mg","Betaone 25 mg","Metoprolol Tartrate","25 mg","ট্যাবলেট","10 x 10","","ACME Laboratories Ltd.","1.51","1.51","OTC"
"Betaone 50 mg","Betaone 50 mg","Metoprolol Tartrate","50 mg","ট্যাবলেট","10 x 10","","ACME Laboratories Ltd.","2","2","OTC"
"Betapress 50 mg","Betapress 50 mg","Atenolol","50 mg","ট্যাবলেট","100's pack","Beta-adrenoceptor blocking drugs, Beta-blockers","Cipla Limited","0.68","0.68","OTC"
"Betapro 10 mg","Betapro 10 mg","Bisoprolol Fumarate","10 mg","ট্যাবলেট","3 x 10","Anti adrenergic agent (Beta blockers), Beta-adrenoceptor blocking drugs, Beta-blockers","Beximco Pharmaceuticals Ltd.","16","16","OTC"
"Betapro 2.5 mg","Betapro 2.5 mg","Bisoprolol Fumarate","2.5 mg","ট্যাবলেট","3 x 10","Anti adrenergic agent (Beta blockers), Beta-adrenoceptor blocking drugs, Beta-blockers","Beximco Pharmaceuticals Ltd.","6","6","OTC"
"Betapro 5 mg","Betapro 5 mg","Bisoprolol Fumarate","5 mg","ট্যাবলেট","3 x 10","Anti adrenergic agent (Beta blockers), Beta-adrenoceptor blocking drugs, Beta-blockers","Beximco Pharmaceuticals Ltd.","10","10","OTC"
"Betasec 50 mg","Betasec 50 mg","Atenolol","50 mg","ট্যাবলেট","10 x 10","Beta-adrenoceptor blocking drugs, Beta-blockers","Opsonin Pharma Ltd.","0.77","0.77","OTC"
"Betasef 125 mg/1.25 ml","Betasef 125 mg/1.25 ml","Cephradine","125 mg/1.25 ml","Pediatric Drops","একক","First generation cephalosporins","Alco Pharma Ltd.","65","65","OTC"
"Betasef 125 mg/5 ml","Betasef 125 mg/5 ml","Cephradine","125 mg/5 ml","পাউডার সাসপেনশন","একক","First generation cephalosporins","Alco Pharma Ltd.","90","90","OTC"
"Betasef 250 mg","Betasef 250 mg","Cephradine","250 mg","ক্যাপসুল","4 x 6","First generation cephalosporins","Alco Pharma Ltd.","8","8","OTC"
"Betasef 500 mg","Betasef 500 mg","Cephradine","500 mg","ক্যাপসুল","5 x 4","First generation cephalosporins","Alco Pharma Ltd.","15","15","OTC"
"Betasef DS 250 mg/5 ml","Betasef DS 250 mg/5 ml","Cephradine","250 mg/5 ml","পাউডার সাসপেনশন","একক","First generation cephalosporins","Alco Pharma Ltd.","120.35","120.35","OTC"
"Betaseptic 0.5%+70%","Betaseptic 0.5%+70%","Chlorhexidine Gluconate + Isopropyl alcohol","0.5%+70%","Hand Rub","একক","Chlorhexidine & Chloroxylenol preparations, Other antibacterial preparation","Mundipharma (BD) Pvt. Ltd.","130","130","OTC"
"Betasil 1.5%","Betasil 1.5%","Bepotastine Besilate","1.5%","Ophthalmic Solution","একক","","The IBN SINA Pharmaceutical PLC","300","300","OTC"
"Betason N 0.1%+0.5%","Betason N 0.1%+0.5%","Betamethasone + Neomycin Sulphate (Ophthalmic)","0.1%+0.5%","Ophthalmic Ointment","একক","Ophthalmic steroid - antibiotic combined preparations","Reman Drug Laboratories Ltd.","14.33","14.33","OTC"
"Betason N 0.1%+0.5%","Betason N 0.1%+0.5%","Betamethasone + Neomycin Sulphate (Topical)","0.1%+0.5%","অয়েন্টমেন্ট","একক","Aural steroid & antibiotic combined preparations","Reman Drug Laboratories Ltd.","18","18","OTC"
"Betason N 0.1%+0.5%","Betason N 0.1%+0.5%","Betamethasone + Neomycin Sulphate (Ophthalmic)","0.1%+0.5%","Ophthalmic Solution","একক","Ophthalmic steroid - antibiotic combined preparations","Reman Drug Laboratories Ltd.","32.44","32.44","OTC"
"Betastin 1.5%","Betastin 1.5%","Bepotastine Besilate","1.5%","Ophthalmic Solution","একক","","Incepta Pharmaceuticals Ltd.","300","300","OTC"
"Betatin 16 mg","Betatin 16 mg","Betahistine Dihydrochloride","16 mg","ট্যাবলেট","6 x 10","Drugs used in meniere's diseases","Renata PLC","5","5","OTC"
"Betatin 8 mg","Betatin 8 mg","Betahistine Dihydrochloride","8 mg","ট্যাবলেট","10 x 10","Drugs used in meniere's diseases","Renata PLC","3","3","OTC"
"Betaval 0.1%","Betaval 0.1%","Betamethasone Valerate","0.1%","অয়েন্টমেন্ট","একক","Corticosteroid","Healthcare Pharmaceuticals Ltd.","35","35","OTC"
"Betaval 0.1%","Betaval 0.1%","Betamethasone Valerate","0.1%","ক্রিম","একক","Corticosteroid","Healthcare Pharmaceuticals Ltd.","33","33","OTC"
"Betaval N 0.1%+0.5%","Betaval N 0.1%+0.5%","Betamethasone + Neomycin Sulphate (Topical)","0.1%+0.5%","অয়েন্টমেন্ট","একক","Aural steroid & antibiotic combined preparations","Healthcare Pharmaceuticals Ltd.","18.54","18.54","OTC"
"Betaval N 0.1%+0.5%","Betaval N 0.1%+0.5%","Betamethasone + Neomycin Sulphate (Topical)","0.1%+0.5%","ক্রিম","একক","Aural steroid & antibiotic combined preparations","Healthcare Pharmaceuticals Ltd.","18.51","18.51","OTC"
"Betavate-CL 0.1%+1%","Betavate-CL 0.1%+1%","Betamethasone + Clotrimazole","0.1%+1%","অয়েন্টমেন্ট","একক","Betamethasone & Combined preparations","Drug International Ltd.","29.1","29.1","OTC"
"Betavate-N 0.1%+0.5%","Betavate-N 0.1%+0.5%","Betamethasone + Neomycin Sulphate (Topical)","0.1%+0.5%","ক্রিম","একক","Aural steroid & antibiotic combined preparations","Drug International Ltd.","22","22","OTC"
"Betaxol 0.5%","Betaxol 0.5%","Betaxolol Hydrochloride","0.5%","Ophthalmic Solution","একক","Drugs for miotics and glaucoma","Aristopharma Ltd.","200","200","OTC"
"Bethacol 25 mg","Bethacol 25 mg","Bethanechol Chloride","25 mg","ট্যাবলেট","3 x 10","","UniMed UniHealth Pharmaceuticals Ltd.","20","20","OTC"
"Betmira ER 25 mg","Betmira ER 25 mg","Mirabegron","25 mg","Tablet (Extended Release)","2 x 10","BPH/ Urinary retention/ Urinary incontinence, β₃-adrenergic receptor agonist","Healthcare Pharmaceuticals Ltd.","30","30","OTC"
"Betmira ER 50 mg","Betmira ER 50 mg","Mirabegron","50 mg","Tablet (Extended Release)","1 x 10","BPH/ Urinary retention/ Urinary incontinence, β₃-adrenergic receptor agonist","Healthcare Pharmaceuticals Ltd.","55","55","OTC"
"Betno N 0.1%+0.5%","Betno N 0.1%+0.5%","Betamethasone + Neomycin Sulphate (Topical)","0.1%+0.5%","ক্রিম","একক","Aural steroid & antibiotic combined preparations","ACI Limited","35","35","OTC"
"Betno-CL 0.05%+1%","Betno-CL 0.05%+1%","Betamethasone + Clotrimazole","0.05%+1%","ক্রিম","একক","Betamethasone & Combined preparations","ACI Limited","45","45","OTC"
"Betnoson 0.1%","Betnoson 0.1%","Betamethasone Valerate","0.1%","অয়েন্টমেন্ট","একক","Corticosteroid","Hudson Pharmaceuticals Ltd.","30","30","OTC"
"Betnova 0.1%","Betnova 0.1%","Betamethasone Valerate","0.1%","ক্রিম","একক","Corticosteroid","NIPRO JMI Pharma Ltd.","33.6","33.6","OTC"
"Betnova 0.1%","Betnova 0.1%","Betamethasone Valerate","0.1%","অয়েন্টমেন্ট","একক","Corticosteroid","NIPRO JMI Pharma Ltd.","36.1","36.1","OTC"
"Betnova-N 0.1%+0.5%","Betnova-N 0.1%+0.5%","Betamethasone + Neomycin Sulphate (Topical)","0.1%+0.5%","অয়েন্টমেন্ট","একক","Aural steroid & antibiotic combined preparations","NIPRO JMI Pharma Ltd.","28.6","28.6","OTC"
"Betnova-N 0.1%+0.5%","Betnova-N 0.1%+0.5%","Betamethasone + Neomycin Sulphate (Topical)","0.1%+0.5%","ক্রিম","একক","Aural steroid & antibiotic combined preparations","NIPRO JMI Pharma Ltd.","28.6","28.6","OTC"
"Betnozen-N 0.1%+0.5%","Betnozen-N 0.1%+0.5%","Betamethasone + Neomycin Sulphate (Topical)","0.1%+0.5%","অয়েন্টমেন্ট","একক","Aural steroid & antibiotic combined preparations","Zenith Pharmaceuticals Ltd.","18.5","18.5","OTC"
"Betnozen-N 0.1%+0.5%","Betnozen-N 0.1%+0.5%","Betamethasone + Neomycin Sulphate (Topical)","0.1%+0.5%","ক্রিম","একক","Aural steroid & antibiotic combined preparations","Zenith Pharmaceuticals Ltd.","28.5","28.5","OTC"
"Betol 0.05%+0.005%","Betol 0.05%+0.005%","Betamethasone + Calcipotriol","0.05%+0.005%","অয়েন্টমেন্ট","একক","Betamethasone & Combined preparations","ACME Laboratories Ltd.","380","380","OTC"
"Betricin 0.1%","Betricin 0.1%","Betamethasone Sodium Phosphate","0.1%","Ophthalmic Solution","একক","Corticosteroid","Nipa Pharmaceuticals Ltd.","30","30","OTC"
"Betricin-N 0.1%+0.5%","Betricin-N 0.1%+0.5%","Betamethasone + Neomycin Sulphate (Ophthalmic)","0.1%+0.5%","Ophthalmic Solution","একক","Ophthalmic steroid - antibiotic combined preparations","Nipa Pharmaceuticals Ltd.","35","35","OTC"
"Betricin-N 0.1%+0.5%","Betricin-N 0.1%+0.5%","Betamethasone + Neomycin Sulphate (Ophthalmic)","0.1%+0.5%","Ophthalmic Ointment","একক","Ophthalmic steroid - antibiotic combined preparations","Nipa Pharmaceuticals Ltd.","10.77","10.77","OTC"
"BetriXa 40 mg","BetriXa 40 mg","Betrixaban","40 mg","ক্যাপসুল","1 x 10","Anti-platelet drugs","Square Pharmaceuticals PLC","65","65","OTC"
"BetriXa 80 mg","BetriXa 80 mg","Betrixaban","80 mg","ক্যাপসুল","1 x 10","Anti-platelet drugs","Square Pharmaceuticals PLC","115","115","OTC"
"Betson 0.05%","Betson 0.05%","Betamethasone Dipropionate","0.05%","ক্রিম","একক","Corticosteroid","Opsonin Pharma Ltd.","45","45","OTC"
"Betson 0.05%","Betson 0.05%","Betamethasone Dipropionate","0.05%","অয়েন্টমেন্ট","একক","Corticosteroid","Opsonin Pharma Ltd.","48","48","OTC"
"Betson-CG 0.05%+1%+0.1%","Betson-CG 0.05%+1%+0.1%","Betamethasone + Clotrimazole + Gentamicin","0.05%+1%+0.1%","ক্রিম","একক","Betamethasone & Combined preparations","Opsonin Pharma Ltd.","75","75","OTC"
"Betson-CL 0.05%+1%","Betson-CL 0.05%+1%","Betamethasone + Clotrimazole","0.05%+1%","ক্রিম","একক","Betamethasone & Combined preparations","Opsonin Pharma Ltd.","60","60","OTC"
"Betson-CL 0.1%+1%","Betson-CL 0.1%+1%","Betamethasone + Clotrimazole","0.1%+1%","অয়েন্টমেন্ট","একক","Betamethasone & Combined preparations","Opsonin Pharma Ltd.","29.31","29.31","OTC"
"Betson-N 0.1%+0.5%","Betson-N 0.1%+0.5%","Betamethasone + Neomycin Sulphate (Topical)","0.1%+0.5%","ক্রিম","একক","Aural steroid & antibiotic combined preparations","Opsonin Pharma Ltd.","24","24","OTC"
"Betson-N 0.1%+0.5%","Betson-N 0.1%+0.5%","Betamethasone + Neomycin Sulphate (Ophthalmic)","0.1%+0.5%","Ophthalmic Solution","একক","Ophthalmic steroid - antibiotic combined preparations","Opsonin Pharma Ltd.","32.3","32.3","OTC"
"Betson-S 0.05%+2%","Betson-S 0.05%+2%","Betamethasone Dipropionate + Salicylic Acid","0.05%+2%","Scalp Lotion","একক","Topical anti-inflammatory preparations","Opsonin Pharma Ltd.","150","150","OTC"
"Beucal D 500 mg+200 IU","Beucal D 500 mg+200 IU","Conventional Calcium + Vitamin D3","500 mg+200 IU","ট্যাবলেট","5 x 10","Specific mineral & vitamin combined preparations","Jenphar Bangladesh Ltd.","8","8","OTC"
"Beuflox 0.3%","Beuflox 0.3%","Ciprofloxacin (Ophthalmic)","0.3%","Ophthalmic Solution","একক","4-Quinolone preparations, Aural Anti-bacterial preparations, Ophthalmic antibacterial drugs","Incepta Pharmaceuticals Ltd.","40","40","OTC"
"Beuflox 200 mg/100 ml","Beuflox 200 mg/100 ml","Ciprofloxacin","200 mg/100 ml","আইভি ইনফিউশন","একক","4-Quinolone preparations, Anti-diarrhoeal antimicrobial drugs","Incepta Pharmaceuticals Ltd.","146","146","Rx"
"Beuflox 250 mg","Beuflox 250 mg","Ciprofloxacin","250 mg","ট্যাবলেট","6 x 3","4-Quinolone preparations, Anti-diarrhoeal antimicrobial drugs","Incepta Pharmaceuticals Ltd.","8.5","8.5","OTC"
"Beuflox 250 mg/5 ml","Beuflox 250 mg/5 ml","Ciprofloxacin","250 mg/5 ml","পাউডার সাসপেনশন","একক","4-Quinolone preparations, Anti-diarrhoeal antimicrobial drugs","Incepta Pharmaceuticals Ltd.","100","100","OTC"
"Beuflox 500 mg","Beuflox 500 mg","Ciprofloxacin","500 mg","ট্যাবলেট","2 x 10","4-Quinolone preparations, Anti-diarrhoeal antimicrobial drugs","Incepta Pharmaceuticals Ltd.","15","15","OTC"
"Beuflox 750 mg","Beuflox 750 mg","Ciprofloxacin","750 mg","ট্যাবলেট","2 x 10","4-Quinolone preparations, Anti-diarrhoeal antimicrobial drugs","Incepta Pharmaceuticals Ltd.","18","18","OTC"
"Beuflox-D 0.3%+0.1%","Beuflox-D 0.3%+0.1%","Ciprofloxacin + Dexamethasone","0.3%+0.1%","Ophthalmic Solution","একক","Aural steroid & antibiotic combined preparations","Incepta Pharmaceuticals Ltd.","75","75","OTC"
"Beurer (BM 28) Digital blood pressure monitor","Beurer (BM 28) Digital blood pressure monitor","BP monitoring device","","BP Monitor Device","একক","","Beurer GmbH","4429","4429","OTC"
"Beurer (BM 58) Digital blood pressure monitor","Beurer (BM 58) Digital blood pressure monitor","BP monitoring device","","BP Monitor Device","একক","","Beurer GmbH","8858","8858","OTC"
"Beurer (BM 85) Digital blood pressure monitor","Beurer (BM 85) Digital blood pressure monitor","BP monitoring device","","BP Monitor Device","একক","","Beurer GmbH","9287","9287","OTC"
"Bevacimab 100 mg/4 ml","Bevacimab 100 mg/4 ml","Bevacizumab","100 mg/4 ml","আইভি ইনফিউশন","একক","Targeted Cancer Therapy","Healthcare Pharmaceuticals Ltd.","16100","16100","Rx"
"Bevacimab 400 mg/16 ml","Bevacimab 400 mg/16 ml","Bevacizumab","400 mg/16 ml","আইভি ইনফিউশন","একক","Targeted Cancer Therapy","Healthcare Pharmaceuticals Ltd.","58500","58500","Rx"
"Bevaris 100 mg/4 ml","Bevaris 100 mg/4 ml","Bevacizumab","100 mg/4 ml","আইভি ইনফিউশন","একক","Targeted Cancer Therapy","Aristopharma Ltd.","19000","19000","Rx"
"Bevaris 400 mg/16 ml","Bevaris 400 mg/16 ml","Bevacizumab","400 mg/16 ml","আইভি ইনফিউশন","একক","Targeted Cancer Therapy","Aristopharma Ltd.","71000","71000","Rx"
"Bevastim 100 mg/4 ml","Bevastim 100 mg/4 ml","Bevacizumab","100 mg/4 ml","আইভি ইনফিউশন","একক","Targeted Cancer Therapy","Beacon Pharmaceuticals PLC","13925","13925","Rx"
"Bevastim 400 mg/16 ml","Bevastim 400 mg/16 ml","Bevacizumab","400 mg/16 ml","আইভি ইনফিউশন","একক","Targeted Cancer Therapy","Beacon Pharmaceuticals PLC","52205","52205","Rx"
"Bevicort (5.5 mcg+10.4 mcg+182 mcg)/actuation","Bevicort (5.5 mcg+10.4 mcg+182 mcg)/actuation","Formoterol Fumarate + Glycopyrrolate + Budesonide","5.5 mcg+10.4 mcg+182 mcg)/actuation","Metered-Dose Inhaler (MDI)","একক","Combined bronchodilators","Square Pharmaceuticals PLC","1200","1200","OTC"
"Beviprex (9 mcg+4.8 mcg)/puff","Beviprex (9 mcg+4.8 mcg)/puff","Glycopyrronium Bromide + Formoterol Fumarate","9 mcg+4.8 mcg)/puff","Metered-Dose Inhaler (MDI)","একক","","Square Pharmaceuticals PLC","450","450","OTC"
"Bevit 5 mg+2 mg+2 mg+20 mg","Bevit 5 mg+2 mg+2 mg+20 mg","Vitamin B complex","5 mg+2 mg+2 mg+20 mg","ট্যাবলেট","100's pack","Specific combined vitamin preparations","Hudson Pharmaceuticals Ltd.","0.43","0.43","OTC"
"Bevixa 100 mg/4 ml","Bevixa 100 mg/4 ml","Bevacizumab","100 mg/4 ml","আইভি ইনফিউশন","একক","Targeted Cancer Therapy","Incepta Pharmaceuticals Ltd.","20000","20000","Rx"
"Bevixa 400 mg/16 ml","Bevixa 400 mg/16 ml","Bevacizumab","400 mg/16 ml","আইভি ইনফিউশন","একক","Targeted Cancer Therapy","Incepta Pharmaceuticals Ltd.","75000","75000","Rx"
"Bexidal 50 mg","Bexidal 50 mg","Mebhydrolin Napadisylate","50 mg","ট্যাবলেট","20 x 10","Sedating Anti-histamine","Beximco Pharmaceuticals Ltd.","3","3","OTC"
"Bexihaler","Bexihaler","Inhaler device","","Metered-Dose Inhaler (MDI)","একক","","Beximco Pharmaceuticals Ltd.","300","300","OTC"
"Bexipred 1%","Bexipred 1%","Prednisolone Acetate","1%","Ophthalmic Suspension","একক","Glucocorticoids","Beximco Pharmaceuticals Ltd.","100","100","OTC"
"Bexitrol F (25 mcg+125 mcg)/puff","Bexitrol F (25 mcg+125 mcg)/puff","Salmeterol + Fluticasone Propionate","25 mcg+125 mcg)/puff","Metered-Dose Inhaler (MDI)","একক","Long-acting selective β-adrenoceptor stimulants, Respiratory corticosteroids","Beximco Pharmaceuticals Ltd.","595","595","OTC"
"Bexitrol F (25 mcg+250 mcg)/puff","Bexitrol F (25 mcg+250 mcg)/puff","Salmeterol + Fluticasone Propionate","25 mcg+250 mcg)/puff","Metered-Dose Inhaler (MDI)","একক","Long-acting selective β-adrenoceptor stimulants, Respiratory corticosteroids","Beximco Pharmaceuticals Ltd.","430","430","OTC"
"Bexitrol F (25 mcg+50 mcg)/puff","Bexitrol F (25 mcg+50 mcg)/puff","Salmeterol + Fluticasone Propionate","25 mcg+50 mcg)/puff","Metered-Dose Inhaler (MDI)","একক","Long-acting selective β-adrenoceptor stimulants, Respiratory corticosteroids","Beximco Pharmaceuticals Ltd.","520","520","OTC"
"Bexitrol F 50 mcg+100 mcg","Bexitrol F 50 mcg+100 mcg","Salmeterol + Fluticasone Propionate","50 mcg+100 mcg","Multidose Dry Powder Inhaler (MDPI)","একক","Long-acting selective β-adrenoceptor stimulants, Respiratory corticosteroids","Beximco Pharmaceuticals Ltd.","920","920","OTC"
"Bexitrol F 50 mcg+100 mcg","Bexitrol F 50 mcg+100 mcg","Salmeterol + Fluticasone Propionate","50 mcg+100 mcg","Dry Powder Inhalation Capsule (DPI)","3 x 10","Long-acting selective β-adrenoceptor stimulants, Respiratory corticosteroids","Beximco Pharmaceuticals Ltd.","6.5","6.5","OTC"
"Bexitrol F 50 mcg+250 mcg","Bexitrol F 50 mcg+250 mcg","Salmeterol + Fluticasone Propionate","50 mcg+250 mcg","Dry Powder Inhalation Capsule (DPI)","3 x 10","Long-acting selective β-adrenoceptor stimulants, Respiratory corticosteroids","Beximco Pharmaceuticals Ltd.","12","12","OTC"
"Bexitrol F 50 mcg+250 mcg","Bexitrol F 50 mcg+250 mcg","Salmeterol + Fluticasone Propionate","50 mcg+250 mcg","Multidose Dry Powder Inhaler (MDPI)","একক","Long-acting selective β-adrenoceptor stimulants, Respiratory corticosteroids","Beximco Pharmaceuticals Ltd.","1120","1120","OTC"
"Bexitrol F 50 mcg+500 mcg","Bexitrol F 50 mcg+500 mcg","Salmeterol + Fluticasone Propionate","50 mcg+500 mcg","Multidose Dry Powder Inhaler (MDPI)","একক","Long-acting selective β-adrenoceptor stimulants, Respiratory corticosteroids","Beximco Pharmaceuticals Ltd.","1220","1220","OTC"
"Bexitrol F 50 mcg+500 mcg","Bexitrol F 50 mcg+500 mcg","Salmeterol + Fluticasone Propionate","50 mcg+500 mcg","Dry Powder Inhalation Capsule (DPI)","3 x 10","Long-acting selective β-adrenoceptor stimulants, Respiratory corticosteroids","Beximco Pharmaceuticals Ltd.","17","17","OTC"
"Bexovid 150 mg+100 mg","Bexovid 150 mg+100 mg","Nirmatrelvir + Ritonavir","150 mg+100 mg","ট্যাবলেট","একক","Anti-viral drugs","Beximco Pharmaceuticals Ltd.","3200","3200","OTC"
"Bexsul 6%+3%","Bexsul 6%+3%","Benzoic Acid + Salicylic Acid","6%+3%","অয়েন্টমেন্ট","একক","Other Antifungal preparations","Edruc Limited","15","15","OTC"
"Bextram Gold","Bextram Gold","Multivitamin & Multimineral [A-Z gold preparation]","","ট্যাবলেট","1 x 15","Multi-vitamin & Multi-mineral combined preparations","Beximco Pharmaceuticals Ltd.","12","12","OTC"
"Bextram Kids","Bextram Kids","Multivitamin + Cod Liver Oil","","সিরাপ","একক","Specific combined vitamin preparations","Beximco Pharmaceuticals Ltd.","90","90","OTC"
"Bextram Silver","Bextram Silver","Multivitamin & Multimineral [A-Z silver preparation]","","ট্যাবলেট","1 x 30","Multi-vitamin & Multi-mineral combined preparations","Beximco Pharmaceuticals Ltd.","12","12","OTC"
"Bextram Teen hm","Bextram Teen hm","Multivitamin & Multimineral [A-Z teen boys preparation]","","ট্যাবলেট","30's pack","Multi-vitamin & Multi-mineral combined preparations","Beximco Pharmaceuticals Ltd.","6.17","6.17","OTC"
"Bextram Teen hr","Bextram Teen hr","Multivitamin & Multimineral [A-Z teen girls preparation]","","ট্যাবলেট","30's pack","Multi-vitamin & Multi-mineral combined preparations","Beximco Pharmaceuticals Ltd.","6.17","6.17","OTC"
"BFC 0.09%","BFC 0.09%","Bromfenac Sodium","0.09%","Ophthalmic Solution","একক","Ophthalmic Non-Steroid drugs","Nipa Pharmaceuticals Ltd.","100","100","OTC"
"Bfen 10 mg","Bfen 10 mg","Baclofen","10 mg","ট্যাবলেট","3 x 10","Centrally acting Skeletal Muscle Relaxants","Army Pharma Limited","8","8","OTC"
"Bfen 5 mg","Bfen 5 mg","Baclofen","5 mg","ট্যাবলেট","5 x 10","Centrally acting Skeletal Muscle Relaxants","Army Pharma Limited","4.5","4.5","OTC"
"Bfenac 0.09%","Bfenac 0.09%","Bromfenac Sodium","0.09%","Ophthalmic Solution","একক","Ophthalmic Non-Steroid drugs","Popular Pharmaceuticals Ltd.","100","100","OTC"
"Bfill 100 mg+200 mg+200 mcg","Bfill 100 mg+200 mg+200 mcg","Vitamin B1, B6 & B12","100 mg+200 mg+200 mcg","ট্যাবলেট","1 x 30","Specific combined vitamin preparations","Maks Drug Limited","9","9","OTC"
"Bic-F","Bic-F","Iron + Folic acid + Vitamin B complex + Vitamin C","","ক্যাপসুল","5 x 10","Iron & Vitamin Combined preparations","General Pharmaceuticals Ltd.","3.52","3.52","OTC"
"Bical 50 mg","Bical 50 mg","Bicalutamide","50 mg","ট্যাবলেট","3 x 10","Hormonal Chemotherapy","Beacon Pharmaceuticals PLC","80","80","OTC"
"Bicalon 50 mg","Bicalon 50 mg","Bicalutamide","50 mg","ট্যাবলেট","2 x 14","Hormonal Chemotherapy","Drug International Ltd.","30","30","OTC"
"Bicozin","Bicozin","Vitamin B Complex + Zinc","","ট্যাবলেট","1 x 30","Specific mineral & vitamin combined preparations","Square Pharmaceuticals PLC","3","3","OTC"
"Bicozin","Bicozin","Vitamin B Complex + Zinc","","সিরাপ","একক","Specific mineral & vitamin combined preparations","Square Pharmaceuticals PLC","60","60","OTC"
"Bicozin-I","Bicozin-I","Iron Polymaltose Complex + Vitamin B Complex + Zinc","","সিরাপ","একক","Iron & Vitamin Combined preparations","Square Pharmaceuticals PLC","60","60","OTC"
"Bidicod 7.5 mg/5 ml","Bidicod 7.5 mg/5 ml","Butamirate Citrate","7.5 mg/5 ml","সিরাপ","একক","Cough suppressant","One Pharma Ltd.","80","80","OTC"
"Bidip 10 mg","Bidip 10 mg","Cilnidipine","10 mg","ট্যাবলেট","3 x 10","Calcium-channel blockers","Ziska Pharmaceuticals Ltd.","8","8","OTC"
"Bidip 5 mg","Bidip 5 mg","Cilnidipine","5 mg","ট্যাবলেট","3 x 10","Calcium-channel blockers","Ziska Pharmaceuticals Ltd.","6","6","OTC"
"Bidkof 7.5 mg/5 ml","Bidkof 7.5 mg/5 ml","Butamirate Citrate","7.5 mg/5 ml","সিরাপ","একক","Cough suppressant","Chemist Laboratories  Ltd.","80","80","OTC"
"Big B 100 mg+200 mg+200 mcg","Big B 100 mg+200 mg+200 mcg","Vitamin B1, B6 & B12","100 mg+200 mg+200 mcg","ট্যাবলেট","30's pack","Specific combined vitamin preparations","Amico Laboratories Ltd.","6","6","OTC"
"Biganib 180 mg","Biganib 180 mg","Brigatinib","180 mg","ট্যাবলেট","1 x 7","Cytotoxic Chemotherapy","Drug International Ltd.","2000","2000","OTC"
"Biganib 90 mg","Biganib 90 mg","Brigatinib","90 mg","ট্যাবলেট","1 x 10","Cytotoxic Chemotherapy","Drug International Ltd.","1400","1400","OTC"
"Bigatab 90 mg","Bigatab 90 mg","Brigatinib","90 mg","ট্যাবলেট","3 x 10","Cytotoxic Chemotherapy","Eskayef Pharmaceuticals Ltd.","350","350","OTC"
"Bigmet 500 mg","Bigmet 500 mg","Metformin Hydrochloride","500 mg","ট্যাবলেট","10 x 10","Biguanides","Renata PLC","4","4","OTC"
"Bigmet 850 mg","Bigmet 850 mg","Metformin Hydrochloride","850 mg","ট্যাবলেট","10 x 10","Biguanides","Renata PLC","6","6","OTC"
"Bigmet XR 500 mg","Bigmet XR 500 mg","Metformin Hydrochloride","500 mg","Tablet (Extended Release)","5 x 6","Biguanides","Renata PLC","6","6","OTC"
"Bihale 25 mcg+100 mcg","Bihale 25 mcg+100 mcg","Vilanterol Trifenatate + Fluticasone Furoate","25 mcg+100 mcg","Dry Powder Inhalation Capsule (DPI)","3 x 10","Respiratory corticosteroids","ACME Laboratories Ltd.","30","30","OTC"
"Bihale 25 mcg+200 mcg","Bihale 25 mcg+200 mcg","Vilanterol Trifenatate + Fluticasone Furoate","25 mcg+200 mcg","Dry Powder Inhalation Capsule (DPI)","3 x 10","Respiratory corticosteroids","ACME Laboratories Ltd.","22","22","OTC"
"Bilaben 20 mg","Bilaben 20 mg","Bilastine","20 mg","ট্যাবলেট","3 x 10","Non-sedating antihistamines","Benham Pharmaceuticals Ltd.","15","15","OTC"
"Bilabil 12.5 mg/5 ml","Bilabil 12.5 mg/5 ml","Bilastine","12.5 mg/5 ml","Oral Solution","একক","Non-sedating antihistamines","Sharif Pharmaceuticals Ltd.","100","100","OTC"
"Bilabil 20 mg","Bilabil 20 mg","Bilastine","20 mg","ট্যাবলেট","3 x 10","Non-sedating antihistamines","Sharif Pharmaceuticals Ltd.","15","15","OTC"
"Bilahist 12.5 mg/5 ml","Bilahist 12.5 mg/5 ml","Bilastine","12.5 mg/5 ml","Oral Solution","একক","Non-sedating antihistamines","UniMed UniHealth Pharmaceuticals Ltd.","130","130","OTC"
"Bilahist 20 mg","Bilahist 20 mg","Bilastine","20 mg","ট্যাবলেট","3 x 10","Non-sedating antihistamines","UniMed UniHealth Pharmaceuticals Ltd.","15","15","OTC"
"Bilamin 12.5 mg/5 ml","Bilamin 12.5 mg/5 ml","Bilastine","12.5 mg/5 ml","Oral Solution","একক","Non-sedating antihistamines","The IBN SINA Pharmaceutical PLC","140","140","OTC"
"Bilamin 20 mg","Bilamin 20 mg","Bilastine","20 mg","ট্যাবলেট","3 x 10","Non-sedating antihistamines","The IBN SINA Pharmaceutical PLC","15","15","OTC"
"Bilamin Kids 10 mg","Bilamin Kids 10 mg","Bilastine","10 mg","Dispersible Tablet","3 x 10","Non-sedating antihistamines","The IBN SINA Pharmaceutical PLC","12","12","OTC"
"Bilan 12.5 mg/5 ml","Bilan 12.5 mg/5 ml","Bilastine","12.5 mg/5 ml","Oral Solution","একক","Non-sedating antihistamines","ACME Laboratories Ltd.","100","100","OTC"
"Bilan 20 mg","Bilan 20 mg","Bilastine","20 mg","ট্যাবলেট","3 x 10","Non-sedating antihistamines","ACME Laboratories Ltd.","15","15","OTC"
"Bilan Kids 10 mg","Bilan Kids 10 mg","Bilastine","10 mg","Dispersible Tablet","2 x 10","Non-sedating antihistamines","ACME Laboratories Ltd.","15","15","OTC"
"Bilanex 12.5 mg/5 ml","Bilanex 12.5 mg/5 ml","Bilastine","12.5 mg/5 ml","Oral Solution","একক","Non-sedating antihistamines","Beacon Pharmaceuticals PLC","140","140","OTC"
"Bilanex 20 mg","Bilanex 20 mg","Bilastine","20 mg","ট্যাবলেট","4 x 10","Non-sedating antihistamines","Beacon Pharmaceuticals PLC","15","15","OTC"
"Bilargo 12.5 mg/5 ml","Bilargo 12.5 mg/5 ml","Bilastine","12.5 mg/5 ml","Oral Solution","একক","Non-sedating antihistamines","Ziska Pharmaceuticals Ltd.","100","100","OTC"
"Bilargo 20 mg","Bilargo 20 mg","Bilastine","20 mg","ট্যাবলেট","3 x 10","Non-sedating antihistamines","Ziska Pharmaceuticals Ltd.","15","15","OTC"
"Bilargo ODT 10 mg","Bilargo ODT 10 mg","Bilastine","10 mg","Dispersible Tablet","3 x 10","Non-sedating antihistamines","Ziska Pharmaceuticals Ltd.","10","10","OTC"
"Bilasi 12.5 mg/5 ml","Bilasi 12.5 mg/5 ml","Bilastine","12.5 mg/5 ml","Oral Solution","একক","Non-sedating antihistamines","Team Pharmaceuticals Ltd.","130","130","OTC"
"Bilasi 20 mg","Bilasi 20 mg","Bilastine","20 mg","ট্যাবলেট","2 x 10","Non-sedating antihistamines","Team Pharmaceuticals Ltd.","15","15","OTC"
"Bilastin 12.5 mg/5 ml","Bilastin 12.5 mg/5 ml","Bilastine","12.5 mg/5 ml","Oral Solution","একক","Non-sedating antihistamines","Popular Pharmaceuticals Ltd.","130","130","OTC"
"Bilastin 20 mg","Bilastin 20 mg","Bilastine","20 mg","ট্যাবলেট","5 x 10","Non-sedating antihistamines","Popular Pharmaceuticals Ltd.","16","16","OTC"
"Bilastin Kids 10 mg","Bilastin Kids 10 mg","Bilastine","10 mg","Dispersible Tablet","3 x 10","Non-sedating antihistamines","Popular Pharmaceuticals Ltd.","15","15","OTC"
"Bilaten 12.5 mg/5 ml","Bilaten 12.5 mg/5 ml","Bilastine","12.5 mg/5 ml","Oral Solution","একক","Non-sedating antihistamines","OSL Pharma Limited","140","140","OTC"
"Bilaten 20 mg","Bilaten 20 mg","Bilastine","20 mg","ট্যাবলেট","3 x 14","Non-sedating antihistamines","OSL Pharma Limited","15","15","OTC"
"Bilatis 12.5 mg/5 ml","Bilatis 12.5 mg/5 ml","Bilastine","12.5 mg/5 ml","Oral Solution","একক","Non-sedating antihistamines","Labaid Pharma Ltd.","140","140","OTC"
"Bilatis 20 mg","Bilatis 20 mg","Bilastine","20 mg","ট্যাবলেট","3 x 10","Non-sedating antihistamines","Labaid Pharma Ltd.","15","15","OTC"
"Bilaxe 20 mg","Bilaxe 20 mg","Bilastine","20 mg","ট্যাবলেট","2 x 10","Non-sedating antihistamines","Apex Pharma Ltd.","15","15","OTC"
"Bilbest 12.5 mg/5 ml","Bilbest 12.5 mg/5 ml","Bilastine","12.5 mg/5 ml","Oral Solution","একক","Non-sedating antihistamines","One Pharma Ltd.","120","120","OTC"
"Bilbest 20 mg","Bilbest 20 mg","Bilastine","20 mg","ট্যাবলেট","3 x 10","Non-sedating antihistamines","One Pharma Ltd.","15","15","OTC"
"Bilco 15 mg/5 ml","Bilco 15 mg/5 ml","Ambroxol Hydrochloride","15 mg/5 ml","সিরাপ","একক","Cough expectorants & mucolytics","Doctor’s Chemical Works Ltd.","40","40","OTC"
"Bilergy 20 mg","Bilergy 20 mg","Bilastine","20 mg","ট্যাবলেট","3 x 10","Non-sedating antihistamines","Albion Laboratories Limited","18","18","OTC"
"Bilexa 25 mcg+100 mcg","Bilexa 25 mcg+100 mcg","Vilanterol Trifenatate + Fluticasone Furoate","25 mcg+100 mcg","Dry Powder Inhalation Capsule (DPI)","3 x 10","Respiratory corticosteroids","Beximco Pharmaceuticals Ltd.","25","25","OTC"
"Bilexa 25 mcg+200 mcg","Bilexa 25 mcg+200 mcg","Vilanterol Trifenatate + Fluticasone Furoate","25 mcg+200 mcg","Dry Powder Inhalation Capsule (DPI)","3 x 10","Respiratory corticosteroids","Beximco Pharmaceuticals Ltd.","33","33","OTC"
"Bilfast 12.5 mg/5 ml","Bilfast 12.5 mg/5 ml","Bilastine","12.5 mg/5 ml","Oral Solution","একক","Non-sedating antihistamines","NIPRO JMI Pharma Ltd.","90","90","OTC"
"Bilfast 20 mg","Bilfast 20 mg","Bilastine","20 mg","ট্যাবলেট","3 x 10","Non-sedating antihistamines","NIPRO JMI Pharma Ltd.","15","15","OTC"
"Bilfast Kids 10 mg","Bilfast Kids 10 mg","Bilastine","10 mg","Dispersible Tablet","3 x 10","Non-sedating antihistamines","NIPRO JMI Pharma Ltd.","15","15","OTC"
"Bilgate 20 mg","Bilgate 20 mg","Bilastine","20 mg","ট্যাবলেট","3 x 10","Non-sedating antihistamines","National Drug Co. Ltd.","15","15","OTC"
"Bilicir 150 mg","Bilicir 150 mg","Ursodeoxycholic Acid","150 mg","ট্যাবলেট","5 x 10","Anti-gallstones drugs: Bile Acids","ACI Limited","11","11","OTC"
"Bilicir 300 mg","Bilicir 300 mg","Ursodeoxycholic Acid","300 mg","ট্যাবলেট","3 x 10","Anti-gallstones drugs: Bile Acids","ACI Limited","35","35","OTC"
"Bilista 12.5 mg/5 ml","Bilista 12.5 mg/5 ml","Bilastine","12.5 mg/5 ml","Oral Solution","একক","Non-sedating antihistamines","Square Pharmaceuticals PLC","100","100","OTC"
"Bilista 20 mg","Bilista 20 mg","Bilastine","20 mg","ট্যাবলেট","3 x 10","Non-sedating antihistamines","Square Pharmaceuticals PLC","15","15","OTC"
"Bilista Kids 10 mg","Bilista Kids 10 mg","Bilastine","10 mg","Dispersible Tablet","3 x 10","Non-sedating antihistamines","Square Pharmaceuticals PLC","15","15","OTC"
"Billi 12.5 mg/5 ml","Billi 12.5 mg/5 ml","Bilastine","12.5 mg/5 ml","Oral Solution","একক","Non-sedating antihistamines","Beximco Pharmaceuticals Ltd.","140","140","OTC"
"Billi 20 mg","Billi 20 mg","Bilastine","20 mg","ট্যাবলেট","2 x 15","Non-sedating antihistamines","Beximco Pharmaceuticals Ltd.","15","15","OTC"
"Billi Meltab 10 mg","Billi Meltab 10 mg","Bilastine","10 mg","Dispersible Tablet","3 x 10","Non-sedating antihistamines","Beximco Pharmaceuticals Ltd.","15","15","OTC"
"Bilosen 12.5 mg/5 ml","Bilosen 12.5 mg/5 ml","Bilastine","12.5 mg/5 ml","Oral Solution","একক","Non-sedating antihistamines","Novatek Pharmaceuticals Ltd.","120","120","OTC"
"Bilosen 20 mg","Bilosen 20 mg","Bilastine","20 mg","ট্যাবলেট","3 x 10","Non-sedating antihistamines","Novatek Pharmaceuticals Ltd.","15","15","OTC"
"Bilovia 10 mg","Bilovia 10 mg","Obeticholic Acid","10 mg","ট্যাবলেট","1 x 10","Farnesoid X Receptor Agonists","ACI Limited","55","55","OTC"
"Bilovia 5 mg","Bilovia 5 mg","Obeticholic Acid","5 mg","ট্যাবলেট","1 x 10","Farnesoid X Receptor Agonists","ACI Limited","30","30","OTC"
"Biltin 10 mg","Biltin 10 mg","Bilastine","10 mg","Dispersible Tablet","3 x 10","Non-sedating antihistamines","Eskayef Pharmaceuticals Ltd.","15","15","OTC"
"Biltin 12.5 mg/5 ml","Biltin 12.5 mg/5 ml","Bilastine","12.5 mg/5 ml","Oral Solution","একক","Non-sedating antihistamines","Eskayef Pharmaceuticals Ltd.","140","140","OTC"
"Biltin 20 mg","Biltin 20 mg","Bilastine","20 mg","ট্যাবলেট","3 x 10","Non-sedating antihistamines","Eskayef Pharmaceuticals Ltd.","15","15","OTC"
"Biltop 20 mg","Biltop 20 mg","Bilastine","20 mg","ট্যাবলেট","3 x 10","Non-sedating antihistamines","Salton Pharmaceuticals Ltd.","14","14","OTC"
"Bilxen 12.5 mg/5 ml","Bilxen 12.5 mg/5 ml","Bilastine","12.5 mg/5 ml","Oral Solution","একক","Non-sedating antihistamines","Everest Pharmaceuticals Ltd.","140","140","OTC"
"Bilxen 20 mg","Bilxen 20 mg","Bilastine","20 mg","ট্যাবলেট","2 x 10","Non-sedating antihistamines","Everest Pharmaceuticals Ltd.","15","15","OTC"
"Bimaprost 0.03%","Bimaprost 0.03%","Bimatoprost","0.03%","Ophthalmic Solution","একক","Drugs for miotics and glaucoma","Popular Pharmaceuticals Ltd.","500","500","OTC"
"Bimatol 0.03%","Bimatol 0.03%","Bimatoprost","0.03%","Ophthalmic Solution","একক","Drugs for miotics and glaucoma","Eskayef Pharmaceuticals Ltd.","650","650","OTC"
"Bimator 0.03%+0.5%","Bimator 0.03%+0.5%","Bimatoprost + Timolol","0.03%+0.5%","Ophthalmic Solution","একক","Other ophthalmic preparations","Square Pharmaceuticals PLC","500","500","OTC"
"Bimolet 0.2%+0.5%","Bimolet 0.2%+0.5%","Brimonidine Tartrate + Timolol Maleate","0.2%+0.5%","Ophthalmic Solution","একক","Drugs for miotics and glaucoma","The IBN SINA Pharmaceutical PLC","125","125","OTC"
"Bimuty 20 mg","Bimuty 20 mg","Zinc Sulfate Monohydrate","20 mg","Dispersible Tablet","3 x 10","Specific mineral preparations, Vaccines, Anti-sera & Immunoglobulin","Pacific Pharmaceuticals Ltd.","2","2","OTC"
"Bimuty DS 10 mg/5 ml","Bimuty DS 10 mg/5 ml","Zinc Sulfate Monohydrate","10 mg/5 ml","সিরাপ","একক","Specific mineral preparations, Vaccines, Anti-sera & Immunoglobulin","Pacific Pharmaceuticals Ltd.","36","36","OTC"
"Binafin 1%","Binafin 1%","Terbinafine Hydrochloride","1%","ক্রিম","একক","Other Antifungal preparations, Topical Antifungal preparations","Amulet Pharmaceuticals Ltd.","50","50","OTC"
"Binoclar 500 mg","Binoclar 500 mg","Clarithromycin","500 mg","ট্যাবলেট","2 x 7","Macrolides","SANDOZ (A Novartis Division)","67","67","OTC"
"Binzotim 1%+0.5%","Binzotim 1%+0.5%","Brinzolamide + Timolol","1%+0.5%","Ophthalmic Suspension","একক","Drugs for miotics and glaucoma","Eskayef Pharmaceuticals Ltd.","550","550","OTC"
"Bio Saline Fruity 10 gm/sachet","Bio Saline Fruity 10 gm/sachet","Oral rehydration salt [flavore & glucose based]","10 gm/sachet","Oral Powder","20's pack","Oral electrolytes preparations","Biogen Pharmaceuticals Ltd.","6","6","OTC"
"Bio-Bright Serum","Bio-Bright Serum","Miscellaneous Topical Agents","","Serum","একক","","DBL Healthcare Ltd.","2625","2625","OTC"
"Bio-Oral Saline 10.25 gm","Bio-Oral Saline 10.25 gm","Oral rehydration salt [glucose based]","10.25 gm","Oral Powder","20's pack","Oral electrolytes preparations","Biogen Pharmaceuticals Ltd.","5","5","OTC"
"BioBran 1 gm/sachet","BioBran 1 gm/sachet","Arabinoxylan","1 gm/sachet","Oral Powder","1 x 30","Immunomodulator","Beacon Pharmaceuticals PLC","500","500","OTC"
"BioBran 250 mg","BioBran 250 mg","Arabinoxylan","250 mg","ট্যাবলেট","2 x 25","Immunomodulator","Beacon Pharmaceuticals PLC","100","100","OTC"
"Biocal Kit 150 mg+600 mg+400 IU","Biocal Kit 150 mg+600 mg+400 IU","Ibandronic Acid + Algae Calcium + Vitamin D3","150 mg+600 mg+400 IU","ট্যাবলেট","একক","","ACI Limited","1700","1700","OTC"
"Biocal-D 500 mg+200 IU","Biocal-D 500 mg+200 IU","Algae Calcium + Vitamin D3","500 mg+200 IU","ট্যাবলেট","1 x 30","Specific mineral & vitamin combined preparations","ACI Limited","11","11","OTC"
"Biocal-DX 600 mg+400 IU","Biocal-DX 600 mg+400 IU","Algae Calcium + Vitamin D3","600 mg+400 IU","ট্যাবলেট","1 x 30","Specific mineral & vitamin combined preparations","ACI Limited","16","16","OTC"
"Biocap 100 mg","Biocap 100 mg","Doxycycline Hydrochloride","100 mg","ক্যাপসুল","10 x 10","Tetracycline group of drugs","Biopharma Limited","2.5","2.5","OTC"
"Biocid Plus (200 mg+400 mg+30 mg)/5 ml","Biocid Plus (200 mg+400 mg+30 mg)/5 ml","Aluminium Hydroxide + Magnesium Hydroxide + Simethicone","200 mg+400 mg+30 mg)/5 ml","Oral Suspension","একক","Antacids","Biopharma Limited","75","75","OTC"
"Biocid Plus 200 mg+200 mg+30 mg","Biocid Plus 200 mg+200 mg+30 mg","Aluminium Hydroxide + Magnesium Hydroxide + Simethicone","200 mg+200 mg+30 mg","Chewable Tablet","20 x 10","Antacids","Biopharma Limited","2","2","OTC"
"Biocin 2 mg/5 ml","Biocin 2 mg/5 ml","Chlorpheniramine Maleate","2 mg/5 ml","সিরাপ","একক","Sedating Anti-histamine","Biopharma Limited","21.78","21.78","OTC"
"Biocin 4 mg","Biocin 4 mg","Chlorpheniramine Maleate","4 mg","ট্যাবলেট","10 x 10","Sedating Anti-histamine","Biopharma Limited","0.2","0.2","OTC"
"Bioclavid 250 mg+125 mg","Bioclavid 250 mg+125 mg","Amoxicillin + Clavulanic Acid","250 mg+125 mg","ট্যাবলেট","4 x 6","Broad spectrum penicillins","SANDOZ (A Novartis Division)","27","27","OTC"
"Bioclavid 500 mg+125 mg","Bioclavid 500 mg+125 mg","Amoxicillin + Clavulanic Acid","500 mg+125 mg","ট্যাবলেট","5 x 6","Broad spectrum penicillins","SANDOZ (A Novartis Division)","35","35","OTC"
"Bioclavid 875 mg+125 mg","Bioclavid 875 mg+125 mg","Amoxicillin + Clavulanic Acid","875 mg+125 mg","ট্যাবলেট","3 x 6","Broad spectrum penicillins","SANDOZ (A Novartis Division)","50","50","OTC"
"Biocort 1%","Biocort 1%","Prednisolone Acetate","1%","Ophthalmic Suspension","একক","Glucocorticoids","Biopharma Limited","100","100","OTC"
"Biocox 90 mg","Biocox 90 mg","Etoricoxib","90 mg","ট্যাবলেট","3 x 10","Non-steroidal Anti-inflammatory Drugs (NSAIDs)","Biopharma Limited","12.03","12.03","OTC"
"Biodent 0.2%","Biodent 0.2%","Chlorhexidine Gluconate [0.2%]","0.2%","Mouthwash","একক","","Greenland Pharmaceuticals Ltd.","40","40","OTC"
"Bioderm (5 mg+500 IU)/gm","Bioderm (5 mg+500 IU)/gm","Neomycin Sulfate + Bacitracin Zinc","5 mg+500 IU)/gm","অয়েন্টমেন্ট","একক","Ophthalmic and Topical antibacterial products","Cosmic Pharma Ltd.","32","32","OTC"
"Biofavi 200 mg","Biofavi 200 mg","Favipiravir","200 mg","ট্যাবলেট","2 x 10","Anti-viral drugs","Biopharma Limited","200","200","OTC"
"Biofenac 100 mg","Biofenac 100 mg","Aceclofenac","100 mg","ট্যাবলেট","10 x 10","Drugs for Osteoarthritis, Drugs used for Rheumatoid Arthritis, Non-steroidal Anti-inflammatory Drugs (NSAIDs)","Biogen Pharmaceuticals Ltd.","3.5","3.5","OTC"
"Biofez 50 mg+0.50 mg+61.80 mg","Biofez 50 mg+0.50 mg+61.80 mg","Carbonyl Iron + Folic Acid + Zinc Sulfate","50 mg+0.50 mg+61.80 mg","Capsule (Timed Release)","5 x 10","Iron, Vitamin & Mineral Combined preparation","Jayson Pharmaceutical Ltd.","3.01","3.01","OTC"
"Bioflora 10 billion","Bioflora 10 billion","Probiotic Combination HN019 [10 Billion]","","ক্যাপসুল","3 x 10","","Total Herbal & Nutraceuticals","25","25","OTC"
"Biofol 15 mg","Biofol 15 mg","Folinic Acid","15 mg","ট্যাবলেট","3 x 10","Supportive Care Therapy","Incepta Pharmaceuticals Ltd.","25","25","OTC"
"Biofol 5 mg","Biofol 5 mg","Folinic Acid","5 mg","ট্যাবলেট","3 x 10","Supportive Care Therapy","Incepta Pharmaceuticals Ltd.","9","9","OTC"
"Biogold","Biogold","Multivitamin & Multimineral [A-Z gold preparation]","","ট্যাবলেট","1 x 30","Multi-vitamin & Multi-mineral combined preparations","Chemist Laboratories  Ltd.","12","12","OTC"
"Biokof 7.5 mg/5 ml","Biokof 7.5 mg/5 ml","Butamirate Citrate","7.5 mg/5 ml","সিরাপ","একক","Cough suppressant","Biopharma Limited","80","80","OTC"
"Bioland Easy Blood","Bioland Easy Blood","Blood glucose monitoring device","","Glucometer","একক","","Bioland","1150","1150","OTC"
"Biolina Plus 2.5 mg+850 mg","Biolina Plus 2.5 mg+850 mg","Linagliptin + Metformin Hydrochloride","2.5 mg+850 mg","ট্যাবলেট","2 x 6","Combination Oral hypoglycemic preparations","Biogen Pharmaceuticals Ltd.","13.5","13.5","OTC"
"Biomec 12 mg","Biomec 12 mg","Ivermectin (Tablet)","12 mg","ট্যাবলেট","2 x 10","Anthelmintic","Biopharma Limited","9","9","OTC"
"Biomec 6 mg","Biomec 6 mg","Ivermectin (Tablet)","6 mg","ট্যাবলেট","2 x 10","Anthelmintic","Biopharma Limited","5","5","OTC"
"Biomolipon 600 mg/ampoule","Biomolipon 600 mg/ampoule","Alpha-Lipoic Acid","600 mg/ampoule","ইনজেকশন","একক","","ZAS Corporation","820","820","Rx"
"BioMonas 10 mg","BioMonas 10 mg","Montelukast Sodium","10 mg","ট্যাবলেট","2 x 15","Leukotriene receptor antagonists","Biogen Pharmaceuticals Ltd.","14","14","OTC"
"Bionaprox Plus 375 mg+20 mg","Bionaprox Plus 375 mg+20 mg","Naproxen Sodium + Esomeprazole Magnesium","375 mg+20 mg","Tablet (Delayed Release)","3 x 10","Drugs for Osteoarthritis, Drugs used for Rheumatoid Arthritis, Non-steroidal Anti-inflammatory Drugs (NSAIDs)","Biogen Pharmaceuticals Ltd.","10","10","OTC"
"Bionex 500 mg","Bionex 500 mg","Tranexamic Acid","500 mg","ক্যাপসুল","2 x 10","Anti-fibrinolytic drugs, Haemostatic drugs","Biopharma Limited","16","16","OTC"
"Bionic (100 mg+100 mg+1 mg)/3 ml","Bionic (100 mg+100 mg+1 mg)/3 ml","Vitamin B1, B6 & B12","100 mg+100 mg+1 mg)/3 ml","IM Injection","2 x 5","Specific combined vitamin preparations","Pharmasia Limited","25","25","OTC"
"Bionic 100 mg+200 mg+200 mcg","Bionic 100 mg+200 mg+200 mcg","Vitamin B1, B6 & B12","100 mg+200 mg+200 mcg","ট্যাবলেট","1 x 30","Specific combined vitamin preparations","Pharmasia Limited","12","12","OTC"
"Bionime GM700","Bionime GM700","Blood glucose monitoring device","","Glucometer","একক","","Technokit Healthcare","2000","2000","OTC"
"Bionime GS100","Bionime GS100","Blood glucose monitoring device","","Test strip","1 x 25","","Technokit Healthcare","27","27","OTC"
"BioPen","BioPen","Insulin device & needle","","Insulin Device","একক","","ACI Limited","1100","1100","OTC"
"Biopen VK 125 mg/5 ml","Biopen VK 125 mg/5 ml","Phenoxymethyl Penicillin [Penicillin V]","125 mg/5 ml","পাউডার সাসপেনশন","একক","Narrow spectrum penicillin","Biopharma Limited","35","35","OTC"
"Biopen VK 250 mg","Biopen VK 250 mg","Phenoxymethyl Penicillin [Penicillin V]","250 mg","ট্যাবলেট","10 x 10","Narrow spectrum penicillin","Biopharma Limited","2.8","2.8","OTC"
"Bioplex 5 mg+2 mg+2 mg+20 mg","Bioplex 5 mg+2 mg+2 mg+20 mg","Vitamin B complex","5 mg+2 mg+2 mg+20 mg","ট্যাবলেট","1 x 60","Specific combined vitamin preparations","Biogen Pharmaceuticals Ltd.","0.5","0.5","OTC"
"Bioplex-B (5 mg+2 mg+2 mg+20 mg)/5 ml","Bioplex-B (5 mg+2 mg+2 mg+20 mg)/5 ml","Vitamin B complex","5 mg+2 mg+2 mg+20 mg)/5 ml","সিরাপ","একক","Specific combined vitamin preparations","Biogen Pharmaceuticals Ltd.","40","40","OTC"
"Bioquin 200 mg","Bioquin 200 mg","Hydroxychloroquine Sulphate","200 mg","ট্যাবলেট","3 x 10","Anti-malarial drugs, Disease-modifying antirheumatic drugs (DMARDs), Drugs used for Rheumatoid Arthritis","Albion Laboratories Limited","10","10","OTC"
"BioRenal 24.5 Billion CFU+100 mg+50 mcg","BioRenal 24.5 Billion CFU+100 mg+50 mcg","Probiotic + Prebiotic + Vitamin K2-7","100 mg+50 mcg","ক্যাপসুল","3 x 10","Herbal and Nutraceuticals, Probiotic","Beacon Pharmaceuticals PLC","150","150","OTC"
"Bioron 200 mg/5 ml","Bioron 200 mg/5 ml","Ferrous Sulfate","200 mg/5 ml","সিরাপ","একক","Oral Iron preparations","Biopharma Limited","26.1","26.1","OTC"
"Biorub 0.2%","Biorub 0.2%","Chlorhexidine Gluconate [0.2%]","0.2%","Mouthwash","একক","","Biopharma Limited","130","130","OTC"
"Biorub-I 75%+0.125%+1.45%","Biorub-I 75%+0.125%+1.45%","Isopropyl Alcohol + Hydrogen Peroxide + Glycerol","75%+0.125%+1.45%","Hand Rub","একক","Bleaching and Disinfectants, Other antibacterial preparation","Biopharma Limited","60","60","OTC"
"Bioshel-D 500 mg+200 IU","Bioshel-D 500 mg+200 IU","Eggshell Calcium + Vitamin D3","500 mg+200 IU","ট্যাবলেট","3 x 10","Specific mineral & vitamin combined preparations","DBL Pharmaceuticals Ltd.","12","12","OTC"
"Bioshel-DX 600 mg+400 IU","Bioshel-DX 600 mg+400 IU","Eggshell Calcium + Vitamin D3","600 mg+400 IU","ট্যাবলেট","3 x 10","Specific mineral & vitamin combined preparations","DBL Pharmaceuticals Ltd.","16","16","OTC"
"Bioton IV","Bioton IV","Multivitamin","","IV Injection or Infusion","একক","Multi-vitamin & Multi-mineral combined preparations","The IBN SINA Pharmaceutical PLC","250","250","OTC"
"Biotox Face Serum","Biotox Face Serum","Miscellaneous Topical Agents","","Serum","একক","","DBL Healthcare Ltd.","4200","4200","OTC"
"Biotrex 40 mg/5 ml","Biotrex 40 mg/5 ml","Levamisole Hydrochloride","40 mg/5 ml","সিরাপ","একক","Anthelmintic","Biopharma Limited","15","15","OTC"
"Biotrim (200 mg+40 mg)/5 ml","Biotrim (200 mg+40 mg)/5 ml","Sulphamethoxazole + Trimethoprim","200 mg+40 mg)/5 ml","Oral Suspension","একক","Anti-diarrhoeal antimicrobial drugs, Other antibacterial preparation","Biopharma Limited","22","22","OTC"
"Biotrim 400 mg+80 mg","Biotrim 400 mg+80 mg","Sulphamethoxazole + Trimethoprim","400 mg+80 mg","ট্যাবলেট","10 x 10","Anti-diarrhoeal antimicrobial drugs, Other antibacterial preparation","Biopharma Limited","1.49","1.49","OTC"
"Biotrim DS 800 mg+160 mg","Biotrim DS 800 mg+160 mg","Sulphamethoxazole + Trimethoprim","800 mg+160 mg","ট্যাবলেট","10 x 10","Anti-diarrhoeal antimicrobial drugs, Other antibacterial preparation","Biopharma Limited","2.01","2.01","OTC"
"Biovit","Biovit","Multivitamin [Pediatric preparation]","","Pediatric Drops","একক","Specific combined vitamin preparations","Biopharma Limited","24","24","OTC"
"Biovit (5 mg+2 mg+2 mg+20 mg)/5 ml","Biovit (5 mg+2 mg+2 mg+20 mg)/5 ml","Vitamin B complex","5 mg+2 mg+2 mg+20 mg)/5 ml","সিরাপ","একক","Specific combined vitamin preparations","Biopharma Limited","35","35","OTC"
"Biovit 5 mg+2 mg+2 mg+20 mg","Biovit 5 mg+2 mg+2 mg+20 mg","Vitamin B complex","5 mg+2 mg+2 mg+20 mg","ক্যাপসুল","20 x 10","Specific combined vitamin preparations","Biopharma Limited","1","1","OTC"
"Biovit Gold","Biovit Gold","Multivitamin & Multimineral [A-Z gold preparation]","","ট্যাবলেট","1 x 30","Multi-vitamin & Multi-mineral combined preparations","Biopharma Limited","9","9","OTC"
"Biovit Plus","Biovit Plus","Iron Polymaltose Complex + Vitamin B Complex + Zinc","","সিরাপ","একক","Iron & Vitamin Combined preparations","Biopharma Limited","55","55","OTC"
"Biovit PN","Biovit PN","Multivitamins & Multiminerals [A-Z prenatal preparation]","","ট্যাবলেট","1 x 15","Iron, Vitamin & Mineral Combined preparation, Multi-vitamin & Multi-mineral combined preparations","Biopharma Limited","5.03","5.03","OTC"
"Biovit Silver","Biovit Silver","Multivitamin & Multimineral [A-Z silver preparation]","","ট্যাবলেট","1 x 30","Multi-vitamin & Multi-mineral combined preparations","Biopharma Limited","7","7","OTC"
"Biovit-I 60 mg+30 mg+6 mg+2 mg+15 mg","Biovit-I 60 mg+30 mg+6 mg+2 mg+15 mg","Vitamin C + Vitamin E + Lutein + Copper + Zinc","60 mg+30 mg+6 mg+2 mg+15 mg","ক্যাপসুল","3 x 10","Anti-oxidant Multivitamin Multimineral preparations, Antioxidant vitamins & minerals for eye","Biopharma Limited","10","10","OTC"
"Biovit-M","Biovit-M","Multivitamin & Multimineral","","ট্যাবলেট","30's pack","Multi-vitamin & Multi-mineral combined preparations, Specific mineral & vitamin combined preparations","Biopharma Limited","2","2","OTC"
"Bioxim 100 mg/5 ml","Bioxim 100 mg/5 ml","Cefixime Trihydrate","100 mg/5 ml","পাউডার সাসপেনশন","একক","Third generation cephalosporins","Sharif Pharmaceuticals Ltd.","120.37","120.37","OTC"
"Bioxim 200 mg","Bioxim 200 mg","Cefixime Trihydrate","200 mg","ক্যাপসুল","2 x 7","Third generation cephalosporins","Sharif Pharmaceuticals Ltd.","30","30","OTC"
"Bioxim 400 mg","Bioxim 400 mg","Cefixime Trihydrate","400 mg","ক্যাপসুল","2 x 4","Third generation cephalosporins","Sharif Pharmaceuticals Ltd.","50.14","50.14","OTC"
"Bioxim DS 200 mg/5 ml","Bioxim DS 200 mg/5 ml","Cefixime Trihydrate","200 mg/5 ml","পাউডার সাসপেনশন","একক","Third generation cephalosporins","Sharif Pharmaceuticals Ltd.","280","280","OTC"
"Bioxon 1 gm/vial","Bioxon 1 gm/vial","Ceftriaxone Sodium","1 gm/vial","IV Injection","একক","Third generation cephalosporins","Benham Pharmaceuticals Ltd.","185","185","OTC"
"Bioxon 2 gm/vial","Bioxon 2 gm/vial","Ceftriaxone Sodium","2 gm/vial","IV Injection","একক","Third generation cephalosporins","Benham Pharmaceuticals Ltd.","290","290","OTC"
"Bioxon 500 mg/vial","Bioxon 500 mg/vial","Ceftriaxone Sodium","500 mg/vial","IM Injection","একক","Third generation cephalosporins","Benham Pharmaceuticals Ltd.","130","130","OTC"
"Biozinc 10 mg/5 ml","Biozinc 10 mg/5 ml","Zinc Sulfate Monohydrate","10 mg/5 ml","সিরাপ","একক","Specific mineral preparations, Vaccines, Anti-sera & Immunoglobulin","The IBN SINA Pharmaceutical PLC","35","35","OTC"
"Biozinc-B","Biozinc-B","Vitamin B Complex + Zinc","","সিরাপ","একক","Specific mineral & vitamin combined preparations","The IBN SINA Pharmaceutical PLC","45.17","45.17","OTC"
"Biozinc-I","Biozinc-I","Iron Polymaltose Complex + Vitamin B Complex + Zinc","","সিরাপ","একক","Iron & Vitamin Combined preparations","The IBN SINA Pharmaceutical PLC","50.19","50.19","OTC"
"Biozyl 200 mg/5 ml","Biozyl 200 mg/5 ml","Metronidazole","200 mg/5 ml","Oral Suspension","একক","Amoebicides, Anti-diarrhoeal antiprotozoal","Biopharma Limited","35","35","OTC"
"Biozyl 400 mg","Biozyl 400 mg","Metronidazole","400 mg","ট্যাবলেট","10 x 10","Amoebicides, Anti-diarrhoeal antiprotozoal","Biopharma Limited","1.7","1.7","OTC"
"Biozyl 500 mg/100 ml","Biozyl 500 mg/100 ml","Metronidazole","500 mg/100 ml","আইভি ইনফিউশন","একক","Amoebicides, Anti-diarrhoeal antiprotozoal","Biopharma Limited","85","85","Rx"
"Bipinor 2.5 mg","Bipinor 2.5 mg","Nebivolol Hydrochloride","2.5 mg","ট্যাবলেট","3 x 10","Beta-adrenoceptor blocking drugs, Beta-blockers","ACI Limited","7","7","OTC"
"Bipinor 5 mg","Bipinor 5 mg","Nebivolol Hydrochloride","5 mg","ট্যাবলেট","3 x 10","Beta-adrenoceptor blocking drugs, Beta-blockers","ACI Limited","12","12","OTC"
"Bipinor Plus 5 mg+12.5 mg","Bipinor Plus 5 mg+12.5 mg","Nebivolol + Hydrochlorothiazide","5 mg+12.5 mg","ট্যাবলেট","3 x 10","Combined antihypertensive preparations","ACI Limited","11","11","OTC"
"Biron Plus 150 mg+0.5 mg+61.8 mg","Biron Plus 150 mg+0.5 mg+61.8 mg","Ferrous Sulfate + Folic Acid + Zinc Sulfate","150 mg+0.5 mg+61.8 mg","Capsule (Timed Release)","6 x 10","Iron, Vitamin & Mineral Combined preparation","Biopharma Limited","2.92","2.92","OTC"
"Biscard 2.5 mg","Biscard 2.5 mg","Bisoprolol Fumarate","2.5 mg","ট্যাবলেট","3 x 10","Anti adrenergic agent (Beta blockers), Beta-adrenoceptor blocking drugs, Beta-blockers","Novatek Pharmaceuticals Ltd.","6","6","OTC"
"Biscard 5 mg","Biscard 5 mg","Bisoprolol Fumarate","5 mg","ট্যাবলেট","3 x 10","Anti adrenergic agent (Beta blockers), Beta-adrenoceptor blocking drugs, Beta-blockers","Novatek Pharmaceuticals Ltd.","10","10","OTC"
"Bislol 1.25 mg","Bislol 1.25 mg","Bisoprolol Fumarate","1.25 mg","ট্যাবলেট","5 x 14","Anti adrenergic agent (Beta blockers), Beta-adrenoceptor blocking drugs, Beta-blockers","Opsonin Pharma Ltd.","4","4","OTC"
"Bislol 10 mg","Bislol 10 mg","Bisoprolol Fumarate","10 mg","ট্যাবলেট","2 x 14","Anti adrenergic agent (Beta blockers), Beta-adrenoceptor blocking drugs, Beta-blockers","Opsonin Pharma Ltd.","18","18","OTC"
"Bislol 2.5 mg","Bislol 2.5 mg","Bisoprolol Fumarate","2.5 mg","ট্যাবলেট","5 x 14","Anti adrenergic agent (Beta blockers), Beta-adrenoceptor blocking drugs, Beta-blockers","Opsonin Pharma Ltd.","7","7","OTC"
"Bislol 5 mg","Bislol 5 mg","Bisoprolol Fumarate","5 mg","ট্যাবলেট","4 x 14","Anti adrenergic agent (Beta blockers), Beta-adrenoceptor blocking drugs, Beta-blockers","Opsonin Pharma Ltd.","11.5","11.5","OTC"
"Bislol 7.5 mg","Bislol 7.5 mg","Bisoprolol Fumarate","7.5 mg","ট্যাবলেট","3 x 14","Anti adrenergic agent (Beta blockers), Beta-adrenoceptor blocking drugs, Beta-blockers","Opsonin Pharma Ltd.","16","16","OTC"
"Bislol Max 2.5 mg+5 mg","Bislol Max 2.5 mg+5 mg","Bisoprolol Fumarate + Amlodipine Besilate","2.5 mg+5 mg","ট্যাবলেট","5 x 14","Anti-hypertensive","Opsonin Pharma Ltd.","8","8","OTC"
"Bislol Plus 10 mg+6.25 mg","Bislol Plus 10 mg+6.25 mg","Bisoprolol Fumarate + Hydrochlorothiazide","10 mg+6.25 mg","ট্যাবলেট","2 x 14","Combined antihypertensive preparations","Opsonin Pharma Ltd.","18.5","18.5","OTC"
"Bislol Plus 2.5 mg+6.25 mg","Bislol Plus 2.5 mg+6.25 mg","Bisoprolol Fumarate + Hydrochlorothiazide","2.5 mg+6.25 mg","ট্যাবলেট","5 x 14","Combined antihypertensive preparations","Opsonin Pharma Ltd.","7","7","OTC"
"Bislol Plus 5 mg+6.25 mg","Bislol Plus 5 mg+6.25 mg","Bisoprolol Fumarate + Hydrochlorothiazide","5 mg+6.25 mg","ট্যাবলেট","3 x 14","Combined antihypertensive preparations","Opsonin Pharma Ltd.","11.5","11.5","OTC"
"Bislor 20 mg","Bislor 20 mg","Bilastine","20 mg","ট্যাবলেট","3 x 10","Non-sedating antihistamines","Orion Pharma Ltd.","15","15","OTC"
"Bismatol 87.5 mg/5 ml","Bismatol 87.5 mg/5 ml","Bismuth Subsalicylate","87.5 mg/5 ml","Oral Suspension","একক","","Ad-din Pharmaceuticals Ltd.","150","150","OTC"
"Bisobet 2.5 mg","Bisobet 2.5 mg","Bisoprolol Fumarate","2.5 mg","ট্যাবলেট","3 x 10","Anti adrenergic agent (Beta blockers), Beta-adrenoceptor blocking drugs, Beta-blockers","Naafco Pharma PLC","6","6","OTC"
"Bisobet 5 mg","Bisobet 5 mg","Bisoprolol Fumarate","5 mg","ট্যাবলেট","3 x 10","Anti adrenergic agent (Beta blockers), Beta-adrenoceptor blocking drugs, Beta-blockers","Naafco Pharma PLC","10","10","OTC"
"Bisocam 2.5 mg+5 mg","Bisocam 2.5 mg+5 mg","Bisoprolol Fumarate + Amlodipine Besilate","2.5 mg+5 mg","ট্যাবলেট","3 x 10","Anti-hypertensive","Square Pharmaceuticals PLC","8","8","OTC"
"Bisocor 2.5 mg","Bisocor 2.5 mg","Bisoprolol Fumarate","2.5 mg","ট্যাবলেট","5 x 10","Anti adrenergic agent (Beta blockers), Beta-adrenoceptor blocking drugs, Beta-blockers","Square Pharmaceuticals PLC","7","7","OTC"
"Bisocor 5 mg","Bisocor 5 mg","Bisoprolol Fumarate","5 mg","ট্যাবলেট","3 x 10","Anti adrenergic agent (Beta blockers), Beta-adrenoceptor blocking drugs, Beta-blockers","Square Pharmaceuticals PLC","11.5","11.5","OTC"
"Bisocor Plus 2.5 mg+6.25 mg","Bisocor Plus 2.5 mg+6.25 mg","Bisoprolol Fumarate + Hydrochlorothiazide","2.5 mg+6.25 mg","ট্যাবলেট","3 x 10","Combined antihypertensive preparations","Square Pharmaceuticals PLC","6.02","6.02","OTC"
"Bisocor Plus 5 mg+6.25 mg","Bisocor Plus 5 mg+6.25 mg","Bisoprolol Fumarate + Hydrochlorothiazide","5 mg+6.25 mg","ট্যাবলেট","3 x 10","Combined antihypertensive preparations","Square Pharmaceuticals PLC","10.03","10.03","OTC"
"Bisofar 2.5 mg","Bisofar 2.5 mg","Bisoprolol Fumarate","2.5 mg","ট্যাবলেট","3 x 10","Anti adrenergic agent (Beta blockers), Beta-adrenoceptor blocking drugs, Beta-blockers","Silco Pharmaceutical Ltd.","6","6","OTC"
"Bisofar 5 mg","Bisofar 5 mg","Bisoprolol Fumarate","5 mg","ট্যাবলেট","3 x 10","Anti adrenergic agent (Beta blockers), Beta-adrenoceptor blocking drugs, Beta-blockers","Silco Pharmaceutical Ltd.","10","10","OTC"
"Bisoliv 2.5 mg","Bisoliv 2.5 mg","Bisoprolol Fumarate","2.5 mg","ট্যাবলেট","3 x 10","Anti adrenergic agent (Beta blockers), Beta-adrenoceptor blocking drugs, Beta-blockers","One Pharma Ltd.","6","6","OTC"
"Bisoliv 5 mg","Bisoliv 5 mg","Bisoprolol Fumarate","5 mg","ট্যাবলেট","3 x 10","Anti adrenergic agent (Beta blockers), Beta-adrenoceptor blocking drugs, Beta-blockers","One Pharma Ltd.","10","10","OTC"
"Bisoloc 2.5 mg","Bisoloc 2.5 mg","Bisoprolol Fumarate","2.5 mg","ট্যাবলেট","3 x 10","Anti adrenergic agent (Beta blockers), Beta-adrenoceptor blocking drugs, Beta-blockers","Orion Pharma Ltd.","7","7","OTC"
"Bisoloc 5 mg","Bisoloc 5 mg","Bisoprolol Fumarate","5 mg","ট্যাবলেট","3 x 10","Anti adrenergic agent (Beta blockers), Beta-adrenoceptor blocking drugs, Beta-blockers","Orion Pharma Ltd.","11","11","OTC"
"Bisonat 2.5 mg","Bisonat 2.5 mg","Bisoprolol Fumarate","2.5 mg","ট্যাবলেট","3 x 10","Anti adrenergic agent (Beta blockers), Beta-adrenoceptor blocking drugs, Beta-blockers","The White Horse Pharmaceuticals Ltd.","6","6","OTC"
"Bisopol 2.5 mg","Bisopol 2.5 mg","Bisoprolol Fumarate","2.5 mg","ট্যাবলেট","5 x 10","Anti adrenergic agent (Beta blockers), Beta-adrenoceptor blocking drugs, Beta-blockers","Euro Pharma Ltd.","5","5","OTC"
"Bisopol 5 mg","Bisopol 5 mg","Bisoprolol Fumarate","5 mg","ট্যাবলেট","3 x 10","Anti adrenergic agent (Beta blockers), Beta-adrenoceptor blocking drugs, Beta-blockers","Euro Pharma Ltd.","9","9","OTC"
"Bisopol-A 2.5 mg+5 mg","Bisopol-A 2.5 mg+5 mg","Bisoprolol Fumarate + Amlodipine Besilate","2.5 mg+5 mg","ট্যাবলেট","5 x 10","Anti-hypertensive","Euro Pharma Ltd.","6","6","OTC"
"Bisopress 2.5 mg","Bisopress 2.5 mg","Bisoprolol Fumarate","2.5 mg","ট্যাবলেট","3 x 10","Anti adrenergic agent (Beta blockers), Beta-adrenoceptor blocking drugs, Beta-blockers","NIPRO JMI Pharma Ltd.","7","7","OTC"
"Bisopress 5 mg","Bisopress 5 mg","Bisoprolol Fumarate","5 mg","ট্যাবলেট","3 x 10","Anti adrenergic agent (Beta blockers), Beta-adrenoceptor blocking drugs, Beta-blockers","NIPRO JMI Pharma Ltd.","11.5","11.5","OTC"
"Bisopro 1.25 mg","Bisopro 1.25 mg","Bisoprolol Fumarate","1.25 mg","ট্যাবলেট","3 x 10","Anti adrenergic agent (Beta blockers), Beta-adrenoceptor blocking drugs, Beta-blockers","Incepta Pharmaceuticals Ltd.","4","4","OTC"
"Bisopro 2.5 mg","Bisopro 2.5 mg","Bisoprolol Fumarate","2.5 mg","ট্যাবলেট","5 x 10","Anti adrenergic agent (Beta blockers), Beta-adrenoceptor blocking drugs, Beta-blockers","Incepta Pharmaceuticals Ltd.","6","6","OTC"
"Bisopro 5 mg","Bisopro 5 mg","Bisoprolol Fumarate","5 mg","ট্যাবলেট","3 x 10","Anti adrenergic agent (Beta blockers), Beta-adrenoceptor blocking drugs, Beta-blockers","Incepta Pharmaceuticals Ltd.","10","10","OTC"
"Bisopro Plus 2.5 mg+6.25 mg","Bisopro Plus 2.5 mg+6.25 mg","Bisoprolol Fumarate + Hydrochlorothiazide","2.5 mg+6.25 mg","ট্যাবলেট","3 x 10","Combined antihypertensive preparations","Incepta Pharmaceuticals Ltd.","6","6","OTC"
"Bisopro Plus 5 mg+6.25 mg","Bisopro Plus 5 mg+6.25 mg","Bisoprolol Fumarate + Hydrochlorothiazide","5 mg+6.25 mg","ট্যাবলেট","3 x 10","Combined antihypertensive preparations","Incepta Pharmaceuticals Ltd.","10","10","OTC"
"Bisopro-A 2.5 mg+5 mg","Bisopro-A 2.5 mg+5 mg","Bisoprolol Fumarate + Amlodipine Besilate","2.5 mg+5 mg","ট্যাবলেট","3 x 10","Anti-hypertensive","Incepta Pharmaceuticals Ltd.","6","6","OTC"
"Bisoren 1.25 mg","Bisoren 1.25 mg","Bisoprolol Fumarate","1.25 mg","ট্যাবলেট","3 x 10","Anti adrenergic agent (Beta blockers), Beta-adrenoceptor blocking drugs, Beta-blockers","Renata PLC","4","4","OTC"
"Bisoren 10 mg","Bisoren 10 mg","Bisoprolol Fumarate","10 mg","ট্যাবলেট","3 x 10","Anti adrenergic agent (Beta blockers), Beta-adrenoceptor blocking drugs, Beta-blockers","Renata PLC","18","18","OTC"
"Bisoren 2.5 mg","Bisoren 2.5 mg","Bisoprolol Fumarate","2.5 mg","ট্যাবলেট","3 x 10","Anti adrenergic agent (Beta blockers), Beta-adrenoceptor blocking drugs, Beta-blockers","Renata PLC","7","7","OTC"
"Bisoren 5 mg","Bisoren 5 mg","Bisoprolol Fumarate","5 mg","ট্যাবলেট","3 x 10","Anti adrenergic agent (Beta blockers), Beta-adrenoceptor blocking drugs, Beta-blockers","Renata PLC","11.5","11.5","OTC"
"Bisoren M 2.5 mg+5 mg","Bisoren M 2.5 mg+5 mg","Bisoprolol Fumarate + Amlodipine Besilate","2.5 mg+5 mg","ট্যাবলেট","3 x 10","Anti-hypertensive","Renata PLC","8","8","OTC"
"Bisoren Plus 2.5 mg+6.25 mg","Bisoren Plus 2.5 mg+6.25 mg","Bisoprolol Fumarate + Hydrochlorothiazide","2.5 mg+6.25 mg","ট্যাবলেট","3 x 10","Combined antihypertensive preparations","Renata PLC","7","7","OTC"
"Bisoren Plus 5 mg+6.25 mg","Bisoren Plus 5 mg+6.25 mg","Bisoprolol Fumarate + Hydrochlorothiazide","5 mg+6.25 mg","ট্যাবলেট","3 x 10","Combined antihypertensive preparations","Renata PLC","11.5","11.5","OTC"
"Bisorif 2.5 mg","Bisorif 2.5 mg","Bisoprolol Fumarate","2.5 mg","ট্যাবলেট","3 x 10","Anti adrenergic agent (Beta blockers), Beta-adrenoceptor blocking drugs, Beta-blockers","Sharif Pharmaceuticals Ltd.","6.01","6.01","OTC"
"Bisorif 5 mg","Bisorif 5 mg","Bisoprolol Fumarate","5 mg","ট্যাবলেট","3 x 10","Anti adrenergic agent (Beta blockers), Beta-adrenoceptor blocking drugs, Beta-blockers","Sharif Pharmaceuticals Ltd.","10.03","10.03","OTC"
"Bisotab 2.5 mg","Bisotab 2.5 mg","Bisoprolol Fumarate","2.5 mg","ট্যাবলেট","3 x 10","Anti adrenergic agent (Beta blockers), Beta-adrenoceptor blocking drugs, Beta-blockers","Pharmasia Limited","6","6","OTC"
"Bisotab 5 mg","Bisotab 5 mg","Bisoprolol Fumarate","5 mg","ট্যাবলেট","3 x 10","Anti adrenergic agent (Beta blockers), Beta-adrenoceptor blocking drugs, Beta-blockers","Pharmasia Limited","10","10","OTC"
"Bispep 87.5 mg/5 ml","Bispep 87.5 mg/5 ml","Bismuth Subsalicylate","87.5 mg/5 ml","Oral Suspension","একক","","Benham Pharmaceuticals Ltd.","75","75","OTC"
"Bisten 10 mg","Bisten 10 mg","Bisoprolol Fumarate","10 mg","ট্যাবলেট","20's pack","Anti adrenergic agent (Beta blockers), Beta-adrenoceptor blocking drugs, Beta-blockers","Edruc Limited","14","14","OTC"
"Bisten 2.5 mg","Bisten 2.5 mg","Bisoprolol Fumarate","2.5 mg","ট্যাবলেট","30's pack","Anti adrenergic agent (Beta blockers), Beta-adrenoceptor blocking drugs, Beta-blockers","Edruc Limited","5","5","OTC"
"Bisten 5 mg","Bisten 5 mg","Bisoprolol Fumarate","5 mg","ট্যাবলেট","30's pack","Anti adrenergic agent (Beta blockers), Beta-adrenoceptor blocking drugs, Beta-blockers","Edruc Limited","9","9","OTC"
"Bisten Plus 10 mg+6.25 mg","Bisten Plus 10 mg+6.25 mg","Bisoprolol Fumarate + Hydrochlorothiazide","10 mg+6.25 mg","ট্যাবলেট","20's pack","Combined antihypertensive preparations","Edruc Limited","19.18","19.18","OTC"
"Bisten Plus 2.5 mg+6.25 mg","Bisten Plus 2.5 mg+6.25 mg","Bisoprolol Fumarate + Hydrochlorothiazide","2.5 mg+6.25 mg","ট্যাবলেট","30's pack","Combined antihypertensive preparations","Edruc Limited","5","5","OTC"
"Bisten Plus 5 mg+6.25 mg","Bisten Plus 5 mg+6.25 mg","Bisoprolol Fumarate + Hydrochlorothiazide","5 mg+6.25 mg","ট্যাবলেট","30's pack","Combined antihypertensive preparations","Edruc Limited","9","9","OTC"
"Biva 250 mg/5 ml","Biva 250 mg/5 ml","Bivalirudin","250 mg/5 ml","IV Injection","একক","Anti-platelet drugs","Healthcare Pharmaceuticals Ltd.","10000","10000","OTC"
"Bivara 25 mg","Bivara 25 mg","Brivaracetam","25 mg","ট্যাবলেট","2 x 10","Adjunct anti-epileptic drugs","ACI Limited","40","40","OTC"
"Bivara 50 mg","Bivara 50 mg","Brivaracetam","50 mg","ট্যাবলেট","1 x 10","Adjunct anti-epileptic drugs","ACI Limited","75","75","OTC"
"Bivara 50 mg/5 ml","Bivara 50 mg/5 ml","Brivaracetam","50 mg/5 ml","Oral Solution","একক","Adjunct anti-epileptic drugs","ACI Limited","800","800","OTC"
"Bizi","Bizi","Iron Polymaltose Complex + Vitamin B Complex + Zinc","","সিরাপ","একক","Iron & Vitamin Combined preparations","Globe Pharmaceuticals Ltd.","50","50","OTC"
"Bizoran 10 mg+20 mg","Bizoran 10 mg+20 mg","Amlodipine Besilate + Olmesartan Medoxomil","10 mg+20 mg","ট্যাবলেট","2 x 15","Combined antihypertensive preparations","Beximco Pharmaceuticals Ltd.","15","15","OTC"
"Bizoran 10 mg+40 mg","Bizoran 10 mg+40 mg","Amlodipine Besilate + Olmesartan Medoxomil","10 mg+40 mg","ট্যাবলেট","2 x 15","Combined antihypertensive preparations","Beximco Pharmaceuticals Ltd.","22","22","OTC"
"Bizoran 5 mg+20 mg","Bizoran 5 mg+20 mg","Amlodipine Besilate + Olmesartan Medoxomil","5 mg+20 mg","ট্যাবলেট","2 x 15","Combined antihypertensive preparations","Beximco Pharmaceuticals Ltd.","12","12","OTC"
"Bizoran 5 mg+40 mg","Bizoran 5 mg+40 mg","Amlodipine Besilate + Olmesartan Medoxomil","5 mg+40 mg","ট্যাবলেট","2 x 15","Combined antihypertensive preparations","Beximco Pharmaceuticals Ltd.","20","20","OTC"
"Black Seed Oil","কালোজিরার তেল","কালোজিরা","","Oil","১০০ মি.লি.","","Ayurvedic","420","500","OTC"
"Blast 10 mg","Blast 10 mg","Bilastine","10 mg","Dispersible Tablet","3 x 10","Non-sedating antihistamines","General Pharmaceuticals Ltd.","15","15","OTC"
"Blast 12.5 mg/5 ml","Blast 12.5 mg/5 ml","Bilastine","12.5 mg/5 ml","Oral Solution","একক","Non-sedating antihistamines","General Pharmaceuticals Ltd.","140","140","OTC"
"Blast 20 mg","Blast 20 mg","Bilastine","20 mg","ট্যাবলেট","3 x 10","Non-sedating antihistamines","General Pharmaceuticals Ltd.","15","15","OTC"
"Bleonix 15,000 IU/vial","Bleonix 15,000 IU/vial","Bleomycin Sulfate","15,000 IU/vial","ইনজেকশন","একক","Cytotoxic Chemotherapy","Beacon Pharmaceuticals PLC","1500","1500","Rx"
"Blextin 10 mg","Blextin 10 mg","Bilastine","10 mg","Dispersible Tablet","3 x 10","Non-sedating antihistamines","Somatec Pharmaceuticals Ltd.","12","12","OTC"
"Blextin 20 mg","Blextin 20 mg","Bilastine","20 mg","ট্যাবলেট","3 x 10","Non-sedating antihistamines","Somatec Pharmaceuticals Ltd.","15","15","OTC"
"Blix 20 mg","Blix 20 mg","Bilastine","20 mg","ট্যাবলেট","2 x 10","Non-sedating antihistamines","C2C Pharma Ltd.","10","10","OTC"
"Bloatnil 67 mg/ml","Bloatnil 67 mg/ml","Simethicone","67 mg/ml","Pediatric Drops","একক","Anti-dyspeptic/Carminatives","Navana Pharmaceuticals Ltd.","35","35","OTC"
"Blocid (500 mg+100 mg)/5 ml","Blocid (500 mg+100 mg)/5 ml","Sodium Alginate + Potassium Bicarbonate","500 mg+100 mg)/5 ml","Oral Suspension","একক","Antacids","ACI Limited","125","125","OTC"
"Blocid 500 mg+100 mg","Blocid 500 mg+100 mg","Sodium Alginate + Potassium Bicarbonate","500 mg+100 mg","Chewable Tablet","10 x 10","Antacids","ACI Limited","3.5","3.5","OTC"
"Block-T 500 mg","Block-T 500 mg","Tranexamic Acid","500 mg","ট্যাবলেট","2 x 10","Anti-fibrinolytic drugs, Haemostatic drugs","Drug International Ltd.","20","20","OTC"
"Block-T 500 mg/5 ml","Block-T 500 mg/5 ml","Tranexamic Acid","500 mg/5 ml","IM/IV Injection","1 x 3","Anti-fibrinolytic drugs, Haemostatic drugs","Drug International Ltd.","70","70","OTC"
"Blood Plus 50 mg+0.50 mg+61.80 mg","Blood Plus 50 mg+0.50 mg+61.80 mg","Carbonyl Iron + Folic Acid + Zinc Sulfate","50 mg+0.50 mg+61.80 mg","Capsule (Timed Release)","3 x 10","Iron, Vitamin & Mineral Combined preparation","Pharmik Laboratories Ltd.","3","3","OTC"
"Bludrop 5% v/v","Bludrop 5% v/v","Povidone Iodine","5% v/v","Ophthalmic Solution","একক","Iodine compounds (Anti-septic Preparations)","Healthcare Pharmaceuticals Ltd.","100","100","OTC"
"BNZ 1%","BNZ 1%","Brinzolamide","1%","Ophthalmic Suspension","একক","Drugs for miotics and glaucoma","UNIDO Pharmaceuticals Ltd.","500","500","OTC"
"Body Firmer Body Lotion","Body Firmer Body Lotion","Miscellaneous Topical Agents","","লোশন","একক","","DBL Healthcare Ltd.","1890","1890","OTC"
"Bolt 0.2%+2%","Bolt 0.2%+2%","Mucopolysaccharide Polysulphate + Salicylic Acid","0.2%+2%","Topical Gel","একক","","Incepta Pharmaceuticals Ltd.","200","200","OTC"
"Bomaz 3 mg","Bomaz 3 mg","Bromazepam","3 mg","ট্যাবলেট","5 x 10","Benzodiazepine sedatives","Sharif Pharmaceuticals Ltd.","4.01","4.01","OTC"
"Bonacal 500 mg","Bonacal 500 mg","Calcium Carbonate","500 mg","ট্যাবলেট","30's pack","Minerals in bone formation, Specific mineral preparations","Marksman Pharmaceuticals Ltd.","2.21","2.21","OTC"
"Bonacerin 750 mg+50 mg","Bonacerin 750 mg+50 mg","Glucosamine Sulfate + Diacerein","750 mg+50 mg","ট্যাবলেট","3 x 10","Stimulation of Cartilage formation","Navana Pharmaceuticals Ltd.","12","12","OTC"
"Bonaid 150 mg","Bonaid 150 mg","Ibandronic Acid","150 mg","ট্যাবলেট","একক","Bisphosphonate preparations","Labaid Pharma Ltd.","1500","1500","OTC"
"Boncare 150 mg","Boncare 150 mg","Ibandronic Acid","150 mg","ট্যাবলেট","একক","Bisphosphonate preparations","Orion Pharma Ltd.","1203.61","1203.61","OTC"
"Boncoral 500 mg+200 IU","Boncoral 500 mg+200 IU","Coral Calcium + Vitamin D3","500 mg+200 IU","ট্যাবলেট","6 x 10","Specific mineral & vitamin combined preparations","Veritas Pharmaceuticals Ltd.","11","11","OTC"
"Boncoral-DX 600 mg+400 IU","Boncoral-DX 600 mg+400 IU","Coral Calcium + Vitamin D3","600 mg+400 IU","ট্যাবলেট","3 x 10","Specific mineral & vitamin combined preparations","Veritas Pharmaceuticals Ltd.","15","15","OTC"
"Bondrix 150 mg","Bondrix 150 mg","Ibandronic Acid","150 mg","ট্যাবলেট","একক","Bisphosphonate preparations","The IBN SINA Pharmaceutical PLC","400","400","OTC"
"Bondro 750 mg+600 mg","Bondro 750 mg+600 mg","Glucosamine Sulfate + Chondroitin","750 mg+600 mg","ট্যাবলেট","5 x 6","Stimulation of Cartilage formation","Navana Pharmaceuticals Ltd.","16","16","OTC"
"Bondrova 150 mg","Bondrova 150 mg","Ibandronic Acid","150 mg","ট্যাবলেট","একক","Bisphosphonate preparations","Healthcare Pharmaceuticals Ltd.","1960","1960","OTC"
"Bondrova 3 mg/3 ml","Bondrova 3 mg/3 ml","Ibandronic Acid","3 mg/3 ml","আইভি ইনফিউশন","একক","Bisphosphonate preparations","Healthcare Pharmaceuticals Ltd.","4500","4500","Rx"
"Bondrova Pro 150 mg+600 mg+400 IU","Bondrova Pro 150 mg+600 mg+400 IU","Ibandronic Acid + Coral Calcium + Vitamin D3","150 mg+600 mg+400 IU","ট্যাবলেট","একক","Bisphosphonate preparations","Healthcare Pharmaceuticals Ltd.","2920","2920","OTC"
"Bone-Guard 150 mg","Bone-Guard 150 mg","Ibandronic Acid","150 mg","ট্যাবলেট","একক","Bisphosphonate preparations","Incepta Pharmaceuticals Ltd.","510","510","OTC"
"Bonemass D 70 mg+2800 IU","Bonemass D 70 mg+2800 IU","Alendronic Acid + Vitamin D3","70 mg+2800 IU","ট্যাবলেট","1 x 10","Combined preparations: Inhibiting bone resorption","Incepta Pharmaceuticals Ltd.","30","30","OTC"
"BoneStar Kit 150 mg+400 mg","BoneStar Kit 150 mg+400 mg","Ibandronic Acid & Calcium Orotate","150 mg+400 mg","ট্যাবলেট","একক","Minerals in bone formation, Specific mineral preparations","NIPRO JMI Pharma Ltd.","990","990","OTC"
"Bonex-D 500 mg+200 IU","Bonex-D 500 mg+200 IU","Conventional Calcium + Vitamin D3","500 mg+200 IU","ট্যাবলেট","5 x 10","Specific mineral & vitamin combined preparations","Cosmo Pharma Laboratories Ltd.","7","7","OTC"
"Bonfix 150 mg","Bonfix 150 mg","Ibandronic Acid","150 mg","ট্যাবলেট","একক","Bisphosphonate preparations","Opsonin Pharma Ltd.","1200","1200","OTC"
"Bonflex 250 mg+200 mg","Bonflex 250 mg+200 mg","Glucosamine Sulfate + Chondroitin","250 mg+200 mg","ট্যাবলেট","4 x 10","Stimulation of Cartilage formation","Eskayef Pharmaceuticals Ltd.","8","8","OTC"
"Bongel 0.01%+8.714%","Bongel 0.01%+8.714%","Cetalkonium Chloride + Choline Salicylate","0.01%+8.714%","Oral Gel","একক","Non-steroidal Anti-inflammatory Drugs (NSAIDs), Preparations for Oral Ulceration & Inflammation","General Pharmaceuticals Ltd.","80.24","80.24","OTC"
"Boni D 500 mg+200 IU","Boni D 500 mg+200 IU","Conventional Calcium + Vitamin D3","500 mg+200 IU","ট্যাবলেট","1 x 15","Specific mineral & vitamin combined preparations","Delta Pharma Ltd.","6","6","OTC"
"Boni Gold 400 mg","Boni Gold 400 mg","Calcium Orotate","400 mg","ট্যাবলেট","3 x 10","Minerals in bone formation, Specific mineral preparations","Delta Pharma Ltd.","8","8","OTC"
"Boni LG 500 mg+200 IU","Boni LG 500 mg+200 IU","Algae Calcium + Vitamin D3","500 mg+200 IU","ট্যাবলেট","3 x 10","Specific mineral & vitamin combined preparations","Delta Pharma Ltd.","8","8","OTC"
"Boni LGX 600 mg+400 IU","Boni LGX 600 mg+400 IU","Algae Calcium + Vitamin D3","600 mg+400 IU","ট্যাবলেট","3 x 10","Specific mineral & vitamin combined preparations","Delta Pharma Ltd.","12","12","OTC"
"Boni M","Boni M","Calcium + Vitamin D3 + Multimineral","","ট্যাবলেট","1 x 15","Specific mineral & vitamin combined preparations","Delta Pharma Ltd.","4","4","OTC"
"Bonigen 20 mg+750 mg+50 mg+0.75 mg","Bonigen 20 mg+750 mg+50 mg+0.75 mg","Undenatured Type II Collagen + Glucosamine sulfate + Boswellia serrata + Boron","20 mg+750 mg+50 mg+0.75 mg","ট্যাবলেট","3 x 10","Specific mineral & vitamin combined preparations","Popular Pharmaceuticals Ltd.","35","35","OTC"
"Bonizol 5 mg/100 ml","Bonizol 5 mg/100 ml","Zoledronic Acid [For osteoporosis]","5 mg/100 ml","আইভি ইনফিউশন","একক","Bisphosphonate preparations","Square Pharmaceuticals PLC","6000","6000","Rx"
"Bonmax 150 mg","Bonmax 150 mg","Ibandronic Acid","150 mg","ট্যাবলেট","একক","Bisphosphonate preparations","Globe Pharmaceuticals Ltd.","510","510","OTC"
"Bonmax D 500 mg+200 IU","Bonmax D 500 mg+200 IU","Conventional Calcium + Vitamin D3","500 mg+200 IU","ট্যাবলেট","1 x 15","Specific mineral & vitamin combined preparations","Novelta Bestway Pharma Ltd.","4","4","OTC"
"Bonmax M","Bonmax M","Calcium + Vitamin D3 + Multimineral","","ট্যাবলেট","30's pack","Specific mineral & vitamin combined preparations","Novelta Bestway Pharma Ltd.","5","5","OTC"
"Bonova 150 mg","Bonova 150 mg","Ibandronic Acid","150 mg","ট্যাবলেট","একক","Bisphosphonate preparations","Radiant Pharmaceuticals Ltd.","2507.52","2507.52","OTC"
"Bontiv 750 mg+50 mg","Bontiv 750 mg+50 mg","Glucosamine Sulfate + Diacerein","750 mg+50 mg","ট্যাবলেট","7 x 4","Stimulation of Cartilage formation","Healthcare Pharmaceuticals Ltd.","12","12","OTC"
"Bontonic","Bontonic","Calcium + Vitamin D3 + Multimineral","","ট্যাবলেট","30's pack","Specific mineral & vitamin combined preparations","Globex Pharmaceuticals Ltd.","5","5","OTC"
"Bonwell-D 500 mg+200 IU","Bonwell-D 500 mg+200 IU","Conventional Calcium + Vitamin D3","500 mg+200 IU","ট্যাবলেট","1 x 15","Specific mineral & vitamin combined preparations","Al-Madina Pharmaceuticals Ltd.","7","7","OTC"
"Bopam 3 mg","Bopam 3 mg","Bromazepam","3 mg","ট্যাবলেট","10 x 10","Benzodiazepine sedatives","Opsonin Pharma Ltd.","5.25","5.25","OTC"
"Bortemo 2 mg/vial","Bortemo 2 mg/vial","Bortezomib","2 mg/vial","IV/SC Injection","একক","Targeted Cancer Therapy","Healthcare Pharmaceuticals Ltd.","11800","11800","OTC"
"Bortez 1 mg/vial","Bortez 1 mg/vial","Bortezomib","1 mg/vial","IV/SC Injection","একক","Targeted Cancer Therapy","Beacon Pharmaceuticals PLC","7500","7500","OTC"
"Bortez 2 mg/vial","Bortez 2 mg/vial","Bortezomib","2 mg/vial","IV/SC Injection","একক","Targeted Cancer Therapy","Beacon Pharmaceuticals PLC","12000","12000","OTC"
"Bortezomib Ever Pharma 3.5 mg/vial","Bortezomib Ever Pharma 3.5 mg/vial","Bortezomib","3.5 mg/vial","IV/SC Injection","একক","Targeted Cancer Therapy","ZAS Corporation","14000","14000","OTC"
"Bost (100 mg+100 mg+1 mg)/3 ml","Bost (100 mg+100 mg+1 mg)/3 ml","Vitamin B1, B6 & B12","100 mg+100 mg+1 mg)/3 ml","IM Injection","2 x 5","Specific combined vitamin preparations","General Pharmaceuticals Ltd.","30","30","OTC"
"Bost 100 mg+200 mg+200 mcg","Bost 100 mg+200 mg+200 mcg","Vitamin B1, B6 & B12","100 mg+200 mg+200 mcg","ট্যাবলেট","1 x 30","Specific combined vitamin preparations","General Pharmaceuticals Ltd.","12","12","OTC"
"Botox 100 unit","Botox 100 unit","Clostridium Botulinum Toxin Type A Neurotoxin","","ইনজেকশন","একক","Drugs used in Cerebral Palsy, Vaccines, Anti-sera & Immunoglobulin","UniMed UniHealth Pharmaceuticals Ltd.","47000","47000","Rx"
"Boxol 15 mg/5 ml","Boxol 15 mg/5 ml","Ambroxol Hydrochloride","15 mg/5 ml","সিরাপ","একক","Cough expectorants & mucolytics","Opsonin Pharma Ltd.","50","50","OTC"
"Boxol 6 mg/ml","Boxol 6 mg/ml","Ambroxol Hydrochloride","6 mg/ml","Pediatric Drops","একক","Cough expectorants & mucolytics","Opsonin Pharma Ltd.","33","33","OTC"
"Boxol SR 75 mg","Boxol SR 75 mg","Ambroxol Hydrochloride","75 mg","Capsule (Sustained Release)","3 x 10","Cough expectorants & mucolytics","Opsonin Pharma Ltd.","5.01","5.01","OTC"
"BP Zinc 20 mg","BP Zinc 20 mg","Zinc Sulfate Monohydrate","20 mg","Dispersible Tablet","100's pack","Specific mineral preparations, Vaccines, Anti-sera & Immunoglobulin","Bristol Pharmaceuticals Ltd.","1.75","1.75","OTC"
"BP-Z 200 mg/5 ml","BP-Z 200 mg/5 ml","Azithromycin Dihydrate","200 mg/5 ml","পাউডার সাসপেনশন","একক","Macrolides","Bristol Pharmaceuticals Ltd.","85","85","OTC"
"BP-Z 500 mg","BP-Z 500 mg","Azithromycin Dihydrate","500 mg","ক্যাপসুল","3's pack","Macrolides","Bristol Pharmaceuticals Ltd.","30","30","OTC"
"BP-Z 500 mg","BP-Z 500 mg","Azithromycin Dihydrate","500 mg","ট্যাবলেট","6's pack","Macrolides","Bristol Pharmaceuticals Ltd.","30","30","OTC"
"Bpcal 500 mg","Bpcal 500 mg","Calcium Carbonate","500 mg","ট্যাবলেট","30's pack","Minerals in bone formation, Specific mineral preparations","Bristol Pharmaceuticals Ltd.","2","2","OTC"
"Bpcal D 500 mg+200 IU","Bpcal D 500 mg+200 IU","Conventional Calcium + Vitamin D3","500 mg+200 IU","ট্যাবলেট","1 x 30","Specific mineral & vitamin combined preparations","Bristol Pharmaceuticals Ltd.","3.3","3.3","OTC"
"Bpcal M","Bpcal M","Calcium + Vitamin D3 + Multimineral","","ট্যাবলেট","30's pack","Specific mineral & vitamin combined preparations","Bristol Pharmaceuticals Ltd.","4","4","OTC"
"Bpcare 160 mg","Bpcare 160 mg","Valsartan","160 mg","ট্যাবলেট","5 x 10","Angiotensin-ll receptor blocker","Albion Laboratories Limited","17.5","17.5","OTC"
"Bpcare 80 mg","Bpcare 80 mg","Valsartan","80 mg","ট্যাবলেট","5 x 10","Angiotensin-ll receptor blocker","Albion Laboratories Limited","10","10","OTC"
"Bpclox 125 mg/5 ml","Bpclox 125 mg/5 ml","Cloxacillin Sodium","125 mg/5 ml","পাউডার সাসপেনশন","একক","Narrow spectrum penicillin","Bristol Pharmaceuticals Ltd.","44","44","OTC"
"Bpclox 500 mg","Bpclox 500 mg","Cloxacillin Sodium","500 mg","ক্যাপসুল","100's pack","Narrow spectrum penicillin","Bristol Pharmaceuticals Ltd.","4","4","OTC"
"Bpdon 10 mg","Bpdon 10 mg","Domperidone Maleate","10 mg","ট্যাবলেট","100's pack","Motility Stimulants, Motility stimulants/Dopamine antagonist, Prokinetic drugs","Bristol Pharmaceuticals Ltd.","1","1","OTC"
"Bpdox 100 mg","Bpdox 100 mg","Doxycycline Hydrochloride","100 mg","ক্যাপসুল","100's pack","Tetracycline group of drugs","Bristol Pharmaceuticals Ltd.","1.5","1.5","OTC"
"Bpfort 5 mg+2 mg+2 mg+20 mg","Bpfort 5 mg+2 mg+2 mg+20 mg","Vitamin B complex","5 mg+2 mg+2 mg+20 mg","ক্যাপসুল","250's pack","Specific combined vitamin preparations","Bristol Pharmaceuticals Ltd.","0.5","0.5","OTC"
"Bpfort-M","Bpfort-M","Multivitamin & Multimineral","","ট্যাবলেট","30's pack","Multi-vitamin & Multi-mineral combined preparations, Specific mineral & vitamin combined preparations","Bristol Pharmaceuticals Ltd.","1.5","1.5","OTC"
"Bpmox 125 mg/1.25 ml","Bpmox 125 mg/1.25 ml","Amoxicillin Trihydrate","125 mg/1.25 ml","Pediatric Drops","একক","Broad spectrum penicillins","Bristol Pharmaceuticals Ltd.","28.4","28.4","OTC"
"Bpmox 125 mg/5 ml","Bpmox 125 mg/5 ml","Amoxicillin Trihydrate","125 mg/5 ml","পাউডার সাসপেনশন","একক","Broad spectrum penicillins","Bristol Pharmaceuticals Ltd.","45","45","OTC"
"Bpnol Plus 5 mg+50 mg","Bpnol Plus 5 mg+50 mg","Amlodipine Besilate + Atenolol","5 mg+50 mg","ট্যাবলেট","3 x 10","Combined antihypertensive preparations","Delta Pharma Ltd.","4","4","OTC"
"Bptetra 250 mg","Bptetra 250 mg","Tetracycline Hydrochloride","250 mg","ক্যাপসুল","100's pack","Tetracycline group of drugs","Bristol Pharmaceuticals Ltd.","1","1","OTC"
"Bptrol 10 mg","Bptrol 10 mg","Cetirizine Hydrochloride","10 mg","ট্যাবলেট","100's pack","Sedating Anti-histamine","Bristol Pharmaceuticals Ltd.","2","2","OTC"
"Bpxen 250 mg","Bpxen 250 mg","Naproxen Sodium","250 mg","ট্যাবলেট","50's pack","Drugs for Osteoarthritis, Drugs used for Rheumatoid Arthritis, Non-steroidal Anti-inflammatory Drugs (NSAIDs)","Bristol Pharmaceuticals Ltd.","4","4","OTC"
"Bpxen 500 mg","Bpxen 500 mg","Naproxen Sodium","500 mg","ট্যাবলেট","30's pack","Drugs for Osteoarthritis, Drugs used for Rheumatoid Arthritis, Non-steroidal Anti-inflammatory Drugs (NSAIDs)","Bristol Pharmaceuticals Ltd.","7.5","7.5","OTC"
"Brace 125 mg/5 ml","Brace 125 mg/5 ml","Cephradine","125 mg/5 ml","পাউডার সাসপেনশন","একক","First generation cephalosporins","Hallmark Pharmaceuticals Ltd.","80","80","OTC"
"Brace 250 mg","Brace 250 mg","Cephradine","250 mg","ক্যাপসুল","28's pack","First generation cephalosporins","Hallmark Pharmaceuticals Ltd.","6.53","6.53","OTC"
"Brace 500 mg","Brace 500 mg","Cephradine","500 mg","ক্যাপসুল","20's pack","First generation cephalosporins","Hallmark Pharmaceuticals Ltd.","12.05","12.05","OTC"
"Breasy 10 mg","Breasy 10 mg","Montelukast Sodium","10 mg","ট্যাবলেট","20's pack","Leukotriene receptor antagonists","Cosmic Pharma Ltd.","15","15","OTC"
"Breasy 5 mg","Breasy 5 mg","Montelukast Sodium","5 mg","ট্যাবলেট","20's pack","Leukotriene receptor antagonists","Cosmic Pharma Ltd.","7.75","7.75","OTC"
"Breathair 10 mg","Breathair 10 mg","Montelukast Sodium","10 mg","ট্যাবলেট","3 x 14","Leukotriene receptor antagonists","Doctor’s Chemical Works Ltd.","12","12","OTC"
"Breathlin SR 200 mg","Breathlin SR 200 mg","Theophylline","200 mg","Tablet (Sustained Release)","10 x 10","Bronchodilator, Theophylline & related drugs","Beximco Pharmaceuticals Ltd.","1.6","1.6","OTC"
"Bredicon 0.075 mg","Bredicon 0.075 mg","Desogestrel","0.075 mg","ট্যাবলেট","একক","Oral Contraceptive preparations","Renata PLC","60.2","60.2","OTC"
"Bredox 200 mg","Bredox 200 mg","Doxophylline","200 mg","ট্যাবলেট","3 x 10","Bronchodilator, Methyl xanthine derivatives","Globe Pharmaceuticals Ltd.","5","5","OTC"
"Bredox 400 mg","Bredox 400 mg","Doxophylline","400 mg","ট্যাবলেট","4 x 7","Bronchodilator, Methyl xanthine derivatives","Globe Pharmaceuticals Ltd.","8","8","OTC"
"Breon 25 mcg+100 mcg","Breon 25 mcg+100 mcg","Vilanterol Trifenatate + Fluticasone Furoate","25 mcg+100 mcg","Dry Powder Inhalation Capsule (DPI)","3 x 10","Respiratory corticosteroids","ACI Limited","22","22","OTC"
"Breon 25 mcg+200 mcg","Breon 25 mcg+200 mcg","Vilanterol Trifenatate + Fluticasone Furoate","25 mcg+200 mcg","Dry Powder Inhalation Capsule (DPI)","3 x 10","Respiratory corticosteroids","ACI Limited","30","30","OTC"
"Breon 25 mcg+50 mcg","Breon 25 mcg+50 mcg","Vilanterol Trifenatate + Fluticasone Furoate","25 mcg+50 mcg","Dry Powder Inhalation Capsule (DPI)","3 x 10","Respiratory corticosteroids","ACI Limited","12","12","OTC"
"Breton 1 mg/5 ml","Breton 1 mg/5 ml","Tulobuterol Hydrochloride","1 mg/5 ml","সিরাপ","একক","Short-acting selective & β2-adrenoceptor stimulants","Drug International Ltd.","35","35","OTC"
"Breton 2 mg","Breton 2 mg","Tulobuterol Hydrochloride","2 mg","ট্যাবলেট","10 x 10","Short-acting selective & β2-adrenoceptor stimulants","Drug International Ltd.","2.5","2.5","OTC"
"Brevipil 25 mg","Brevipil 25 mg","Brivaracetam","25 mg","ট্যাবলেট","3 x 10","Adjunct anti-epileptic drugs","Sun Pharmaceutical (Bangladesh) Ltd.","30","30","OTC"
"Brevipil 50 mg","Brevipil 50 mg","Brivaracetam","50 mg","ট্যাবলেট","2 x 10","Adjunct anti-epileptic drugs","Sun Pharmaceutical (Bangladesh) Ltd.","45","45","OTC"
"Brexi 0.5 mg","Brexi 0.5 mg","Brexpiprazole","0.5 mg","ট্যাবলেট","3 x 10","Benzodiazepine antagonist","Eskayef Pharmaceuticals Ltd.","10","10","OTC"
"Brexi 1 mg","Brexi 1 mg","Brexpiprazole","1 mg","ট্যাবলেট","3 x 10","Benzodiazepine antagonist","Eskayef Pharmaceuticals Ltd.","15","15","OTC"
"Brexpa 0.5 mg","Brexpa 0.5 mg","Brexpiprazole","0.5 mg","ট্যাবলেট","3 x 10","Benzodiazepine antagonist","Renata PLC","10","10","OTC"
"Brexpa 1 mg","Brexpa 1 mg","Brexpiprazole","1 mg","ট্যাবলেট","3 x 10","Benzodiazepine antagonist","Renata PLC","15","15","OTC"
"Brezofil 100 mg/5 ml","Brezofil 100 mg/5 ml","Doxophylline","100 mg/5 ml","সিরাপ","একক","Bronchodilator, Methyl xanthine derivatives","Incepta Pharmaceuticals Ltd.","100","100","OTC"
"Brezofil 200 mg","Brezofil 200 mg","Doxophylline","200 mg","ট্যাবলেট","5 x 10","Bronchodilator, Methyl xanthine derivatives","Incepta Pharmaceuticals Ltd.","8","8","OTC"
"Brezofil 400 mg","Brezofil 400 mg","Doxophylline","400 mg","ট্যাবলেট","3 x 10","Bronchodilator, Methyl xanthine derivatives","Incepta Pharmaceuticals Ltd.","10","10","OTC"
"Brezofil SR 400 mg","Brezofil SR 400 mg","Doxophylline","400 mg","Tablet (Sustained Release)","3 x 10","Bronchodilator, Methyl xanthine derivatives","Incepta Pharmaceuticals Ltd.","12","12","OTC"
"Bricet 100 mg","Bricet 100 mg","Brivaracetam","100 mg","ট্যাবলেট","2 x 6","Adjunct anti-epileptic drugs","Renata PLC","140","140","OTC"
"Bricet 25 mg","Bricet 25 mg","Brivaracetam","25 mg","ট্যাবলেট","1 x 10","Adjunct anti-epileptic drugs","Renata PLC","40","40","OTC"
"Bricet 50 mg","Bricet 50 mg","Brivaracetam","50 mg","ট্যাবলেট","1 x 10","Adjunct anti-epileptic drugs","Renata PLC","75","75","OTC"
"Bricet 75 mg","Bricet 75 mg","Brivaracetam","75 mg","ট্যাবলেট","1 x 10","Adjunct anti-epileptic drugs","Renata PLC","110","110","OTC"
"Bricoma 0.2%","Bricoma 0.2%","Brimonidine Tartrate","0.2%","Ophthalmic Solution","একক","Drugs for miotics and glaucoma","Opsonin Pharma Ltd.","80.3","80.3","OTC"
"Bricoma OSD 0.2%","Bricoma OSD 0.2%","Brimonidine Tartrate","0.2%","Ophthalmic Solution","একক","Drugs for miotics and glaucoma","Opsonin Pharma Ltd.","350","350","OTC"
"Brigacent 180 mg","Brigacent 180 mg","Brigatinib","180 mg","ট্যাবলেট","1 x 7","Cytotoxic Chemotherapy","Incepta Pharmaceuticals Ltd.","800","800","OTC"
"Brigacent 90 mg","Brigacent 90 mg","Brigatinib","90 mg","ট্যাবলেট","1 x 7","Cytotoxic Chemotherapy","Incepta Pharmaceuticals Ltd.","400","400","OTC"
"Brimo 0.2%","Brimo 0.2%","Brimonidine Tartrate","0.2%","Ophthalmic Solution","একক","Drugs for miotics and glaucoma","Popular Pharmaceuticals Ltd.","80.3","80.3","OTC"
"Brimodin 0.2%","Brimodin 0.2%","Brimonidine Tartrate","0.2%","Ophthalmic Solution","একক","Drugs for miotics and glaucoma","Incepta Pharmaceuticals Ltd.","80","80","OTC"
"Brimodin Plus 0.2%+0.5%","Brimodin Plus 0.2%+0.5%","Brimonidine Tartrate + Timolol Maleate","0.2%+0.5%","Ophthalmic Solution","একক","Drugs for miotics and glaucoma","Incepta Pharmaceuticals Ltd.","110","110","OTC"
"Brimolol 0.2%+0.5%","Brimolol 0.2%+0.5%","Brimonidine Tartrate + Timolol Maleate","0.2%+0.5%","Ophthalmic Solution","একক","Drugs for miotics and glaucoma","Apex Pharma Ltd.","110","110","OTC"
"BrimoPres 0.2%+0.5%","BrimoPres 0.2%+0.5%","Brimonidine Tartrate + Timolol Maleate","0.2%+0.5%","Ophthalmic Solution","একক","Drugs for miotics and glaucoma","Popular Pharmaceuticals Ltd.","140","140","OTC"
"Brindin 1%+0.2%","Brindin 1%+0.2%","Brinzolamide + Brimonidine Tartrate","1%+0.2%","Ophthalmic Suspension","একক","Drugs for miotics and glaucoma","ACME Laboratories Ltd.","550","550","OTC"
"Brinop 1%","Brinop 1%","Brinzolamide","1%","Ophthalmic Suspension","একক","Drugs for miotics and glaucoma","ACME Laboratories Ltd.","500","500","OTC"
"Brintexa 10 mg","Brintexa 10 mg","Vortioxetine Hydrobromide","10 mg","ট্যাবলেট","3 x 10","Serotonin-norepinephrine reuptake inhibitor (SNRI)","UniMed UniHealth Pharmaceuticals Ltd.","25","25","OTC"
"Brintexa 5 mg","Brintexa 5 mg","Vortioxetine Hydrobromide","5 mg","ট্যাবলেট","3 x 10","Serotonin-norepinephrine reuptake inhibitor (SNRI)","UniMed UniHealth Pharmaceuticals Ltd.","15","15","OTC"
"Brinz 1%","Brinz 1%","Brinzolamide","1%","Ophthalmic Suspension","একক","Drugs for miotics and glaucoma","OSL Pharma Limited","501.5","501.5","OTC"
"Brinz T 1%+0.5%","Brinz T 1%+0.5%","Brinzolamide + Timolol","1%+0.5%","Ophthalmic Suspension","একক","Drugs for miotics and glaucoma","OSL Pharma Limited","550","550","OTC"
"Brinzopt 1%","Brinzopt 1%","Brinzolamide","1%","Ophthalmic Suspension","একক","Drugs for miotics and glaucoma","Aristopharma Ltd.","550","550","OTC"
"Brirel 60 mg","Brirel 60 mg","Ticagrelor","60 mg","ট্যাবলেট","1 x 14","Anti-platelet drugs","Opsonin Pharma Ltd.","50","50","OTC"
"Brirel 90 mg","Brirel 90 mg","Ticagrelor","90 mg","ট্যাবলেট","1 x 10","Anti-platelet drugs","Opsonin Pharma Ltd.","75","75","OTC"
"Bristol Gold","Bristol Gold","Multivitamin & Multimineral [A-Z gold preparation]","","ট্যাবলেট","1 x 15","Multi-vitamin & Multi-mineral combined preparations","Bristol Pharmaceuticals Ltd.","6","6","OTC"
"Brite 0.01%+4%+0.05%","Brite 0.01%+4%+0.05%","Fluocinolone Acetonide + Hydroquinone + Tretinoin","0.01%+4%+0.05%","ক্রিম","একক","Hydroquinone Preparations","Euro Pharma Ltd.","200","200","OTC"
"Briva 25 mg","Briva 25 mg","Brivaracetam","25 mg","ট্যাবলেট","1 x 10","Adjunct anti-epileptic drugs","ACME Laboratories Ltd.","40","40","OTC"
"Briva 50 mg","Briva 50 mg","Brivaracetam","50 mg","ট্যাবলেট","1 x 10","Adjunct anti-epileptic drugs","ACME Laboratories Ltd.","75","75","OTC"
"Briva 50 mg/5 ml","Briva 50 mg/5 ml","Brivaracetam","50 mg/5 ml","Oral Solution","একক","Adjunct anti-epileptic drugs","ACME Laboratories Ltd.","800","800","OTC"
"Brizopt 1%+0.2%","Brizopt 1%+0.2%","Brinzolamide + Brimonidine Tartrate","1%+0.2%","Ophthalmic Suspension","একক","Drugs for miotics and glaucoma","Biopharma Limited","550","550","OTC"
"Brizy 1 mg","Brizy 1 mg","Levosalbutamol (Oral)","1 mg","ট্যাবলেট","5 x 10","Short-acting selective & β2-adrenoceptor stimulants","Eskayef Pharmaceuticals Ltd.","1","1","OTC"
"Brizy 1 mg/5 ml","Brizy 1 mg/5 ml","Levosalbutamol (Oral)","1 mg/5 ml","সিরাপ","একক","Short-acting selective & β2-adrenoceptor stimulants","Eskayef Pharmaceuticals Ltd.","32","32","OTC"
"Brizy 2 mg","Brizy 2 mg","Levosalbutamol (Oral)","2 mg","ট্যাবলেট","5 x 10","Short-acting selective & β2-adrenoceptor stimulants","Eskayef Pharmaceuticals Ltd.","2","2","OTC"
"Brocast 10 mg","Brocast 10 mg","Montelukast Sodium","10 mg","ট্যাবলেট","2 x 10","Leukotriene receptor antagonists","Concord Pharmaceuticals Ltd.","16","16","OTC"
"Brocast 5 mg","Brocast 5 mg","Montelukast Sodium","5 mg","Chewable Tablet","3 x 10","Leukotriene receptor antagonists","Concord Pharmaceuticals Ltd.","8","8","OTC"
"Brocef 250 mg","Brocef 250 mg","Cefuroxime Axetil","250 mg","ট্যাবলেট","2 x 7","Second generation cephalosporins","Gaco Pharmaceuticals Ltd.","24","24","OTC"
"Brocef 500 mg","Brocef 500 mg","Cefuroxime Axetil","500 mg","ট্যাবলেট","1 x 7","Second generation cephalosporins","Gaco Pharmaceuticals Ltd.","43","43","OTC"
"Brocef CV 250 mg+62.5 mg","Brocef CV 250 mg+62.5 mg","Cefuroxime Axetil + Clavulanic Acid","250 mg+62.5 mg","ট্যাবলেট","2 x 8","Second generation cephalosporins","Gaco Pharmaceuticals Ltd.","35","35","OTC"
"Brocef CV 500 mg+125 mg","Brocef CV 500 mg+125 mg","Cefuroxime Axetil + Clavulanic Acid","500 mg+125 mg","ট্যাবলেট","1 x 8","Second generation cephalosporins","Gaco Pharmaceuticals Ltd.","60","60","OTC"
"Broculyt 15 mg/5 ml","Broculyt 15 mg/5 ml","Ambroxol Hydrochloride","15 mg/5 ml","সিরাপ","একক","Cough expectorants & mucolytics","NIPRO JMI Pharma Ltd.","50","50","OTC"
"Brodactam (2 gm+0.25 gm)/vial","Brodactam (2 gm+0.25 gm)/vial","Piperacillin + Tazobactam","2 gm+0.25 gm)/vial","আইভি ইনফিউশন","একক","Broad spectrum penicillins, Other beta-lactam antibiotics","Synovia Pharma PLC.","602","602","Rx"
"Brodactam (4 gm+0.5 gm)/vial","Brodactam (4 gm+0.5 gm)/vial","Piperacillin + Tazobactam","4 gm+0.5 gm)/vial","আইভি ইনফিউশন","একক","Broad spectrum penicillins, Other beta-lactam antibiotics","Synovia Pharma PLC.","1003","1003","Rx"
"Brodamox DS 500 mg","Brodamox DS 500 mg","Amoxicillin Trihydrate","500 mg","ক্যাপসুল","50's pack","Broad spectrum penicillins","Cosmic Pharma Ltd.","6.75","6.75","OTC"
"Brodil 100 mcg/puff","Brodil 100 mcg/puff","Salbutamol (Inhaler)","100 mcg/puff","Metered-Dose Inhaler (MDI)","একক","Short-acting selective & β2-adrenoceptor stimulants","ACI Limited","250","250","OTC"
"Brodil 2 mg","Brodil 2 mg","Salbutamol","2 mg","ট্যাবলেট","25 x 20","Short-acting selective & β2-adrenoceptor stimulants","ACI Limited","0.26","0.26","OTC"
"Brodil 2 mg/5 ml","Brodil 2 mg/5 ml","Salbutamol","2 mg/5 ml","সিরাপ","একক","Short-acting selective & β2-adrenoceptor stimulants","ACI Limited","23","23","OTC"
"Brodil 200 mcg","Brodil 200 mcg","Salbutamol","200 mcg","Dry Powder Inhalation Capsule (DPI)","5 x 10","Short-acting selective & β2-adrenoceptor stimulants","ACI Limited","3.5","3.5","OTC"
"Brodil 4 mg","Brodil 4 mg","Salbutamol","4 mg","ট্যাবলেট","25 x 20","Short-acting selective & β2-adrenoceptor stimulants","ACI Limited","0.46","0.46","OTC"
"Brodil 5 mg/ml","Brodil 5 mg/ml","Salbutamol","5 mg/ml","Nebuliser Solution","একক","Short-acting selective & β2-adrenoceptor stimulants","ACI Limited","120.36","120.36","OTC"
"Brodil Levo 1 mg","Brodil Levo 1 mg","Levosalbutamol (Oral)","1 mg","ট্যাবলেট","10 x 10","Short-acting selective & β2-adrenoceptor stimulants","ACI Limited","1.1","1.1","OTC"
"Brodil Levo 1 mg/5 ml","Brodil Levo 1 mg/5 ml","Levosalbutamol (Oral)","1 mg/5 ml","সিরাপ","একক","Short-acting selective & β2-adrenoceptor stimulants","ACI Limited","32","32","OTC"
"Brodil Levo 2 mg","Brodil Levo 2 mg","Levosalbutamol (Oral)","2 mg","ট্যাবলেট","10 x 10","Short-acting selective & β2-adrenoceptor stimulants","ACI Limited","1.91","1.91","OTC"
"Brodil Levo 50 mcg/puff","Brodil Levo 50 mcg/puff","Levosalbutamol (Respirator preparation)","50 mcg/puff","Metered-Dose Inhaler (MDI)","একক","Short-acting selective & β2-adrenoceptor stimulants","ACI Limited","250","250","OTC"
"Brodil SR 8 mg","Brodil SR 8 mg","Salbutamol","8 mg","Capsule (Sustained Release)","20 x 10","Short-acting selective & β2-adrenoceptor stimulants","ACI Limited","2.41","2.41","OTC"
"Brofen 400 mg","Brofen 400 mg","Ibuprofen (Oral)","400 mg","ট্যাবলেট","100's pack","Drugs for Osteoarthritis, Drugs used for Rheumatoid Arthritis, Non-steroidal Anti-inflammatory Drugs (NSAIDs)","Aztec Pharmaceuticals Ltd.","1.4","1.4","OTC"
"Brofex 10 mg/5 ml","Brofex 10 mg/5 ml","Dextromethorphan Hydrobromide","10 mg/5 ml","সিরাপ","একক","Cough suppressant","Square Pharmaceuticals PLC","40.13","40.13","OTC"
"Brofex TS 30 mg/5 ml","Brofex TS 30 mg/5 ml","Dextromethorphan Polistirex","30 mg/5 ml","Extend Release Suspension","একক","Cough suppressant","Square Pharmaceuticals PLC","100","100","OTC"
"Brohexin 4 mg/5 ml","Brohexin 4 mg/5 ml","Bromhexine Hydrochloride","4 mg/5 ml","সিরাপ","একক","Cough expectorants & mucolytics","Millat Pharmaceuticals Ltd.","30","30","OTC"
"Brohexin 8 mg","Brohexin 8 mg","Bromhexine Hydrochloride","8 mg","ট্যাবলেট","100's pack","Cough expectorants & mucolytics","Millat Pharmaceuticals Ltd.","2","2","OTC"
"Broket 1 mg","Broket 1 mg","Ketotifen Fumarate (Oral)","1 mg","ট্যাবলেট","10 x 10","Cromoglycate & related drugs","Orion Pharma Ltd.","3","3","OTC"
"Broket 1 mg/5 ml","Broket 1 mg/5 ml","Ketotifen Fumarate (Oral)","1 mg/5 ml","সিরাপ","একক","Cromoglycate & related drugs","Orion Pharma Ltd.","60","60","OTC"
"Broklin 50 mg","Broklin 50 mg","Pregabalin","50 mg","ক্যাপসুল","3 x 10","Adjunct anti-epileptic drugs, Primary anti-epileptic drugs","One Pharma Ltd.","13","13","OTC"
"Broklin 75 mg","Broklin 75 mg","Pregabalin","75 mg","ক্যাপসুল","2 x 10","Adjunct anti-epileptic drugs, Primary anti-epileptic drugs","One Pharma Ltd.","18","18","OTC"
"Broklin CR 165 mg","Broklin CR 165 mg","Pregabalin","165 mg","Tablet (Controlled Release)","2 x 10","Adjunct anti-epileptic drugs, Primary anti-epileptic drugs","One Pharma Ltd.","35","35","OTC"
"Broklin CR 82.5 mg","Broklin CR 82.5 mg","Pregabalin","82.5 mg","Tablet (Controlled Release)","2 x 10","Adjunct anti-epileptic drugs, Primary anti-epileptic drugs","One Pharma Ltd.","25","25","OTC"
"Brokof 4 mg/5 ml","Brokof 4 mg/5 ml","Bromhexine Hydrochloride","4 mg/5 ml","সিরাপ","একক","Cough expectorants & mucolytics","Concord Pharmaceuticals Ltd.","40","40","OTC"
"Brolizum 100 mg/4 ml","Brolizum 100 mg/4 ml","Pembrolizumab","100 mg/4 ml","আইভি ইনফিউশন","একক","Immunological Chemotherapy, Immunosuppressant","Incepta Pharmaceuticals Ltd.","60000","60000","Rx"
"Brolyt 4 mg/5 ml","Brolyt 4 mg/5 ml","Bromhexine Hydrochloride","4 mg/5 ml","সিরাপ","একক","Cough expectorants & mucolytics","Alco Pharma Ltd.","40.13","40.13","OTC"
"Brolyt 8 mg","Brolyt 8 mg","Bromhexine Hydrochloride","8 mg","ট্যাবলেট","5 x 10","Cough expectorants & mucolytics","Alco Pharma Ltd.","1","1","OTC"
"Brom 3 mg","Brom 3 mg","Bromazepam","3 mg","ট্যাবলেট","5 x 10","Benzodiazepine sedatives","Albion Laboratories Limited","5","5","OTC"
"Bromapam 3 mg","Bromapam 3 mg","Bromazepam","3 mg","ট্যাবলেট","10 x 10","Benzodiazepine sedatives","Biogen Pharmaceuticals Ltd.","4","4","OTC"
"Bromazep 3 mg","Bromazep 3 mg","Bromazepam","3 mg","ট্যাবলেট","5 x 10","Benzodiazepine sedatives","Orion Pharma Ltd.","5.5","5.5","OTC"
"Bromazepam 3 mg","Bromazepam 3 mg","Bromazepam","3 mg","ট্যাবলেট","5 x 10","Benzodiazepine sedatives","Pharmik Laboratories Ltd.","4.5","4.5","OTC"
"Bromergon 2.5 mg","Bromergon 2.5 mg","Bromocriptine Mesylate","2.5 mg","ট্যাবলেট","3 x 10","Antiparkinson drugs, Motility stimulants/Dopamine antagonist","SANDOZ (A Novartis Division)","14.04","14.04","OTC"
"Bromnac 0.09%","Bromnac 0.09%","Bromfenac Sodium","0.09%","Ophthalmic Solution","একক","Ophthalmic Non-Steroid drugs","Opsonin Pharma Ltd.","100.38","100.38","OTC"
"Bromocriptine 2.5 mg","Bromocriptine 2.5 mg","Bromocriptine Mesylate","2.5 mg","ট্যাবলেট","3 x 10","Antiparkinson drugs, Motility stimulants/Dopamine antagonist","City Overseas Ltd.","21.2","21.2","OTC"
"Bromodel 2.5 mg","Bromodel 2.5 mg","Bromocriptine Mesylate","2.5 mg","ট্যাবলেট","3 x 10","Antiparkinson drugs, Motility stimulants/Dopamine antagonist","Opsonin Pharma Ltd.","12","12","OTC"
"Bromofen 0.09%","Bromofen 0.09%","Bromfenac Sodium","0.09%","Ophthalmic Solution","একক","Ophthalmic Non-Steroid drugs","The IBN SINA Pharmaceutical PLC","100","100","OTC"
"Bromolac 2.5 mg","Bromolac 2.5 mg","Bromocriptine Mesylate","2.5 mg","ট্যাবলেট","2 x 15","Antiparkinson drugs, Motility stimulants/Dopamine antagonist","Square Pharmaceuticals PLC","12.03","12.03","OTC"
"Bromolit 4 mg/5 ml","Bromolit 4 mg/5 ml","Bromhexine Hydrochloride","4 mg/5 ml","সিরাপ","একক","Cough expectorants & mucolytics","Peoples Pharma Ltd.","25","25","OTC"
"Bromotex 4 mg/5 ml","Bromotex 4 mg/5 ml","Bromhexine Hydrochloride","4 mg/5 ml","সিরাপ","একক","Cough expectorants & mucolytics","The IBN SINA Pharmaceutical PLC","40","40","OTC"
"Bromotine 2.5 mg","Bromotine 2.5 mg","Bromocriptine Mesylate","2.5 mg","ট্যাবলেট","3 x 10","Antiparkinson drugs, Motility stimulants/Dopamine antagonist","Nuvista Pharma Ltd.","11.03","11.03","OTC"
"Bromoxol 4 mg/5 ml","Bromoxol 4 mg/5 ml","Bromhexine Hydrochloride","4 mg/5 ml","সিরাপ","একক","Cough expectorants & mucolytics","Healthcare Pharmaceuticals Ltd.","45","45","OTC"
"Bromoxol DS 8 mg/5 ml","Bromoxol DS 8 mg/5 ml","Bromhexine Hydrochloride","8 mg/5 ml","সিরাপ","একক","Cough expectorants & mucolytics","Healthcare Pharmaceuticals Ltd.","65","65","OTC"
"Broncho-Vaxom 3.5 mg","Broncho-Vaxom 3.5 mg","Lyophilized Bacterial Lysates","3.5 mg","ক্যাপসুল","3 x 10","","ZAS Corporation","128","128","OTC"
"Broncho-Vaxom 7 mg","Broncho-Vaxom 7 mg","Lyophilized Bacterial Lysates","7 mg","ক্যাপসুল","3 x 10","","ZAS Corporation","185","185","OTC"
"Bronchodex 4 mg/5 ml","Bronchodex 4 mg/5 ml","Bromhexine Hydrochloride","4 mg/5 ml","সিরাপ","একক","Cough expectorants & mucolytics","Novatek Pharmaceuticals Ltd.","40.13","40.13","OTC"
"Bronchosil 15 mg/5 ml","Bronchosil 15 mg/5 ml","Ambroxol Hydrochloride","15 mg/5 ml","সিরাপ","একক","Cough expectorants & mucolytics","Apollo Pharmaceutical Ltd.","38","38","OTC"
"Broncomet 4 mg/5 ml","Broncomet 4 mg/5 ml","Bromhexine Hydrochloride","4 mg/5 ml","সিরাপ","একক","Cough expectorants & mucolytics","Drug International Ltd.","30.1","30.1","OTC"
"Broncotrol 2 mg/5 ml","Broncotrol 2 mg/5 ml","Salbutamol","2 mg/5 ml","সিরাপ","20 x 10","Short-acting selective & β2-adrenoceptor stimulants","Pacific Pharmaceuticals Ltd.","0.11","0.11","OTC"
"Broncotrol 4 mg","Broncotrol 4 mg","Salbutamol","4 mg","ট্যাবলেট","20 x 10","Short-acting selective & β2-adrenoceptor stimulants","Pacific Pharmaceuticals Ltd.","0.45","0.45","OTC"
"Brondyl 2 mg/5 ml","Brondyl 2 mg/5 ml","Salbutamol","2 mg/5 ml","সিরাপ","একক","Short-acting selective & β2-adrenoceptor stimulants","Millat Pharmaceuticals Ltd.","22.8","22.8","OTC"
"Bronil-S 2 mg/5 ml","Bronil-S 2 mg/5 ml","Salbutamol","2 mg/5 ml","সিরাপ","একক","Short-acting selective & β2-adrenoceptor stimulants","Seema Pharmaceuticals Ltd.","23","23","OTC"
"Bronkolax 2 mg/5 ml","Bronkolax 2 mg/5 ml","Salbutamol","2 mg/5 ml","সিরাপ","একক","Short-acting selective & β2-adrenoceptor stimulants","Beximco Pharmaceuticals Ltd.","23","23","OTC"
"Bronsol 15 mg/5 ml","Bronsol 15 mg/5 ml","Ambroxol Hydrochloride","15 mg/5 ml","সিরাপ","একক","Cough expectorants & mucolytics","Pharmik Laboratories Ltd.","42","42","OTC"
"Brostin 4 mg/5 ml","Brostin 4 mg/5 ml","Bromhexine Hydrochloride","4 mg/5 ml","সিরাপ","একক","Cough expectorants & mucolytics","Rephco Pharmaceuticals Ltd.","40","40","OTC"
"Brostin DS 8 mg","Brostin DS 8 mg","Bromhexine Hydrochloride","8 mg","ট্যাবলেট","100's pack","Cough expectorants & mucolytics","Rephco Pharmaceuticals Ltd.","2","2","OTC"
"Brox 15 mg/5 ml","Brox 15 mg/5 ml","Ambroxol Hydrochloride","15 mg/5 ml","সিরাপ","একক","Cough expectorants & mucolytics","Navana Pharmaceuticals Ltd.","50","50","OTC"
"Brox 6 mg/ml","Brox 6 mg/ml","Ambroxol Hydrochloride","6 mg/ml","Pediatric Drops","একক","Cough expectorants & mucolytics","Navana Pharmaceuticals Ltd.","30","30","OTC"
"Broxidil 15 mg/5 ml","Broxidil 15 mg/5 ml","Ambroxol Hydrochloride","15 mg/5 ml","সিরাপ","একক","Cough expectorants & mucolytics","Ziska Pharmaceuticals Ltd.","40","40","OTC"
"Broxine 4 mg/5 ml","Broxine 4 mg/5 ml","Bromhexine Hydrochloride","4 mg/5 ml","সিরাপ","একক","Cough expectorants & mucolytics","General Pharmaceuticals Ltd.","30.2","30.2","OTC"
"Broxolin 15 mg/5 ml","Broxolin 15 mg/5 ml","Ambroxol Hydrochloride","15 mg/5 ml","সিরাপ","একক","Cough expectorants & mucolytics","Jayson Pharmaceutical Ltd.","40.12","40.12","OTC"
"Broxolit 15 mg/5 ml","Broxolit 15 mg/5 ml","Ambroxol Hydrochloride","15 mg/5 ml","সিরাপ","একক","Cough expectorants & mucolytics","Pacific Pharmaceuticals Ltd.","45","45","OTC"
"Broxolit 6 mg/ml","Broxolit 6 mg/ml","Ambroxol Hydrochloride","6 mg/ml","Pediatric Drops","একক","Cough expectorants & mucolytics","Pacific Pharmaceuticals Ltd.","25","25","OTC"
"Broze 3 mg","Broze 3 mg","Bromazepam","3 mg","ট্যাবলেট","5 x 10","Benzodiazepine sedatives","Biopharma Limited","5","5","OTC"
"Brozep 3 mg","Brozep 3 mg","Bromazepam","3 mg","ট্যাবলেট","10 x 10","Benzodiazepine sedatives","Alco Pharma Ltd.","5","5","OTC"
"BS 6%+3%","BS 6%+3%","Benzoic Acid + Salicylic Acid","6%+3%","অয়েন্টমেন্ট","একক","Other Antifungal preparations","ACME Laboratories Ltd.","667","667","OTC"
"BSH 0.09%","BSH 0.09%","Bromfenac Sodium","0.09%","Ophthalmic Solution","একক","Ophthalmic Non-Steroid drugs","OSL Pharma Limited","110","110","OTC"
"BSS GV","BSS GV","Balanced Salt Solution","","Irrigation Solution","একক","Irrigation during various surgical procedures","General Pharmaceuticals Ltd.","300","300","OTC"
"Bteen 20 mg","Bteen 20 mg","Bilastine","20 mg","ট্যাবলেট","3 x 10","Non-sedating antihistamines","Euro Pharma Ltd.","15","15","OTC"
"Btiron TR 150 mg+0.5 mg+61.8 mg","Btiron TR 150 mg+0.5 mg+61.8 mg","Ferrous Sulfate + Folic Acid + Zinc Sulfate","150 mg+0.5 mg+61.8 mg","Capsule (Timed Release)","5 x 10","Iron, Vitamin & Mineral Combined preparation","Benham Pharmaceuticals Ltd.","2.9","2.9","OTC"
"Bucod 7.5 mg/5 ml","Bucod 7.5 mg/5 ml","Butamirate Citrate","7.5 mg/5 ml","সিরাপ","একক","Cough suppressant","Sharif Pharmaceuticals Ltd.","80","80","OTC"
"Bucod SR 50 mg","Bucod SR 50 mg","Butamirate Citrate","50 mg","Tablet (Sustained Release)","3 x 10","Cough suppressant","Sharif Pharmaceuticals Ltd.","9","9","OTC"
"Budefort 100 mcg+6 mcg","Budefort 100 mcg+6 mcg","Budesonide + Formoterol Fumarate","100 mcg+6 mcg","Dry Powder Inhalation Capsule (DPI)","3 x 10","","ACME Laboratories Ltd.","7","7","OTC"
"Budefort 200 mcg+6 mcg","Budefort 200 mcg+6 mcg","Budesonide + Formoterol Fumarate","200 mcg+6 mcg","Dry Powder Inhalation Capsule (DPI)","3 x 10","","ACME Laboratories Ltd.","9","9","OTC"
"Budefort 400 mcg+12 mcg","Budefort 400 mcg+12 mcg","Budesonide + Formoterol Fumarate","400 mcg+12 mcg","Dry Powder Inhalation Capsule (DPI)","3 x 10","","ACME Laboratories Ltd.","14","14","OTC"
"Budemet 100 mcg+6 mcg","Budemet 100 mcg+6 mcg","Budesonide + Formoterol Fumarate","100 mcg+6 mcg","Dry Powder Inhalation Capsule (DPI)","5 x 6","","Incepta Pharmaceuticals Ltd.","7","7","OTC"
"Budemet 200 mcg+6 mcg","Budemet 200 mcg+6 mcg","Budesonide + Formoterol Fumarate","200 mcg+6 mcg","Dry Powder Inhalation Capsule (DPI)","9 x 6","","Incepta Pharmaceuticals Ltd.","9","9","OTC"
"Budemet 400 mcg+12 mcg","Budemet 400 mcg+12 mcg","Budesonide + Formoterol Fumarate","400 mcg+12 mcg","Dry Powder Inhalation Capsule (DPI)","5 x 6","","Incepta Pharmaceuticals Ltd.","14","14","OTC"
"Budenide 100 mcg/spray","Budenide 100 mcg/spray","Budesonide (Nasal Spray)","100 mcg/spray","নেজাল স্প্রে","একক","Nasal Decongestants & Other Nasal Preparations, Respiratory corticosteroids","ACI Limited","250.75","250.75","OTC"
"Budetide 0.5 mg/2 ml","Budetide 0.5 mg/2 ml","Budesonide (Nebuliser Suspension)","0.5 mg/2 ml","Nebuliser Suspension","1 x 5","Nasal Decongestants & Other Nasal Preparations, Respiratory corticosteroids","UniMed UniHealth Pharmaceuticals Ltd.","40","40","OTC"
"Budetide 1 mg/2 ml","Budetide 1 mg/2 ml","Budesonide (Nebuliser Suspension)","1 mg/2 ml","Nebuliser Suspension","1 x 5","Nasal Decongestants & Other Nasal Preparations, Respiratory corticosteroids","UniMed UniHealth Pharmaceuticals Ltd.","70","70","OTC"
"Budetrol 100 mcg+6 mcg","Budetrol 100 mcg+6 mcg","Budesonide + Formoterol Fumarate","100 mcg+6 mcg","Dry Powder Inhalation Capsule (DPI)","3 x 10","","Drug International Ltd.","7","7","OTC"
"Budetrol 200 mcg+6 mcg","Budetrol 200 mcg+6 mcg","Budesonide + Formoterol Fumarate","200 mcg+6 mcg","Dry Powder Inhalation Capsule (DPI)","3 x 10","","Drug International Ltd.","9","9","OTC"
"Budetrol 400 mcg+12 mcg","Budetrol 400 mcg+12 mcg","Budesonide + Formoterol Fumarate","400 mcg+12 mcg","Dry Powder Inhalation Capsule (DPI)","3 x 10","","Drug International Ltd.","14","14","OTC"
"Budicort 0.25 mg/2 ml","Budicort 0.25 mg/2 ml","Budesonide (Nebuliser Suspension)","0.25 mg/2 ml","Nebuliser Suspension","1 x 5","Nasal Decongestants & Other Nasal Preparations, Respiratory corticosteroids","Incepta Pharmaceuticals Ltd.","25","25","OTC"
"Budicort 0.5 mg/2 ml","Budicort 0.5 mg/2 ml","Budesonide (Nebuliser Suspension)","0.5 mg/2 ml","Nebuliser Suspension","2 x 6","Nasal Decongestants & Other Nasal Preparations, Respiratory corticosteroids","Incepta Pharmaceuticals Ltd.","45","45","OTC"
"Budicort 1 mg/2 ml","Budicort 1 mg/2 ml","Budesonide (Nebuliser Suspension)","1 mg/2 ml","Nebuliser Suspension","1 x 5","Nasal Decongestants & Other Nasal Preparations, Respiratory corticosteroids","Incepta Pharmaceuticals Ltd.","70","70","OTC"
"Budicort 100 mcg/spray","Budicort 100 mcg/spray","Budesonide (Nasal Spray)","100 mcg/spray","নেজাল স্প্রে","একক","Nasal Decongestants & Other Nasal Preparations, Respiratory corticosteroids","Incepta Pharmaceuticals Ltd.","250","250","OTC"
"Budicort ER 9 mg","Budicort ER 9 mg","Budesonide (Tablet)","9 mg","Tablet (Extended Release)","3 x 10","Ulcerative Colitis","Incepta Pharmaceuticals Ltd.","30","30","OTC"
"Budison 0.5 mg/2 ml","Budison 0.5 mg/2 ml","Budesonide (Nebuliser Suspension)","0.5 mg/2 ml","Nebuliser Suspension","1 x 5","Nasal Decongestants & Other Nasal Preparations, Respiratory corticosteroids","Aristopharma Ltd.","40","40","OTC"
"Budison F (160 mcg+4.5 mcg)/puff","Budison F (160 mcg+4.5 mcg)/puff","Budesonide + Formoterol Fumarate","160 mcg+4.5 mcg)/puff","Metered-Dose Inhaler (MDI)","একক","","Aristopharma Ltd.","500","500","OTC"
"Budison F (80 mcg+4.5 mcg)/puff","Budison F (80 mcg+4.5 mcg)/puff","Budesonide + Formoterol Fumarate","80 mcg+4.5 mcg)/puff","Metered-Dose Inhaler (MDI)","একক","","Aristopharma Ltd.","400","400","OTC"
"Budison F 100 mcg+6 mcg","Budison F 100 mcg+6 mcg","Budesonide + Formoterol Fumarate","100 mcg+6 mcg","Dry Powder Inhalation Capsule (DPI)","3 x 10","","Aristopharma Ltd.","9","9","OTC"
"Budison F 200 mcg+6 mcg","Budison F 200 mcg+6 mcg","Budesonide + Formoterol Fumarate","200 mcg+6 mcg","Dry Powder Inhalation Capsule (DPI)","3 x 10","","Aristopharma Ltd.","11","11","OTC"
"Budison F 400 mcg+12 mcg","Budison F 400 mcg+12 mcg","Budesonide + Formoterol Fumarate","400 mcg+12 mcg","Dry Powder Inhalation Capsule (DPI)","3 x 10","","Aristopharma Ltd.","14","14","OTC"
"Budison-FG (4.8 mcg+9 mcg+160 mcg)/actuation","Budison-FG (4.8 mcg+9 mcg+160 mcg)/actuation","Formoterol Fumarate + Glycopyrrolate + Budesonide","4.8 mcg+9 mcg+160 mcg)/actuation","Metered-Dose Inhaler (MDI)","একক","Combined bronchodilators","Aristopharma Ltd.","1200","1200","OTC"
"Bufen-SR 300 mg","Bufen-SR 300 mg","Ibuprofen (Oral)","300 mg","Capsule (Sustained Release)","6 x 5","Drugs for Osteoarthritis, Drugs used for Rheumatoid Arthritis, Non-steroidal Anti-inflammatory Drugs (NSAIDs)","Drug International Ltd.","4.1","4.1","OTC"
"Buflex 1000 mg","Buflex 1000 mg","Nabumetone","1000 mg","ট্যাবলেট","2 x 10","Drugs for Osteoarthritis, Drugs used for Rheumatoid Arthritis","Beximco Pharmaceuticals Ltd.","30","30","OTC"
"Buflex 500 mg","Buflex 500 mg","Nabumetone","500 mg","ট্যাবলেট","3 x 10","Drugs for Osteoarthritis, Drugs used for Rheumatoid Arthritis","Beximco Pharmaceuticals Ltd.","15","15","OTC"
"Buflex 750 mg","Buflex 750 mg","Nabumetone","750 mg","ট্যাবলেট","2 x 10","Drugs for Osteoarthritis, Drugs used for Rheumatoid Arthritis","Beximco Pharmaceuticals Ltd.","22","22","OTC"
"Bufocort (160 mcg+4.5 mcg)/puff","Bufocort (160 mcg+4.5 mcg)/puff","Budesonide + Formoterol Fumarate","160 mcg+4.5 mcg)/puff","Metered-Dose Inhaler (MDI)","একক","","Square Pharmaceuticals PLC","850","850","OTC"
"Bufocort 200 mcg+6 mcg","Bufocort 200 mcg+6 mcg","Budesonide + Formoterol Fumarate","200 mcg+6 mcg","Dry Powder Inhalation Capsule (DPI)","5 x 6","","Square Pharmaceuticals PLC","10","10","OTC"
"Bufocort 400 mcg+12 mcg","Bufocort 400 mcg+12 mcg","Budesonide + Formoterol Fumarate","400 mcg+12 mcg","Dry Powder Inhalation Capsule (DPI)","5 x 6","","Square Pharmaceuticals PLC","14.05","14.05","OTC"
"Bukof 50 mg","Bukof 50 mg","Butamirate Citrate","50 mg","Tablet (Sustained Release)","3 x 10","Cough suppressant","Beacon Pharmaceuticals PLC","11","11","OTC"
"Bukof 7.5 mg/5 ml","Bukof 7.5 mg/5 ml","Butamirate Citrate","7.5 mg/5 ml","সিরাপ","একক","Cough suppressant","Beacon Pharmaceuticals PLC","100","100","OTC"
"Bukof Kids 5 mg/ml","Bukof Kids 5 mg/ml","Butamirate Citrate","5 mg/ml","Pediatric Drops","একক","Cough suppressant","Beacon Pharmaceuticals PLC","50","50","OTC"
"Bukof-D 7.5 mg/5 ml","Bukof-D 7.5 mg/5 ml","Butamirate Citrate","7.5 mg/5 ml","সিরাপ","একক","Cough suppressant","Beacon Pharmaceuticals PLC","80.24","80.24","OTC"
"Bulex 7.5 mg/5 ml","Bulex 7.5 mg/5 ml","Butamirate Citrate","7.5 mg/5 ml","সিরাপ","একক","Cough suppressant","Everest Pharmaceuticals Ltd.","80","80","OTC"
"Bumecard 1 mg","Bumecard 1 mg","Bumetanide","1 mg","ট্যাবলেট","3 x 10","Loop diuretics","Incepta Pharmaceuticals Ltd.","5","5","OTC"
"Bumecard 2 mg/4 ml","Bumecard 2 mg/4 ml","Bumetanide","2 mg/4 ml","IM/IV Injection","1 x 5","Loop diuretics","Incepta Pharmaceuticals Ltd.","30","30","OTC"
"Bumecard 5 mg","Bumecard 5 mg","Bumetanide","5 mg","ট্যাবলেট","3 x 10","Loop diuretics","Incepta Pharmaceuticals Ltd.","18","18","OTC"
"Bupec 7.5 mg/5 ml","Bupec 7.5 mg/5 ml","Butamirate Citrate","7.5 mg/5 ml","সিরাপ","একক","Cough suppressant","Labaid Pharma Ltd.","80","80","OTC"
"Bupi 0.5%","Bupi 0.5%","Bupivacaine Hydrochloride","0.5%","ইনজেকশন","একক","Regional anesthesia","Popular Pharmaceuticals Ltd.","60.23","60.23","Rx"
"Bupi Heavy 0.5%+8%","Bupi Heavy 0.5%+8%","Bupivacaine Hydrochloride + Dextrose","0.5%+8%","Intraspinal Injection","1 x 5","Regional anesthesia","Popular Pharmaceuticals Ltd.","30.11","30.11","OTC"
"Bupicain Heavy 0.5%+8%","Bupicain Heavy 0.5%+8%","Bupivacaine Hydrochloride + Dextrose","0.5%+8%","Intraspinal Injection","2 x 5","Regional anesthesia","Chemist Laboratories  Ltd.","28","28","OTC"
"Bupro-D 45 mg+105 mg","Bupro-D 45 mg+105 mg","Dextromethorphan + Bupropion","45 mg+105 mg","Tablet (Extended Release)","3 x 10","Combined anxiolytics & anti-depressant drugs","Square Pharmaceuticals PLC","15","15","OTC"
"Buprocaine 0.4%","Buprocaine 0.4%","Oxybuprocaine Hydrochloride","0.4%","Ophthalmic Solution","একক","Ocular perioperative drugs","General Pharmaceuticals Ltd.","100.3","100.3","OTC"
"Burat CR 50 mg","Burat CR 50 mg","Butamirate Citrate","50 mg","Tablet (Sustained Release)","3 x 10","Cough suppressant","Renata PLC","10","10","OTC"
"Buratuss 5 mg/ml","Buratuss 5 mg/ml","Butamirate Citrate","5 mg/ml","Pediatric Drops","একক","Cough suppressant","Beximco Pharmaceuticals Ltd.","50","50","OTC"
"Buratuss 7.5 mg/5 ml","Buratuss 7.5 mg/5 ml","Butamirate Citrate","7.5 mg/5 ml","সিরাপ","একক","Cough suppressant","Beximco Pharmaceuticals Ltd.","80","80","OTC"
"Buratuss SR 50 mg","Buratuss SR 50 mg","Butamirate Citrate","50 mg","Tablet (Sustained Release)","2 x 15","Cough suppressant","Beximco Pharmaceuticals Ltd.","10","10","OTC"
"Burn Free 1%","Burn Free 1%","Silver Sulfadiazine","1%","ক্রিম","একক","Topical Antibiotic preparations","Albion Laboratories Limited","35","35","OTC"
"Burna 1%","Burna 1%","Silver Sulfadiazine","1%","ক্রিম","একক","Topical Antibiotic preparations","Square Pharmaceuticals PLC","60","60","OTC"
"Burnaid 1%","Burnaid 1%","Silver Sulfadiazine","1%","ক্রিম","একক","Topical Antibiotic preparations","Kumudini Pharma Ltd.","40","40","OTC"
"Burncool 1%","Burncool 1%","Silver Sulfadiazine","1%","ক্রিম","একক","Topical Antibiotic preparations","Euro Pharma Ltd.","55","55","OTC"
"Burndel 1%","Burndel 1%","Silver Sulfadiazine","1%","ক্রিম","একক","Topical Antibiotic preparations","Amulet Pharmaceuticals Ltd.","40","40","OTC"
"Burnless 1%","Burnless 1%","Silver Sulfadiazine","1%","ক্রিম","একক","Topical Antibiotic preparations","Sharif Pharmaceuticals Ltd.","55","55","OTC"
"Burnrid 1%","Burnrid 1%","Silver Sulfadiazine","1%","ক্রিম","একক","Topical Antibiotic preparations","Globe Pharmaceuticals Ltd.","40","40","OTC"
"Burnsil 1%","Burnsil 1%","Silver Sulfadiazine","1%","ক্রিম","একক","Topical Antibiotic preparations","Beximco Pharmaceuticals Ltd.","45","45","OTC"
"Buta 2 mg/5 ml","Buta 2 mg/5 ml","Salbutamol","2 mg/5 ml","সিরাপ","একক","Short-acting selective & β2-adrenoceptor stimulants","Alkad Laboratories","13.3","13.3","OTC"
"Butabrom 10 mg","Butabrom 10 mg","Hyoscine Butylbromide","10 mg","ট্যাবলেট","100's pack","Anticholinergics (antimuscarinics)/ Anti-spasmodics","Indo Bangla Pharmaceutical","2.2","2.2","OTC"
"Butacit 5 mg/ml","Butacit 5 mg/ml","Butamirate Citrate","5 mg/ml","Pediatric Drops","একক","Cough suppressant","ACME Laboratories Ltd.","50","50","OTC"
"Butacit 7.5 mg/5 ml","Butacit 7.5 mg/5 ml","Butamirate Citrate","7.5 mg/5 ml","সিরাপ","একক","Cough suppressant","ACME Laboratories Ltd.","80","80","OTC"
"Butacod 7.5 mg/5 ml","Butacod 7.5 mg/5 ml","Butamirate Citrate","7.5 mg/5 ml","সিরাপ","একক","Cough suppressant","Pharmasia Limited","80","80","OTC"
"Butafix 5 mg/ml","Butafix 5 mg/ml","Butamirate Citrate","5 mg/ml","Pediatric Drops","একক","Cough suppressant","OSL Pharma Limited","50","50","OTC"
"Butafix 7.5 mg/5 ml","Butafix 7.5 mg/5 ml","Butamirate Citrate","7.5 mg/5 ml","সিরাপ","একক","Cough suppressant","OSL Pharma Limited","80","80","OTC"
"Butakof 50 mg","Butakof 50 mg","Butamirate Citrate","50 mg","Tablet (Sustained Release)","3 x 10","Cough suppressant","Benham Pharmaceuticals Ltd.","10","10","OTC"
"Butakof 7.5 mg/5 ml","Butakof 7.5 mg/5 ml","Butamirate Citrate","7.5 mg/5 ml","সিরাপ","একক","Cough suppressant","General Pharmaceuticals Ltd.","80","80","OTC"
"Butalin 2 mg/5 ml","Butalin 2 mg/5 ml","Salbutamol","2 mg/5 ml","সিরাপ","একক","Short-acting selective & β2-adrenoceptor stimulants","United Pharmaceuticals Ltd.","22","22","OTC"
"Butalpen 10 mg","Butalpen 10 mg","Hyoscine Butylbromide","10 mg","ট্যাবলেট","10 x 10","Anticholinergics (antimuscarinics)/ Anti-spasmodics","Desh Pharmaceuticals Ltd.","3","3","OTC"
"Butapan 10 mg","Butapan 10 mg","Hyoscine Butylbromide","10 mg","ট্যাবলেট","10 x 20","Anticholinergics (antimuscarinics)/ Anti-spasmodics","Synovia Pharma PLC.","6.9","6.9","OTC"
"Butapan 20 mg","Butapan 20 mg","Hyoscine Butylbromide","20 mg","ট্যাবলেট","10 x 10","Anticholinergics (antimuscarinics)/ Anti-spasmodics","Synovia Pharma PLC.","13.64","13.64","OTC"
"Butapan 20 mg/ml","Butapan 20 mg/ml","Hyoscine Butylbromide","20 mg/ml","ইনজেকশন","2 x 5","Anticholinergics (antimuscarinics)/ Anti-spasmodics","Synovia Pharma PLC.","7.91","7.91","Rx"
"Butaret 5 mg/ml","Butaret 5 mg/ml","Butamirate Citrate","5 mg/ml","Pediatric Drops","একক","Cough suppressant","Opsonin Pharma Ltd.","50.15","50.15","OTC"
"Butaret 7.5 mg/5 ml","Butaret 7.5 mg/5 ml","Butamirate Citrate","7.5 mg/5 ml","সিরাপ","একক","Cough suppressant","Opsonin Pharma Ltd.","80.24","80.24","OTC"
"Butaret SR 50 mg","Butaret SR 50 mg","Butamirate Citrate","50 mg","Tablet (Sustained Release)","2 x 21","Cough suppressant","Opsonin Pharma Ltd.","10.03","10.03","OTC"
"Butasiv 5 mg/ml","Butasiv 5 mg/ml","Butamirate Citrate","5 mg/ml","Pediatric Drops","একক","Cough suppressant","Jenphar Bangladesh Ltd.","50","50","OTC"
"Butasiv 50 mg","Butasiv 50 mg","Butamirate Citrate","50 mg","Tablet (Sustained Release)","3 x 10","Cough suppressant","Jenphar Bangladesh Ltd.","10","10","OTC"
"Butasiv 7.5 mg/5 ml","Butasiv 7.5 mg/5 ml","Butamirate Citrate","7.5 mg/5 ml","সিরাপ","একক","Cough suppressant","Jenphar Bangladesh Ltd.","80","80","OTC"
"Butason 10 mg","Butason 10 mg","Hyoscine Butylbromide","10 mg","ট্যাবলেট","100's pack","Anticholinergics (antimuscarinics)/ Anti-spasmodics","Hudson Pharmaceuticals Ltd.","1.75","1.75","OTC"
"Buterol 10 mg","Buterol 10 mg","Bambuterol Hydrochloride","10 mg","ট্যাবলেট","10 x 10","Short-acting selective & β2-adrenoceptor stimulants","ACI Limited","1.51","1.51","OTC"
"Buterol 5 mg/5 ml","Buterol 5 mg/5 ml","Bambuterol Hydrochloride","5 mg/5 ml","Oral Solution","একক","Short-acting selective & β2-adrenoceptor stimulants","ACI Limited","35.13","35.13","OTC"
"Butibac 400 mg","Butibac 400 mg","Ceftibuten Dihydrate","400 mg","ক্যাপসুল","1 x 7","Third generation cephalosporins","Drug International Ltd.","120","120","OTC"
"Butibac 90 mg/5 ml","Butibac 90 mg/5 ml","Ceftibuten Dihydrate","90 mg/5 ml","পাউডার সাসপেনশন","একক","Third generation cephalosporins","Drug International Ltd.","480","480","OTC"
"Buticef 400 mg","Buticef 400 mg","Ceftibuten Dihydrate","400 mg","ক্যাপসুল","1 x 10","Third generation cephalosporins","The IBN SINA Pharmaceutical PLC","120","120","OTC"
"Buticef 90 mg/5 ml","Buticef 90 mg/5 ml","Ceftibuten Dihydrate","90 mg/5 ml","পাউডার সাসপেনশন","একক","Third generation cephalosporins","The IBN SINA Pharmaceutical PLC","480","480","OTC"
"Butil 7.5 mg/5 ml","Butil 7.5 mg/5 ml","Butamirate Citrate","7.5 mg/5 ml","সিরাপ","একক","Cough suppressant","Globe Pharmaceuticals Ltd.","80","80","OTC"
"Butinib 140 mg","Butinib 140 mg","Ibrutinib","140 mg","ক্যাপসুল","3 x 10","Targeted Cancer Therapy","Drug International Ltd.","500","500","OTC"
"Buva 0.5%","Buva 0.5%","Bupivacaine Hydrochloride","0.5%","ইনজেকশন","একক","Regional anesthesia","Beacon Pharmaceuticals PLC","60","60","Rx"
"Buva Heavy 0.5%+8%","Buva Heavy 0.5%+8%","Bupivacaine Hydrochloride + Dextrose","0.5%+8%","Intraspinal Injection","2 x 5","Regional anesthesia","Beacon Pharmaceuticals PLC","30","30","OTC"
"Buviren 400 mg","Buviren 400 mg","Sofosbuvir","400 mg","ট্যাবলেট","1 x 6","Hepatic viral infections (Hepatitis C)","Renata PLC","600","600","OTC"
"Buzz","Buzz","Vitamin B Complex + Zinc","","ট্যাবলেট","1 x 30","Specific mineral & vitamin combined preparations","Nipa Pharmaceuticals Ltd.","2.3","2.3","OTC"
"Buzz","Buzz","Vitamin B Complex + Zinc","","সিরাপ","একক","Specific mineral & vitamin combined preparations","Nipa Pharmaceuticals Ltd.","52","52","OTC"
"Bygerd 10 mg","Bygerd 10 mg","Vonoprazan","10 mg","ট্যাবলেট","5 x 10","Potassium competitive acid blocker","Incepta Pharmaceuticals Ltd.","7","7","OTC"
"Bygerd 20 mg","Bygerd 20 mg","Vonoprazan","20 mg","ট্যাবলেট","5 x 10","Potassium competitive acid blocker","Incepta Pharmaceuticals Ltd.","10","10","OTC"
"Byloza 20 mg","Byloza 20 mg","Bilastine","20 mg","ট্যাবলেট","3 x 10","Non-sedating antihistamines","Nuvista Pharma Ltd.","15","15","OTC"
"C-2 125 mg/5 ml","C-2 125 mg/5 ml","Cefuroxime Axetil","125 mg/5 ml","পাউডার সাসপেনশন","একক","Second generation cephalosporins","Astra Biopharmaceuticals Ltd.","198","198","OTC"
"C-2 250 mg","C-2 250 mg","Cefuroxime Axetil","250 mg","ট্যাবলেট","1 x 10","Second generation cephalosporins","Astra Biopharmaceuticals Ltd.","25","25","OTC"
"C-2 500 mg","C-2 500 mg","Cefuroxime Axetil","500 mg","ট্যাবলেট","1 x 8","Second generation cephalosporins","Astra Biopharmaceuticals Ltd.","45.13","45.13","OTC"
"C-3 100 mg/5 ml","C-3 100 mg/5 ml","Cefixime Trihydrate","100 mg/5 ml","পাউডার সাসপেনশন","একক","Third generation cephalosporins","Astra Biopharmaceuticals Ltd.","195","195","OTC"
"C-3 200 mg","C-3 200 mg","Cefixime Trihydrate","200 mg","ক্যাপসুল","1 x 10","Third generation cephalosporins","Astra Biopharmaceuticals Ltd.","35","35","OTC"
"C-3 400 mg","C-3 400 mg","Cefixime Trihydrate","400 mg","ক্যাপসুল","2 x 4","Third generation cephalosporins","Astra Biopharmaceuticals Ltd.","50","50","OTC"
"C-4 1000 mg+327 mg (Conventional calcium)+500 mg","C-4 1000 mg+327 mg (Conventional calcium)+500 mg","Calcium Lactate Gluconate + Calcium Carbonate + Vitamin C","1000 mg+327 mg (Conventional calcium)+500 mg","Effervescent Tablet","1 x 10","Specific mineral & vitamin combined preparations","Alco Pharma Ltd.","10.9","10.9","OTC"
"C-Bon 250 mg","C-Bon 250 mg","Vitamin C [Ascorbic acid]","250 mg","Chewable Tablet","10 x 10","Vitamin-C Preparations","Ambee Pharmaceuticals Ltd.","1.3","1.3","OTC"
"C-BZ","C-BZ","Vitamin B Complex + Zinc","","সিরাপ","একক","Specific mineral & vitamin combined preparations","Central Pharmaceuticals Ltd.","50","50","OTC"
"C-Fenac 75 mg/3 ml","C-Fenac 75 mg/3 ml","Diclofenac Sodium","75 mg/3 ml","IM Injection","2 x 5","Drugs for Osteoarthritis, Drugs used for Rheumatoid Arthritis, Non-steroidal Anti-inflammatory Drugs (NSAIDs)","Chemist Laboratories  Ltd.","11.13","11.13","OTC"
"C-Fenac Plus (75 mg+20 mg)/2 ml","C-Fenac Plus (75 mg+20 mg)/2 ml","Diclofenac Sodium + Lidocaine Hydrochloride","75 mg+20 mg)/2 ml","IM Injection","4 x 5","Drugs for Osteoarthritis, Drugs used for Rheumatoid Arthritis, Non-steroidal Anti-inflammatory Drugs (NSAIDs)","Chemist Laboratories  Ltd.","15","15","OTC"
"C-Fenac TR 100 mg","C-Fenac TR 100 mg","Diclofenac Sodium","100 mg","Capsule (Timed Release)","10 x 10","Drugs for Osteoarthritis, Drugs used for Rheumatoid Arthritis, Non-steroidal Anti-inflammatory Drugs (NSAIDs)","Chemist Laboratories  Ltd.","3","3","OTC"
"C-Lemon 250 mg","C-Lemon 250 mg","Vitamin C [Ascorbic acid]","250 mg","Chewable Tablet","20 x 10","Vitamin-C Preparations","Zenith Pharmaceuticals Ltd.","1.14","1.14","OTC"
"C-Rich 250 mg","C-Rich 250 mg","Vitamin C [Ascorbic acid]","250 mg","Chewable Tablet","6 x 15","Vitamin-C Preparations","General Pharmaceuticals Ltd.","1.9","1.9","OTC"
"C-Vitera 250 mg","C-Vitera 250 mg","Vitamin C [Ascorbic acid]","250 mg","Chewable Tablet","100's pack","Vitamin-C Preparations","Millat Pharmaceuticals Ltd.","1.3","1.3","OTC"
"C-Zinc 10 mg/5 ml","C-Zinc 10 mg/5 ml","Zinc Sulfate Monohydrate","10 mg/5 ml","সিরাপ","একক","Specific mineral preparations, Vaccines, Anti-sera & Immunoglobulin","Central Pharmaceuticals Ltd.","30","30","OTC"
"Cab 5 mg","Cab 5 mg","Amlodipine Besilate","5 mg","ট্যাবলেট","5 x 10","Calcium-channel blockers","ACI Limited","5.02","5.02","OTC"
"Cabanib 20 mg","Cabanib 20 mg","Cabozantinib","20 mg","ক্যাপসুল","3 x 10","Tyrosine Kinase Inhibitor","Drug International Ltd.","120","120","OTC"
"Cabanib 60 mg","Cabanib 60 mg","Cabozantinib","60 mg","ক্যাপসুল","1 x 30","Tyrosine Kinase Inhibitor","Drug International Ltd.","350","350","OTC"
"Cabazol 1%","Cabazol 1%","Clotrimazole (Topical)","1%","ক্রিম","একক","Drugs for subcutaneous and mycoses, Topical Antifungal preparations","Drug International Ltd.","35","35","OTC"
"Caber 0.5 mg","Caber 0.5 mg","Cabergoline","0.5 mg","ট্যাবলেট","3 x 2","Antiparkinson drugs","ACI Limited","80","80","OTC"
"Cabergol 0.5 mg","Cabergol 0.5 mg","Cabergoline","0.5 mg","ট্যাবলেট","3 x 2","Antiparkinson drugs","Popular Pharmaceuticals Ltd.","80","80","OTC"
"Caberol 0.5 mg","Caberol 0.5 mg","Cabergoline","0.5 mg","ট্যাবলেট","3 x 2","Antiparkinson drugs","Square Pharmaceuticals PLC","80","80","OTC"
"Cabita 500 mg","Cabita 500 mg","Capecitabine","500 mg","ট্যাবলেট","4 x 7","Cytotoxic Chemotherapy","Drug International Ltd.","110","110","OTC"
"Cabolac 0.5 mg","Cabolac 0.5 mg","Cabergoline","0.5 mg","ট্যাবলেট","2 x 2","Antiparkinson drugs","Incepta Pharmaceuticals Ltd.","80","80","OTC"
"Cabolin 0.5 mg","Cabolin 0.5 mg","Cabergoline","0.5 mg","ট্যাবলেট","2 x 2","Antiparkinson drugs","Renata PLC","80","80","OTC"
"Cabolin 1 mg","Cabolin 1 mg","Cabergoline","1 mg","ট্যাবলেট","1 x 4","Antiparkinson drugs","Renata PLC","150","150","OTC"
"Cabonate 500 mg","Cabonate 500 mg","Calcium Carbonate","500 mg","ট্যাবলেট","30's pack","Minerals in bone formation, Specific mineral preparations","Millat Pharmaceuticals Ltd.","2.5","2.5","OTC"
"Cabotab 20 mg","Cabotab 20 mg","Cabozantinib","20 mg","ট্যাবলেট","2 x 5","Tyrosine Kinase Inhibitor","Renata PLC","450","450","OTC"
"Cabotab 40 mg","Cabotab 40 mg","Cabozantinib","40 mg","ট্যাবলেট","2 x 5","Tyrosine Kinase Inhibitor","Renata PLC","900","900","OTC"
"Cabotab 60 mg","Cabotab 60 mg","Cabozantinib","60 mg","ট্যাবলেট","2 x 5","Tyrosine Kinase Inhibitor","Renata PLC","1400","1400","OTC"
"Caboxen 20 mg","Caboxen 20 mg","Cabozantinib","20 mg","ক্যাপসুল","1 x 90","Tyrosine Kinase Inhibitor","Everest Pharmaceuticals Ltd.","355","355","OTC"
"Caboxen 80 mg","Caboxen 80 mg","Cabozantinib","80 mg","ক্যাপসুল","1 x 30","Tyrosine Kinase Inhibitor","Everest Pharmaceuticals Ltd.","900","900","OTC"
"Caboz 20 mg","Caboz 20 mg","Cabozantinib","20 mg","ক্যাপসুল","3 x 10","Tyrosine Kinase Inhibitor","Beacon Pharmaceuticals PLC","400","400","OTC"
"Cabretol 100 mg/5 ml","Cabretol 100 mg/5 ml","Carbamazepine","100 mg/5 ml","Oral Suspension","একক","Primary anti-epileptic drugs","Renata PLC","301","301","OTC"
"Cabretol 200 mg","Cabretol 200 mg","Carbamazepine","200 mg","ট্যাবলেট","5 x 10","Primary anti-epileptic drugs","Renata PLC","3.91","3.91","OTC"
"Cadiar D 500 mg+200 IU","Cadiar D 500 mg+200 IU","Conventional Calcium + Vitamin D3","500 mg+200 IU","ট্যাবলেট","3 x 10","Specific mineral & vitamin combined preparations","Maks Drug Limited","8","8","OTC"
"Cadiar DX 600 mg+400 IU","Cadiar DX 600 mg+400 IU","Conventional Calcium + Vitamin D3","600 mg+400 IU","ট্যাবলেট","3 x 10","Specific mineral & vitamin combined preparations","Maks Drug Limited","14","14","OTC"
"Cadmin Plus","Cadmin Plus","Calcium + Vitamin D3 + Multimineral","","ট্যাবলেট","1 x 30","Specific mineral & vitamin combined preparations","General Pharmaceuticals Ltd.","4.04","4.04","OTC"
"Cadmin-D 500 mg+200 IU","Cadmin-D 500 mg+200 IU","Conventional Calcium + Vitamin D3","500 mg+200 IU","ট্যাবলেট","1 x 30","Specific mineral & vitamin combined preparations","General Pharmaceuticals Ltd.","8","8","OTC"
"Cadolin 500 mg+200 IU","Cadolin 500 mg+200 IU","Conventional Calcium + Vitamin D3","500 mg+200 IU","ট্যাবলেট","3 x 10","Specific mineral & vitamin combined preparations","Jayson Pharmaceutical Ltd.","6","6","OTC"
"Cadosil 500 mg","Cadosil 500 mg","Calcium Dobesilate","500 mg","ক্যাপসুল","3 x 10","Vaso Protective","UniMed UniHealth Pharmaceuticals Ltd.","20","20","OTC"
"Cadosil LD 4%+2%+0.025%","Cadosil LD 4%+2%+0.025%","Calcium Dobesilate + Lidocaine + Dexamethasone","4%+2%+0.025%","Rectal Ointment","একক","Drugs used in Ano-rectal region","UniMed UniHealth Pharmaceuticals Ltd.","170","170","OTC"
"Cadrol 2.5 mg","Cadrol 2.5 mg","Bisoprolol Fumarate","2.5 mg","ট্যাবলেট","3 x 10","Anti adrenergic agent (Beta blockers), Beta-adrenoceptor blocking drugs, Beta-blockers","Ethical Drugs Limited","6.04","6.04","OTC"
"Cadrol 5 mg","Cadrol 5 mg","Bisoprolol Fumarate","5 mg","ট্যাবলেট","3 x 10","Anti adrenergic agent (Beta blockers), Beta-adrenoceptor blocking drugs, Beta-blockers","Ethical Drugs Limited","10","10","OTC"
"Caf-N 500 mg+65 mg","Caf-N 500 mg+65 mg","Paracetamol + Caffeine","500 mg+65 mg","ট্যাবলেট","100's pack","Non-Opioid Analgesics","Globex Pharmaceuticals Ltd.","2","2","OTC"
"Caface 500 mg+65 mg","Caface 500 mg+65 mg","Paracetamol + Caffeine","500 mg+65 mg","ট্যাবলেট","100's pack","Non-Opioid Analgesics","Leon Pharmaceuticals Ltd.","2","2","OTC"
"Cafceta 500 mg+65 mg","Cafceta 500 mg+65 mg","Paracetamol + Caffeine","500 mg+65 mg","ট্যাবলেট","200's pack","Non-Opioid Analgesics","Peoples Pharma Ltd.","1.5","1.5","OTC"
"Cafecool Plus 500 mg+65 mg","Cafecool Plus 500 mg+65 mg","Paracetamol + Caffeine","500 mg+65 mg","ট্যাবলেট","10 x 10","Non-Opioid Analgesics","Doctor TIMS Pharmaceuticals Ltd.","2.5","2.5","OTC"
"Cafedon 500 mg+65 mg","Cafedon 500 mg+65 mg","Paracetamol + Caffeine","500 mg+65 mg","ট্যাবলেট","20 x 10","Non-Opioid Analgesics","Healthcare Pharmaceuticals Ltd.","2.5","2.5","OTC"
"Cafeta 500 mg+65 mg","Cafeta 500 mg+65 mg","Paracetamol + Caffeine","500 mg+65 mg","ট্যাবলেট","20 x 10","Non-Opioid Analgesics","Nipa Pharmaceuticals Ltd.","2.5","2.5","OTC"
"Caffo 500 mg+65 mg","Caffo 500 mg+65 mg","Paracetamol + Caffeine","500 mg+65 mg","ট্যাবলেট","10 x 10","Non-Opioid Analgesics","Somatec Pharmaceuticals Ltd.","1.9","1.9","OTC"
"Caftadin 0.25%","Caftadin 0.25%","Alcaftadine","0.25%","Ophthalmic Solution","একক","Ophthalmic Anti-allergic preparations","Aristopharma Ltd.","450","450","OTC"
"Caftalast 0.25%","Caftalast 0.25%","Alcaftadine","0.25%","Ophthalmic Solution","একক","Ophthalmic Anti-allergic preparations","OSL Pharma Limited","430","430","OTC"
"Caftyl 500 mg+65 mg","Caftyl 500 mg+65 mg","Paracetamol + Caffeine","500 mg+65 mg","ট্যাবলেট","10 x 10","Non-Opioid Analgesics","One Pharma Ltd.","2.2","2.2","OTC"
"Caid 75 mg","Caid 75 mg","Aspirin","75 mg","Tablet (Enteric Coated)","10 x 10","Anti-platelet drugs","Jayson Pharmaceutical Ltd.","0.6","0.6","OTC"
"Cal 250 mg","Cal 250 mg","Calcium Carbonate","250 mg","Chewable Tablet","3 x 10","Minerals in bone formation, Specific mineral preparations","Pacific Pharmaceuticals Ltd.","3","3","OTC"
"Cal 500 mg","Cal 500 mg","Calcium Carbonate","500 mg","ট্যাবলেট","3 x 10","Minerals in bone formation, Specific mineral preparations","Pacific Pharmaceuticals Ltd.","5","5","OTC"
"Cal D 500 mg+200 IU","Cal D 500 mg+200 IU","Conventional Calcium + Vitamin D3","500 mg+200 IU","ট্যাবলেট","10 x 10","Specific mineral & vitamin combined preparations","Pacific Pharmaceuticals Ltd.","7","7","OTC"
"Cal D Plus","Cal D Plus","Calcium + Vitamin D3 + Multimineral","","ট্যাবলেট","2 x 10","Specific mineral & vitamin combined preparations","Pacific Pharmaceuticals Ltd.","8","8","OTC"
"Cal Lactate 300 mg","Cal Lactate 300 mg","Calcium Lactate","300 mg","ট্যাবলেট","20 x 10","Minerals in bone formation, Specific mineral preparations","Union Pharmaceuticals Ltd","0.3","0.3","OTC"
"Cal X 12 mg/sachet","Cal X 12 mg/sachet","Sucralose","12 mg/sachet","Oral Powder","25's pack","Oral nutritional preparations","Eskayef Pharmaceuticals Ltd.","2.6","2.6","OTC"
"Cal X 8 mg","Cal X 8 mg","Sucralose","8 mg","ট্যাবলেট","1 x 100","Oral nutritional preparations","Eskayef Pharmaceuticals Ltd.","1.1","1.1","OTC"
"Cal-aid 500 mg","Cal-aid 500 mg","Calcium Carbonate","500 mg","ট্যাবলেট","10 x 10","Minerals in bone formation, Specific mineral preparations","Ethical Drugs Limited","2","2","OTC"
"Cal-D Zen 500 mg+200 IU","Cal-D Zen 500 mg+200 IU","Conventional Calcium + Vitamin D3","500 mg+200 IU","ট্যাবলেট","1 x 30","Specific mineral & vitamin combined preparations","Zenith Pharmaceuticals Ltd.","5.75","5.75","OTC"
"Cal. Gluconate 500 mg/5 ml","Cal. Gluconate 500 mg/5 ml","Calcium Gluconate","500 mg/5 ml","IM/IV Injection","2 x 5","Minerals in bone formation, Specific mineral preparations","Edruc Limited","13","13","OTC"
"Calac 300 mg","Calac 300 mg","Calcium Lactate","300 mg","ট্যাবলেট","10 x 10","Minerals in bone formation, Specific mineral preparations","Opsonin Pharma Ltd.","0.5","0.5","OTC"
"Calamilon 15%+5%+5%","Calamilon 15%+5%+5%","Calamine + Zinc Oxide + Glycerine","15%+5%+5%","লোশন","একক","Local Antipruritic","United Pharmaceuticals Ltd.","38.15","38.15","OTC"
"Calamin M 15%+5%+5%","Calamin M 15%+5%+5%","Calamine + Zinc Oxide + Glycerine","15%+5%+5%","লোশন","একক","Local Antipruritic","Momotaz Pharmaceuticals Ltd.","38","38","OTC"
"Calamine 15%+5%+5%","Calamine 15%+5%+5%","Calamine + Zinc Oxide + Glycerine","15%+5%+5%","লোশন","একক","Local Antipruritic","Amico Laboratories Ltd.","38","38","OTC"
"Calamine 15%+5%+5%","Calamine 15%+5%+5%","Calamine + Zinc Oxide + Glycerine","15%+5%+5%","লোশন","একক","Local Antipruritic","Pharmik Laboratories Ltd.","40","40","OTC"
"Calate 300 mg","Calate 300 mg","Calcium Lactate","300 mg","ট্যাবলেট","100's pack","Minerals in bone formation, Specific mineral preparations","Pharmadesh Laboratories Ltd.","0.5","0.5","OTC"
"Calbeta 5 mg+50 mg","Calbeta 5 mg+50 mg","Amlodipine Besilate + Atenolol","5 mg+50 mg","ট্যাবলেট","3 x 10","Combined antihypertensive preparations","UniMed UniHealth Pharmaceuticals Ltd.","7.5","7.5","OTC"
"Calbo 500 mg","Calbo 500 mg","Calcium Carbonate","500 mg","ট্যাবলেট","10 x 10","Minerals in bone formation, Specific mineral preparations","Square Pharmaceuticals PLC","5","5","OTC"
"Calbo Forte 1000 mg+327 mg (Conventional calcium)+500 mg+400 IU","Calbo Forte 1000 mg+327 mg (Conventional calcium)+500 mg+400 IU","Calcium Lactate Gluconate + Calcium Carbonate + Vitamin C + Vitamin D3","1000 mg+327 mg (Conventional calcium)+500 mg+400 IU","Effervescent Tablet","1 x 10","Specific mineral & vitamin combined preparations","Square Pharmaceuticals PLC","8.06","8.06","OTC"
"Calbo Jr 250 mg","Calbo Jr 250 mg","Calcium Carbonate","250 mg","Chewable Tablet","6 x 10","Minerals in bone formation, Specific mineral preparations","Square Pharmaceuticals PLC","4","4","OTC"
"Calbo-C 1000 mg+327 mg (Conventional calcium)+500 mg","Calbo-C 1000 mg+327 mg (Conventional calcium)+500 mg","Calcium Lactate Gluconate + Calcium Carbonate + Vitamin C","1000 mg+327 mg (Conventional calcium)+500 mg","Effervescent Tablet","1 x 10","Specific mineral & vitamin combined preparations","Square Pharmaceuticals PLC","13","13","OTC"
"Calbo-D 500 mg+200 IU","Calbo-D 500 mg+200 IU","Conventional Calcium + Vitamin D3","500 mg+200 IU","ট্যাবলেট","1 x 30","Specific mineral & vitamin combined preparations","Square Pharmaceuticals PLC","8","8","OTC"
"Calbo-D Vita 1358.196 mg+600 mg (Elemental calcium)+400 IU","Calbo-D Vita 1358.196 mg+600 mg (Elemental calcium)+400 IU","Calcium Lactate Gluconate + Calcium Carbonate + Vitamin D3","1358.196 mg+600 mg (Elemental calcium)+400 IU","Effervescent Tablet","1 x 10","Specific mineral & vitamin combined preparations","Square Pharmaceuticals PLC","15.05","15.05","OTC"
"Calbon D 500 mg+200 IU","Calbon D 500 mg+200 IU","Conventional Calcium + Vitamin D3","500 mg+200 IU","ট্যাবলেট","1 x 15","Specific mineral & vitamin combined preparations","Aristopharma Ltd.","8","8","OTC"
"Calboplex","Calboplex","Calcium + Vitamin D3 + Multimineral","","ট্যাবলেট","1 x 30","Specific mineral & vitamin combined preparations","Square Pharmaceuticals PLC","6","6","OTC"
"Calboral-D 500 mg+200 IU","Calboral-D 500 mg+200 IU","Coral Calcium + Vitamin D3","500 mg+200 IU","ট্যাবলেট","5 x 6","Specific mineral & vitamin combined preparations","Square Pharmaceuticals PLC","11","11","OTC"
"Calboral-DX 600 mg+400 IU","Calboral-DX 600 mg+400 IU","Coral Calcium + Vitamin D3","600 mg+400 IU","ট্যাবলেট","1 x 30","Specific mineral & vitamin combined preparations","Square Pharmaceuticals PLC","16","16","OTC"
"Calbostar 400 mg","Calbostar 400 mg","Calcium Orotate","400 mg","ট্যাবলেট","3 x 10","Minerals in bone formation, Specific mineral preparations","Square Pharmaceuticals PLC","8.03","8.03","OTC"
"Calbostar 740 mg","Calbostar 740 mg","Calcium Orotate","740 mg","ট্যাবলেট","3 x 10","Minerals in bone formation, Specific mineral preparations","Square Pharmaceuticals PLC","12.03","12.03","OTC"
"Calbotol 1200 mg+0.25 mcg","Calbotol 1200 mg+0.25 mcg","Calcium Citrate + Calcitriol","1200 mg+0.25 mcg","ট্যাবলেট","1 x 30","Specific mineral & vitamin combined preparations","Square Pharmaceuticals PLC","13","13","OTC"
"Calcefer 1000 mg+327 mg (Conventional calcium)+500 mg","Calcefer 1000 mg+327 mg (Conventional calcium)+500 mg","Calcium Lactate Gluconate + Calcium Carbonate + Vitamin C","1000 mg+327 mg (Conventional calcium)+500 mg","Effervescent Tablet","1 x 10","Specific mineral & vitamin combined preparations","Renata PLC","10","10","OTC"
"Calcent 100 mg","Calcent 100 mg","Acalabrutinib","100 mg","ক্যাপসুল","2 x 6","Tyrosine Kinase Inhibitor","Incepta Pharmaceuticals Ltd.","1200","1200","OTC"
"Calchek 5 mg","Calchek 5 mg","Amlodipine Besilate","5 mg","ট্যাবলেট","5 x 10","Calcium-channel blockers","General Pharmaceuticals Ltd.","5.01","5.01","OTC"
"Calchek Plus 5 mg+50 mg","Calchek Plus 5 mg+50 mg","Amlodipine Besilate + Atenolol","5 mg+50 mg","ট্যাবলেট","3 x 10","Combined antihypertensive preparations","General Pharmaceuticals Ltd.","8","8","OTC"
"Calci 100 mg/2 ml","Calci 100 mg/2 ml","Calcium Pantothenate","100 mg/2 ml","ইনজেকশন","10 x 5","Minerals in bone formation, Specific mineral preparations","Opsonin Pharma Ltd.","3.52","3.52","Rx"
"Calci-D 500 mg","Calci-D 500 mg","Calcium Carbonate","500 mg","ট্যাবলেট","5 x 10","Minerals in bone formation, Specific mineral preparations","Rephco Pharmaceuticals Ltd.","2","2","OTC"
"Calci-D Plus 500 mg+200 IU","Calci-D Plus 500 mg+200 IU","Conventional Calcium + Vitamin D3","500 mg+200 IU","ট্যাবলেট","5 x 10","Specific mineral & vitamin combined preparations","Rephco Pharmaceuticals Ltd.","4.3","4.3","OTC"
"Calcibo D 500 mg+200 IU","Calcibo D 500 mg+200 IU","Conventional Calcium + Vitamin D3","500 mg+200 IU","ট্যাবলেট","1 x 15","Specific mineral & vitamin combined preparations","Astra Biopharmaceuticals Ltd.","6","6","OTC"
"Calcibost-D 500 mg+200 IU","Calcibost-D 500 mg+200 IU","Conventional Calcium + Vitamin D3","500 mg+200 IU","ট্যাবলেট","1 x 15","Specific mineral & vitamin combined preparations","Sharif Pharmaceuticals Ltd.","7","7","OTC"
"Calcical-D 500 mg+200 IU","Calcical-D 500 mg+200 IU","Conventional Calcium + Vitamin D3","500 mg+200 IU","ট্যাবলেট","5 x 6","Specific mineral & vitamin combined preparations","Techno Drugs Ltd.","4.94","4.94","OTC"
"Calcicar 500 mg","Calcicar 500 mg","Calcium Carbonate","500 mg","ট্যাবলেট","10 x 10","Minerals in bone formation, Specific mineral preparations","Incepta Pharmaceuticals Ltd.","2.5","2.5","OTC"
"Calcid 1000 mg","Calcid 1000 mg","Calcium Carbonate","1000 mg","Chewable Tablet","5 x 10","Minerals in bone formation, Specific mineral preparations","Opsonin Pharma Ltd.","2.01","2.01","OTC"
"Calciferol 200000 IU/ml","Calciferol 200000 IU/ml","Cholecalciferol [Vitamin D3]","200000 IU/ml","Injectable Solution (Oral & IM)","একক","Vitamin in bone formation, Vitamin-D preparations","Renata PLC","120","120","OTC"
"Calcifil D 500 mg+200 IU","Calcifil D 500 mg+200 IU","Conventional Calcium + Vitamin D3","500 mg+200 IU","ট্যাবলেট","5 x 10","Specific mineral & vitamin combined preparations","Gaco Pharmaceuticals Ltd.","4.6","4.6","OTC"
"Calcigro D Plus","Calcigro D Plus","Calcium + Vitamin D3 + Multimineral","","ট্যাবলেট","10 x 10","Specific mineral & vitamin combined preparations","Biogen Pharmaceuticals Ltd.","8","8","OTC"
"Calcin 500 mg","Calcin 500 mg","Calcium Carbonate","500 mg","ট্যাবলেট","5 x 10","Minerals in bone formation, Specific mineral preparations","Renata PLC","5","5","OTC"
"Calcin-D 500 mg+200 IU","Calcin-D 500 mg+200 IU","Conventional Calcium + Vitamin D3","500 mg+200 IU","ট্যাবলেট","1 x 15","Specific mineral & vitamin combined preparations","Renata PLC","8","8","OTC"
"Calcin-DX 600 mg+400 IU","Calcin-DX 600 mg+400 IU","Conventional Calcium + Vitamin D3","600 mg+400 IU","ট্যাবলেট","1 x 30","Specific mineral & vitamin combined preparations","Renata PLC","8","8","OTC"
"Calcin-M","Calcin-M","Calcium + Vitamin D3 + Multimineral","","ট্যাবলেট","1 x 30","Specific mineral & vitamin combined preparations","Renata PLC","5.5","5.5","OTC"
"Calcin-O 400 mg","Calcin-O 400 mg","Calcium Orotate","400 mg","ট্যাবলেট","3 x 10","Minerals in bone formation, Specific mineral preparations","Renata PLC","8","8","OTC"
"Calcin-O DS 740 mg","Calcin-O DS 740 mg","Calcium Orotate","740 mg","ট্যাবলেট","3 x 10","Minerals in bone formation, Specific mineral preparations","Renata PLC","12","12","OTC"
"Calcin-O Kit 150 mg & 400 mg","Calcin-O Kit 150 mg & 400 mg","Ibandronic Acid & Calcium Orotate","150 mg & 400 mg","ট্যাবলেট","একক","Minerals in bone formation, Specific mineral preparations","Renata PLC","990","990","OTC"
"Calcirol 200000 IU/ml","Calcirol 200000 IU/ml","Cholecalciferol [Vitamin D3]","200000 IU/ml","Injectable Solution (Oral & IM)","একক","Vitamin in bone formation, Vitamin-D preparations","Drug International Ltd.","120.4","120.4","OTC"
"Calcitate 300 mg","Calcitate 300 mg","Calcium Lactate","300 mg","ট্যাবলেট","20 x 10","Minerals in bone formation, Specific mineral preparations","Ambee Pharmaceuticals Ltd.","0.17","0.17","OTC"
"Calciton 500 mg","Calciton 500 mg","Calcium Carbonate","500 mg","ট্যাবলেট","3 x 10","Minerals in bone formation, Specific mineral preparations","Chemist Laboratories  Ltd.","2","2","OTC"
"Calcitonin 100 IU/ml","Calcitonin 100 IU/ml","Salmon Calcitonin","100 IU/ml","ইনজেকশন","2 x 5","Hormone in bone formation by Inhibiting bone resorption","City Overseas Ltd.","145","145","Rx"
"Calcitrol 0.25 mcg","Calcitrol 0.25 mcg","Calcitriol","0.25 mcg","ক্যাপসুল","3 x 10","Vitamin in bone formation, Vitamin-D preparations","Square Pharmaceuticals PLC","10.03","10.03","OTC"
"Calcium + Vit D3","ক্যালসিয়াম + ভিটামিন ডি৩","Calcium Carbonate","","ট্যাবলেট","৩০ পিস","Minerals in bone formation, Specific mineral preparations","Renata","320","400","OTC"
"Calcium A & D 500 mg+200 IU","Calcium A & D 500 mg+200 IU","Conventional Calcium + Vitamin D3","500 mg+200 IU","ট্যাবলেট","1 x 15","Specific mineral & vitamin combined preparations","Ad-din Pharmaceuticals Ltd.","7","7","OTC"
"Calcium Ambee 500 mg/5 ml","Calcium Ambee 500 mg/5 ml","Calcium Gluconate","500 mg/5 ml","IM/IV Injection","1 x 5","Minerals in bone formation, Specific mineral preparations","Ambee Pharmaceuticals Ltd.","6.22","6.22","OTC"
"Calcium D 500 mg+200 IU","Calcium D 500 mg+200 IU","Conventional Calcium + Vitamin D3","500 mg+200 IU","ট্যাবলেট","1 x 30","Specific mineral & vitamin combined preparations","Pharmik Laboratories Ltd.","7","7","OTC"
"Calcium DS 500 mg","Calcium DS 500 mg","Calcium Carbonate","500 mg","ট্যাবলেট","1 x 30","Minerals in bone formation, Specific mineral preparations","Pharmik Laboratories Ltd.","4","4","OTC"
"Calcium Vitamin C & D 1000 mg+327 mg (Conventional calcium)+500 mg+400 IU","Calcium Vitamin C & D 1000 mg+327 mg (Conventional calcium)+500 mg+400 IU","Calcium Lactate Gluconate + Calcium Carbonate + Vitamin C + Vitamin D3","1000 mg+327 mg (Conventional calcium)+500 mg+400 IU","Effervescent Tablet","1 x 12","Specific mineral & vitamin combined preparations","Pharmik Laboratories Ltd.","10","10","OTC"
"Calcium-A 500 mg","Calcium-A 500 mg","Calcium Carbonate","500 mg","ট্যাবলেট","10 x 10","Minerals in bone formation, Specific mineral preparations","Ad-din Pharmaceuticals Ltd.","5","5","OTC"
"Calcium-Jayson 500 mg/5 ml","Calcium-Jayson 500 mg/5 ml","Calcium Gluconate","500 mg/5 ml","IM/IV Injection","2 x 5","Minerals in bone formation, Specific mineral preparations","Jayson Pharmaceutical Ltd.","9.77","9.77","OTC"
"Calcixen 500 mg+200 IU","Calcixen 500 mg+200 IU","Coral Calcium + Vitamin D3","500 mg+200 IU","ট্যাবলেট","3 x 10","Specific mineral & vitamin combined preparations","Everest Pharmaceuticals Ltd.","13","13","OTC"
"Calcixen Max 600 mg+400 IU","Calcixen Max 600 mg+400 IU","Coral Calcium + Vitamin D3","600 mg+400 IU","ট্যাবলেট","3 x 10","Specific mineral & vitamin combined preparations","Everest Pharmaceuticals Ltd.","15","15","OTC"
"Calcizen 300 mg","Calcizen 300 mg","Calcium Lactate","300 mg","ট্যাবলেট","10 x 10","Minerals in bone formation, Specific mineral preparations","Zenith Pharmaceuticals Ltd.","0.3","0.3","OTC"
"Calcizen DS 500 mg","Calcizen DS 500 mg","Calcium Carbonate","500 mg","ট্যাবলেট","5 x 10","Minerals in bone formation, Specific mineral preparations","Zenith Pharmaceuticals Ltd.","2","2","OTC"
"Calcor-D 500 mg+200 IU","Calcor-D 500 mg+200 IU","Coral Calcium + Vitamin D3","500 mg+200 IU","ট্যাবলেট","5 x 10","Specific mineral & vitamin combined preparations","Pacific Pharmaceuticals Ltd.","10","10","OTC"
"Calcor-DX 600 mg+400 IU","Calcor-DX 600 mg+400 IU","Coral Calcium + Vitamin D3","600 mg+400 IU","ট্যাবলেট","3 x 10","Specific mineral & vitamin combined preparations","Pacific Pharmaceuticals Ltd.","15","15","OTC"
"Caldibon-D 500 mg+200 IU","Caldibon-D 500 mg+200 IU","Conventional Calcium + Vitamin D3","500 mg+200 IU","ট্যাবলেট","5 x 10","Specific mineral & vitamin combined preparations","Salton Pharmaceuticals Ltd.","6.5","6.5","OTC"
"Caldical 500 mg","Caldical 500 mg","Calcium Carbonate","500 mg","ট্যাবলেট","5 x 10","Minerals in bone formation, Specific mineral preparations","Ziska Pharmaceuticals Ltd.","2.5","2.5","OTC"
"Caldical-D 500 mg+200 IU","Caldical-D 500 mg+200 IU","Conventional Calcium + Vitamin D3","500 mg+200 IU","ট্যাবলেট","5 x 10","Specific mineral & vitamin combined preparations","Ziska Pharmaceuticals Ltd.","7","7","OTC"
"Caldil 500 mg","Caldil 500 mg","Calcium Carbonate","500 mg","ট্যাবলেট","5 x 10","Minerals in bone formation, Specific mineral preparations","Drug International Ltd.","4.5","4.5","OTC"
"Caldil-OT 400 mg","Caldil-OT 400 mg","Calcium Orotate","400 mg","ট্যাবলেট","3 x 10","Minerals in bone formation, Specific mineral preparations","Drug International Ltd.","8","8","OTC"
"Caldil-Plus 500 mg+200 IU","Caldil-Plus 500 mg+200 IU","Conventional Calcium + Vitamin D3","500 mg+200 IU","ট্যাবলেট","5 x 10","Specific mineral & vitamin combined preparations","Drug International Ltd.","7","7","OTC"
"Caldolin 500 mg+400 IU","Caldolin 500 mg+400 IU","Conventional Calcium + Vitamin D3","500 mg+400 IU","ট্যাবলেট","1 x 30","Specific mineral & vitamin combined preparations","Chemist Laboratories  Ltd.","7","7","OTC"
"Caletal 500 mg","Caletal 500 mg","Calcium Carbonate","500 mg","ট্যাবলেট","3 x 10","Minerals in bone formation, Specific mineral preparations","United Pharmaceuticals Ltd.","3.02","3.02","OTC"
"Caletal-D 500 mg+200 IU","Caletal-D 500 mg+200 IU","Conventional Calcium + Vitamin D3","500 mg+200 IU","ট্যাবলেট","4 x 10","Specific mineral & vitamin combined preparations","United Pharmaceuticals Ltd.","4.01","4.01","OTC"
"Calex-D 500 mg+200 IU","Calex-D 500 mg+200 IU","Conventional Calcium + Vitamin D3","500 mg+200 IU","ট্যাবলেট","1 x 30","Specific mineral & vitamin combined preparations","Guardian Healthcare Ltd.","6","6","OTC"
"Calfast DX 600 mg+400 IU","Calfast DX 600 mg+400 IU","Conventional Calcium + Vitamin D3","600 mg+400 IU","ট্যাবলেট","1 x 15","Specific mineral & vitamin combined preparations","Albion Laboratories Limited","9.6","9.6","OTC"
"Calfeed 500 mg","Calfeed 500 mg","Calcium Carbonate","500 mg","ট্যাবলেট","50's pack","Minerals in bone formation, Specific mineral preparations","Apollo Pharmaceutical Ltd.","2","2","OTC"
"Calfeed-D 500 mg+200 IU","Calfeed-D 500 mg+200 IU","Conventional Calcium + Vitamin D3","500 mg+200 IU","ট্যাবলেট","1 x 15","Specific mineral & vitamin combined preparations","Apollo Pharmaceutical Ltd.","4.83","4.83","OTC"
"Calfix C 1000 mg+327 mg (Conventional calcium)+500 mg","Calfix C 1000 mg+327 mg (Conventional calcium)+500 mg","Calcium Lactate Gluconate + Calcium Carbonate + Vitamin C","1000 mg+327 mg (Conventional calcium)+500 mg","Effervescent Tablet","1 x 14","Specific mineral & vitamin combined preparations","OSL Pharma Limited","10","10","OTC"
"Calfix C Plus 1000 mg+327 mg (Conventional calcium)+500 mg+400 IU","Calfix C Plus 1000 mg+327 mg (Conventional calcium)+500 mg+400 IU","Calcium Lactate Gluconate + Calcium Carbonate + Vitamin C + Vitamin D3","1000 mg+327 mg (Conventional calcium)+500 mg+400 IU","Effervescent Tablet","1 x 14","Specific mineral & vitamin combined preparations","OSL Pharma Limited","10","10","OTC"
"Calfix Plus EF","Calfix Plus EF","Calcium + Vitamin D3 + Multimineral","","Effervescent Tablet","1 x 14","Specific mineral & vitamin combined preparations","OSL Pharma Limited","15","15","OTC"
"Calfix-D 500 mg+200 IU","Calfix-D 500 mg+200 IU","Conventional Calcium + Vitamin D3","500 mg+200 IU","ট্যাবলেট","3 x 10","Specific mineral & vitamin combined preparations","Maks Drug Limited","8","8","OTC"
"Calfix-Dx 600 mg+400 IU","Calfix-Dx 600 mg+400 IU","Conventional Calcium + Vitamin D3","600 mg+400 IU","ট্যাবলেট","3 x 10","Specific mineral & vitamin combined preparations","Maks Drug Limited","14","14","OTC"
"Calfor 500 mg","Calfor 500 mg","Calcium Carbonate","500 mg","ট্যাবলেট","50's pack","Minerals in bone formation, Specific mineral preparations","Asiatic Laboratories Ltd.","1.82","1.82","OTC"
"Calfor-D 500 mg+200 IU","Calfor-D 500 mg+200 IU","Conventional Calcium + Vitamin D3","500 mg+200 IU","ট্যাবলেট","1 x 30","Specific mineral & vitamin combined preparations","Asiatic Laboratories Ltd.","7","7","OTC"
"Calgi-D 500 mg+200 IU","Calgi-D 500 mg+200 IU","Algae Calcium + Vitamin D3","500 mg+200 IU","ট্যাবলেট","4 x 8","Specific mineral & vitamin combined preparations","NIPRO JMI Pharma Ltd.","10","10","OTC"
"Calgi-DX 600 mg+400 IU","Calgi-DX 600 mg+400 IU","Algae Calcium + Vitamin D3","600 mg+400 IU","ট্যাবলেট","4 x 8","Specific mineral & vitamin combined preparations","NIPRO JMI Pharma Ltd.","16","16","OTC"
"Calium 500 mg","Calium 500 mg","Calcium Carbonate","500 mg","ট্যাবলেট","50's pack","Minerals in bone formation, Specific mineral preparations","Pharmadesh Laboratories Ltd.","2.5","2.5","OTC"
"Calium Plus 500 mg+200 IU","Calium Plus 500 mg+200 IU","Conventional Calcium + Vitamin D3","500 mg+200 IU","ট্যাবলেট","1 x 30","Specific mineral & vitamin combined preparations","Pharmadesh Laboratories Ltd.","4","4","OTC"
"Calm 10 mg","Calm 10 mg","Clobazam","10 mg","ট্যাবলেট","10 x 10","Benzodiazepine hypnotics","Biopharma Limited","3","3","OTC"
"Calmax 500 mg","Calmax 500 mg","Calcium Carbonate","500 mg","ট্যাবলেট","100's pack","Minerals in bone formation, Specific mineral preparations","Hudson Pharmaceuticals Ltd.","2","2","OTC"
"Calmax-D 500 mg+200 IU","Calmax-D 500 mg+200 IU","Conventional Calcium + Vitamin D3","500 mg+200 IU","ট্যাবলেট","1 x 30","Specific mineral & vitamin combined preparations","Hudson Pharmaceuticals Ltd.","4","4","OTC"
"Calmet 500 mg","Calmet 500 mg","Calcium Carbonate","500 mg","ট্যাবলেট","5 x 10","Minerals in bone formation, Specific mineral preparations","Somatec Pharmaceuticals Ltd.","3","3","OTC"
"Calmet-D 500 mg+200 IU","Calmet-D 500 mg+200 IU","Conventional Calcium + Vitamin D3","500 mg+200 IU","ট্যাবলেট","6 x 10","Specific mineral & vitamin combined preparations","Somatec Pharmaceuticals Ltd.","7","7","OTC"
"Calmi 500 mg","Calmi 500 mg","Calcium Carbonate","500 mg","ট্যাবলেট","5 x 10","Minerals in bone formation, Specific mineral preparations","Alco Pharma Ltd.","4.01","4.01","OTC"
"Calmi-D 500 mg+200 IU","Calmi-D 500 mg+200 IU","Conventional Calcium + Vitamin D3","500 mg+200 IU","ট্যাবলেট","1 x 15","Specific mineral & vitamin combined preparations","Alco Pharma Ltd.","5.02","5.02","OTC"
"Calmi-M","Calmi-M","Calcium + Vitamin D3 + Multimineral","","ট্যাবলেট","1 x 15","Specific mineral & vitamin combined preparations","Alco Pharma Ltd.","5.52","5.52","OTC"
"Calnor 10 mg+20 mg","Calnor 10 mg+20 mg","Amlodipine Besilate + Olmesartan Medoxomil","10 mg+20 mg","ট্যাবলেট","2 x 14","Combined antihypertensive preparations","Opsonin Pharma Ltd.","15","15","OTC"
"Calnor 10 mg+40 mg","Calnor 10 mg+40 mg","Amlodipine Besilate + Olmesartan Medoxomil","10 mg+40 mg","ট্যাবলেট","2 x 14","Combined antihypertensive preparations","Opsonin Pharma Ltd.","22","22","OTC"
"Calnor 5 mg+20 mg","Calnor 5 mg+20 mg","Amlodipine Besilate + Olmesartan Medoxomil","5 mg+20 mg","ট্যাবলেট","3 x 14","Combined antihypertensive preparations","Opsonin Pharma Ltd.","12.5","12.5","OTC"
"Calnor 5 mg+40 mg","Calnor 5 mg+40 mg","Amlodipine Besilate + Olmesartan Medoxomil","5 mg+40 mg","ট্যাবলেট","3 x 14","Combined antihypertensive preparations","Opsonin Pharma Ltd.","20","20","OTC"
"Calock 10 mg","Calock 10 mg","Amlodipine Besilate","10 mg","ট্যাবলেট","50's pack","Calcium-channel blockers","Medimet Pharmaceuticals Ltd.","3.75","3.75","OTC"
"Calock 5 mg","Calock 5 mg","Amlodipine Besilate","5 mg","ট্যাবলেট","50's pack","Calcium-channel blockers","Medimet Pharmaceuticals Ltd.","3.5","3.5","OTC"
"Calock Plus 5 mg+50 mg","Calock Plus 5 mg+50 mg","Amlodipine Besilate + Atenolol","5 mg+50 mg","ট্যাবলেট","42's pack","Combined antihypertensive preparations","Medimet Pharmaceuticals Ltd.","4.5","4.5","OTC"
"Calock Plus 5 mg+50 mg","Calock Plus 5 mg+50 mg","Amlodipine Besilate + Atenolol","5 mg+50 mg","ট্যাবলেট","42's pack","Combined antihypertensive preparations","Medimet Pharmaceuticals Ltd.","4.5","4.5","OTC"
"Calofast 400 mg","Calofast 400 mg","Calcium Orotate","400 mg","ট্যাবলেট","3 x 10","Minerals in bone formation, Specific mineral preparations","Eskayef Pharmaceuticals Ltd.","8","8","OTC"
"Calonil 8 mg","Calonil 8 mg","Sucralose","8 mg","ট্যাবলেট","5 x 10","Oral nutritional preparations","Ad-din Pharmaceuticals Ltd.","1.4","1.4","OTC"
"Caloplax 1 mg","Caloplax 1 mg","Prucalopride Succinate","1 mg","ট্যাবলেট","একক","Osmotic purgatives","ACME Laboratories Ltd.","14","14","OTC"
"Caloplax 2 mg","Caloplax 2 mg","Prucalopride Succinate","2 mg","ট্যাবলেট","একক","Osmotic purgatives","ACME Laboratories Ltd.","24","24","OTC"
"Caloprid 1 mg","Caloprid 1 mg","Prucalopride Succinate","1 mg","ট্যাবলেট","2 x 10","Osmotic purgatives","Square Pharmaceuticals PLC","14","14","OTC"
"Caloprid 2 mg","Caloprid 2 mg","Prucalopride Succinate","2 mg","ট্যাবলেট","2 x 10","Osmotic purgatives","Square Pharmaceuticals PLC","24","24","OTC"
"Calorate 400 mg","Calorate 400 mg","Calcium Orotate","400 mg","ট্যাবলেট","3 x 10","Minerals in bone formation, Specific mineral preparations","Beximco Pharmaceuticals Ltd.","8","8","OTC"
"Calorate 740 mg","Calorate 740 mg","Calcium Orotate","740 mg","ট্যাবলেট","3 x 10","Minerals in bone formation, Specific mineral preparations","Beximco Pharmaceuticals Ltd.","10","10","OTC"
"Calorate Kit 150 mg & 400 mg","Calorate Kit 150 mg & 400 mg","Ibandronic Acid & Calcium Orotate","150 mg & 400 mg","ট্যাবলেট","একক","Minerals in bone formation, Specific mineral preparations","Beximco Pharmaceuticals Ltd.","990","990","OTC"
"Caloren 1 mcg/ml","Caloren 1 mcg/ml","Calcitriol","1 mcg/ml","IV Injection","একক","Vitamin in bone formation, Vitamin-D preparations","ACI Limited","150","150","OTC"
"Calos 500 mg","Calos 500 mg","Calcium Carbonate","500 mg","ট্যাবলেট","50's pack","Minerals in bone formation, Specific mineral preparations","Modern Pharmaceuticals Ltd.","4","4","OTC"
"Calos-D 500 mg+200 IU","Calos-D 500 mg+200 IU","Conventional Calcium + Vitamin D3","500 mg+200 IU","ট্যাবলেট","1 x 15","Specific mineral & vitamin combined preparations","Modern Pharmaceuticals Ltd.","4","4","OTC"
"Calpin 5 mg","Calpin 5 mg","Amlodipine Besilate","5 mg","ট্যাবলেট","5 x 10","Calcium-channel blockers","Globe Pharmaceuticals Ltd.","4.5","4.5","OTC"
"Calpin Plus 5 mg+50 mg","Calpin Plus 5 mg+50 mg","Amlodipine Besilate + Atenolol","5 mg+50 mg","ট্যাবলেট","3 x 10","Combined antihypertensive preparations","Globe Pharmaceuticals Ltd.","6","6","OTC"
"Calpo-D 500 mg+200 IU","Calpo-D 500 mg+200 IU","Conventional Calcium + Vitamin D3","500 mg+200 IU","ট্যাবলেট","1 x 30","Specific mineral & vitamin combined preparations","Medicon Pharmaceuticals Ltd.","3.67","3.67","OTC"
"Calpo-O 400 mg","Calpo-O 400 mg","Calcium Orotate","400 mg","ট্যাবলেট","3 x 10","Minerals in bone formation, Specific mineral preparations","Medicon Pharmaceuticals Ltd.","8","8","OTC"
"Calpress 10 mg","Calpress 10 mg","Amlodipine Besilate","10 mg","ট্যাবলেট","3 x 10","Calcium-channel blockers","Asiatic Laboratories Ltd.","7","7","OTC"
"Calpress 5 mg","Calpress 5 mg","Amlodipine Besilate","5 mg","ট্যাবলেট","5 x 10","Calcium-channel blockers","Asiatic Laboratories Ltd.","5","5","OTC"
"Calreef-D 500 mg+200 IU","Calreef-D 500 mg+200 IU","Coral Calcium + Vitamin D3","500 mg+200 IU","ট্যাবলেট","5 x 10","Specific mineral & vitamin combined preparations","Silva Pharmaceuticals Ltd.","11","11","OTC"
"Calreef-DX 600 mg+400 IU","Calreef-DX 600 mg+400 IU","Coral Calcium + Vitamin D3","600 mg+400 IU","ট্যাবলেট","3 x 10","Specific mineral & vitamin combined preparations","Silva Pharmaceuticals Ltd.","15","15","OTC"
"Calsart 5 mg+20 mg","Calsart 5 mg+20 mg","Amlodipine Besilate + Olmesartan Medoxomil","5 mg+20 mg","ট্যাবলেট","3 x 10","Combined antihypertensive preparations","Globe Pharmaceuticals Ltd.","8","8","OTC"
"Calsil 500 mg","Calsil 500 mg","Calcium Carbonate","500 mg","ট্যাবলেট","6 x 10","Minerals in bone formation, Specific mineral preparations","Silva Pharmaceuticals Ltd.","4","4","OTC"
"Calsil M","Calsil M","Calcium + Vitamin D3 + Multimineral","","ট্যাবলেট","3 x 10","Specific mineral & vitamin combined preparations","Silva Pharmaceuticals Ltd.","5.5","5.5","OTC"
"Calsil Plus 500 mg+200 IU","Calsil Plus 500 mg+200 IU","Conventional Calcium + Vitamin D3","500 mg+200 IU","ট্যাবলেট","6 x 10","Specific mineral & vitamin combined preparations","Silva Pharmaceuticals Ltd.","5.75","5.75","OTC"
"Calson 300 mg","Calson 300 mg","Calcium Lactate","300 mg","ট্যাবলেট","100's pack","Minerals in bone formation, Specific mineral preparations","Hudson Pharmaceuticals Ltd.","0.29","0.29","OTC"
"Calsto 500 mg","Calsto 500 mg","Calcium Carbonate","500 mg","ট্যাবলেট","5 x 10","Minerals in bone formation, Specific mineral preparations","Monicopharma Ltd.","2","2","OTC"
"Calsto D 500 mg+200 IU","Calsto D 500 mg+200 IU","Conventional Calcium + Vitamin D3","500 mg+200 IU","ট্যাবলেট","1 x 30","Specific mineral & vitamin combined preparations","Monicopharma Ltd.","5","5","OTC"
"Caltab 300 mg","Caltab 300 mg","Calcium Lactate","300 mg","ট্যাবলেট","100's pack","Minerals in bone formation, Specific mineral preparations","Indo Bangla Pharmaceutical","0.27","0.27","OTC"
"Caltate 300 mg","Caltate 300 mg","Calcium Lactate","300 mg","ট্যাবলেট","15 x 10","Minerals in bone formation, Specific mineral preparations","Gaco Pharmaceuticals Ltd.","0.71","0.71","OTC"
"Caltonic 500 mg","Caltonic 500 mg","Calcium Carbonate","500 mg","ট্যাবলেট","100's pack","Minerals in bone formation, Specific mineral preparations","Globex Pharmaceuticals Ltd.","4","4","OTC"
"Caltonic-D 500 mg+200 IU","Caltonic-D 500 mg+200 IU","Conventional Calcium + Vitamin D3","500 mg+200 IU","ট্যাবলেট","1 x 30","Specific mineral & vitamin combined preparations","Globex Pharmaceuticals Ltd.","5","5","OTC"
"Caltrol 0.25 mcg","Caltrol 0.25 mcg","Calcitriol","0.25 mcg","ক্যাপসুল","3 x 10","Vitamin in bone formation, Vitamin-D preparations","Pacific Pharmaceuticals Ltd.","11","11","OTC"
"Caltrol 1 mcg/ml","Caltrol 1 mcg/ml","Calcitriol","1 mcg/ml","IV Injection","একক","Vitamin in bone formation, Vitamin-D preparations","Pacific Pharmaceuticals Ltd.","155","155","OTC"
"Calumide 50 mg","Calumide 50 mg","Bicalutamide","50 mg","ট্যাবলেট","3 x 10","Hormonal Chemotherapy","Healthcare Pharmaceuticals Ltd.","80","80","OTC"
"Calupros 50 mg","Calupros 50 mg","Bicalutamide","50 mg","ট্যাবলেট","3 x 10","Hormonal Chemotherapy","Everest Pharmaceuticals Ltd.","80","80","OTC"
"Calvasc 10 mg","Calvasc 10 mg","Amlodipine Besilate","10 mg","ট্যাবলেট","3 x 10","Calcium-channel blockers","UniMed UniHealth Pharmaceuticals Ltd.","8","8","OTC"
"Calvasc 5 mg","Calvasc 5 mg","Amlodipine Besilate","5 mg","ট্যাবলেট","3 x 10","Calcium-channel blockers","UniMed UniHealth Pharmaceuticals Ltd.","5","5","OTC"
"Calvimax D 500 mg+200 IU","Calvimax D 500 mg+200 IU","Conventional Calcium + Vitamin D3","500 mg+200 IU","ট্যাবলেট","1 x 30","Specific mineral & vitamin combined preparations","Incepta Pharmaceuticals Ltd.","8","8","OTC"
"Calvimax Plus","Calvimax Plus","Calcium + Vitamin D3 + Multimineral","","ট্যাবলেট","1 x 30","Specific mineral & vitamin combined preparations","Incepta Pharmaceuticals Ltd.","6.5","6.5","OTC"
"Camiton 5 mg","Camiton 5 mg","Vinpocetine","5 mg","ট্যাবলেট","7 x 14","Cerebral vasodilator & Neurosensory oxygenator drugs","Drug International Ltd.","4","4","OTC"
"Camlodin 5 mg","Camlodin 5 mg","Amlodipine Besilate","5 mg","ট্যাবলেট","4 x 15","Calcium-channel blockers","Square Pharmaceuticals PLC","5.02","5.02","OTC"
"Camlodin Plus 5 mg+25 mg","Camlodin Plus 5 mg+25 mg","Amlodipine Besilate + Atenolol","5 mg+25 mg","ট্যাবলেট","3 x 10","Combined antihypertensive preparations","Square Pharmaceuticals PLC","6","6","OTC"
"Camlodin Plus 5 mg+50 mg","Camlodin Plus 5 mg+50 mg","Amlodipine Besilate + Atenolol","5 mg+50 mg","ট্যাবলেট","4 x 14","Combined antihypertensive preparations","Square Pharmaceuticals PLC","8","8","OTC"
"Camlopril 10 mg+20 mg","Camlopril 10 mg+20 mg","Amlodipine Besilate + Benazepril Hydrochloride","10 mg+20 mg","ক্যাপসুল","5 x 6","Combined antihypertensive preparations","Square Pharmaceuticals PLC","10.07","10.07","OTC"
"Camlopril 2.5 mg+10 mg","Camlopril 2.5 mg+10 mg","Amlodipine Besilate + Benazepril Hydrochloride","2.5 mg+10 mg","ক্যাপসুল","5 x 6","Combined antihypertensive preparations","Square Pharmaceuticals PLC","4.03","4.03","OTC"
"Camlopril 5 mg+10 mg","Camlopril 5 mg+10 mg","Amlodipine Besilate + Benazepril Hydrochloride","5 mg+10 mg","ক্যাপসুল","5 x 6","Combined antihypertensive preparations","Square Pharmaceuticals PLC","6.04","6.04","OTC"
"Camlopril 5 mg+20 mg","Camlopril 5 mg+20 mg","Amlodipine Besilate + Benazepril Hydrochloride","5 mg+20 mg","ক্যাপসুল","5 x 6","Combined antihypertensive preparations","Square Pharmaceuticals PLC","8.06","8.06","OTC"
"Camlor 4 mg","Camlor 4 mg","Lornoxicam","4 mg","ট্যাবলেট","3 x 10","Non-steroidal Anti-inflammatory Drugs (NSAIDs)","Popular Pharmaceuticals Ltd.","18","18","OTC"
"Camlor 8 mg","Camlor 8 mg","Lornoxicam","8 mg","ট্যাবলেট","3 x 10","Non-steroidal Anti-inflammatory Drugs (NSAIDs)","Popular Pharmaceuticals Ltd.","32","32","OTC"
"Camlor 8 mg/2 ml","Camlor 8 mg/2 ml","Lornoxicam","8 mg/2 ml","IM/IV Injection","একক","Non-steroidal Anti-inflammatory Drugs (NSAIDs)","Popular Pharmaceuticals Ltd.","200","200","OTC"
"Camlosart 5 mg+20 mg","Camlosart 5 mg+20 mg","Amlodipine Besilate + Olmesartan Medoxomil","5 mg+20 mg","ট্যাবলেট","3 x 10","Combined antihypertensive preparations","Square Pharmaceuticals PLC","12","12","OTC"
"Camlosart 5 mg+40 mg","Camlosart 5 mg+40 mg","Amlodipine Besilate + Olmesartan Medoxomil","5 mg+40 mg","ট্যাবলেট","3 x 10","Combined antihypertensive preparations","Square Pharmaceuticals PLC","20","20","OTC"
"Camlotel 5 mg+40 mg","Camlotel 5 mg+40 mg","Amlodipine Besilate + Telmisartan","5 mg+40 mg","ট্যাবলেট","3 x 10","Combined antihypertensive preparations","Square Pharmaceuticals PLC","12.5","12.5","OTC"
"Camlotel 5 mg+80 mg","Camlotel 5 mg+80 mg","Amlodipine Besilate + Telmisartan","5 mg+80 mg","ট্যাবলেট","3 x 10","Combined antihypertensive preparations","Square Pharmaceuticals PLC","20","20","OTC"
"Camphor Plus 30%+10%+4%","Camphor Plus 30%+10%+4%","Methyl Salicylate + Menthol + Camphor","30%+10%+4%","ক্রিম","একক","Topical anti-inflammatory preparations","NIPRO JMI Pharma Ltd.","95","95","OTC"
"Campto 20 mg/ml","Campto 20 mg/ml","Irinotecan Hydrochloride","20 mg/ml","আইভি ইনফিউশন","একক","Cytotoxic Chemotherapy","Janata Traders","15500","15500","Rx"
"Camzoy 2.5 mg","Camzoy 2.5 mg","Mavacamten","2.5 mg","ক্যাপসুল","3 x 10","","Beacon Pharmaceuticals PLC","15","15","OTC"
"Camzoy 5 mg","Camzoy 5 mg","Mavacamten","5 mg","ক্যাপসুল","3 x 10","","Beacon Pharmaceuticals PLC","20","20","OTC"
"Canaglif 100 mg","Canaglif 100 mg","Canagliflozin Hemihydrate","100 mg","ট্যাবলেট","1 x 10","Sodium-glucose Cotransporter-2 (SGLT2) Inhibitors","Square Pharmaceuticals PLC","40","40","OTC"
"Canalia 30 mg","Canalia 30 mg","Dexlansoprazole","30 mg","Capsule (Enteric Coated)","6 x 10","Proton Pump Inhibitor","Aristopharma Ltd.","10","10","OTC"
"Canalia 60 mg","Canalia 60 mg","Dexlansoprazole","60 mg","Capsule (Enteric Coated)","3 x 10","Proton Pump Inhibitor","Aristopharma Ltd.","18","18","OTC"
"Canarol 100 mg","Canarol 100 mg","Canagliflozin Hemihydrate","100 mg","ট্যাবলেট","1 x 10","Sodium-glucose Cotransporter-2 (SGLT2) Inhibitors","Drug International Ltd.","60","60","OTC"
"Canasa 400 mg","Canasa 400 mg","Mesalazine [5-aminosalicylic acid]","400 mg","Tablet (Delayed Release)","3 x 10","Aminosalicylates","Drug International Ltd.","5","5","OTC"
"Canazole 150 mg","Canazole 150 mg","Fluconazole","150 mg","ট্যাবলেট","1 x 10","Drugs for subcutaneous and mycoses","ACI Limited","22.15","22.15","OTC"
"Canazole 200 mg","Canazole 200 mg","Fluconazole","200 mg","ট্যাবলেট","1 x 10","Drugs for subcutaneous and mycoses","ACI Limited","25.08","25.08","OTC"
"Canazole 50 mg","Canazole 50 mg","Fluconazole","50 mg","ট্যাবলেট","3 x 10","Drugs for subcutaneous and mycoses","ACI Limited","9","9","OTC"
"Canazole 50 mg/5 ml","Canazole 50 mg/5 ml","Fluconazole","50 mg/5 ml","পাউডার সাসপেনশন","একক","Drugs for subcutaneous and mycoses","ACI Limited","78.53","78.53","OTC"
"Candela 1%","Candela 1%","Ciclopirox Olamine (Shampoo)","1%","শ্যাম্পু","একক","Topical Antifungal preparations","Incepta Pharmaceuticals Ltd.","350","350","OTC"
"Candex 100000 Unit/ml","Candex 100000 Unit/ml","Nystatin","","Oral Suspension","একক","Drugs for subcutaneous and mycoses, Drugs used in Vaginal and Vulval condition","Square Pharmaceuticals PLC","46.84","46.84","OTC"
"Candibac 0.025%+5%+1%+1.73%","Candibac 0.025%+5%+1%+1.73%","Beclomethasone Dipropionate + Chloramphenicol + Clotrimazole + Lidocaine","0.025%+5%+1%+1.73%","Ear Drop","একক","Anti-fungal or anti-bacterial ear drops, Anti-infectives & antiseptics","Opsonin Pharma Ltd.","200","200","OTC"
"Candicon 100 mg","Candicon 100 mg","Voriconazole","100 mg","ট্যাবলেট","1 x 10","Other Antifungal preparations","Popular Pharmaceuticals Ltd.","70","70","OTC"
"Candicon 200 mg","Candicon 200 mg","Voriconazole","200 mg","ট্যাবলেট","2 x 4","Other Antifungal preparations","Popular Pharmaceuticals Ltd.","130","130","OTC"
"Candicon 200 mg/5 ml","Candicon 200 mg/5 ml","Voriconazole","200 mg/5 ml","পাউডার সাসপেনশন","একক","Other Antifungal preparations","Popular Pharmaceuticals Ltd.","1000","1000","OTC"
"Candicon 50 mg","Candicon 50 mg","Voriconazole","50 mg","ট্যাবলেট","1 x 10","Other Antifungal preparations","Popular Pharmaceuticals Ltd.","50","50","OTC"
"Candid 150 mg","Candid 150 mg","Fluconazole","150 mg","ট্যাবলেট","20's pack","Drugs for subcutaneous and mycoses","Amico Laboratories Ltd.","22","22","OTC"
"Candid 50 mg","Candid 50 mg","Fluconazole","50 mg","ট্যাবলেট","30's pack","Drugs for subcutaneous and mycoses","Amico Laboratories Ltd.","8","8","OTC"
"Candifast 50 mg","Candifast 50 mg","Itraconazole","50 mg","ক্যাপসুল","3 x 10","Drugs for subcutaneous and mycoses","Everest Pharmaceuticals Ltd.","10","10","OTC"
"Candifast SB 65 mg","Candifast SB 65 mg","Itraconazole","65 mg","ক্যাপসুল","5 x 10","Drugs for subcutaneous and mycoses","Everest Pharmaceuticals Ltd.","20","20","OTC"
"Candiflox 0.3%+1%+0.025%+2%","Candiflox 0.3%+1%+0.025%+2%","Ofloxacin + Clotrimazole + Beclomethasone + Lidocaine","0.3%+1%+0.025%+2%","Ear Drop","একক","4-Quinolone preparations, Anti-fungal or anti-bacterial ear drops","Opsonin Pharma Ltd.","150","150","OTC"
"Candiflu 50 mg","Candiflu 50 mg","Fluconazole","50 mg","ক্যাপসুল","30's pack","Drugs for subcutaneous and mycoses","Globex Pharmaceuticals Ltd.","8","8","OTC"
"Candiflu 50 mg/5 ml","Candiflu 50 mg/5 ml","Fluconazole","50 mg/5 ml","পাউডার সাসপেনশন","একক","Drugs for subcutaneous and mycoses","Globex Pharmaceuticals Ltd.","70","70","OTC"
"Candifun 150 mg","Candifun 150 mg","Fluconazole","150 mg","ক্যাপসুল","1 x 10","Drugs for subcutaneous and mycoses","Kumudini Pharma Ltd.","22","22","OTC"
"Candifun 50 mg","Candifun 50 mg","Fluconazole","50 mg","ক্যাপসুল","1 x 10","Drugs for subcutaneous and mycoses","Kumudini Pharma Ltd.","8","8","OTC"
"Candinil 150 mg","Candinil 150 mg","Fluconazole","150 mg","ক্যাপসুল","2 x 6","Drugs for subcutaneous and mycoses","Healthcare Pharmaceuticals Ltd.","22","22","OTC"
"Candinil 200 mg","Candinil 200 mg","Fluconazole","200 mg","ক্যাপসুল","3 x 4","Drugs for subcutaneous and mycoses","Healthcare Pharmaceuticals Ltd.","25","25","OTC"
"Candinil 50 mg","Candinil 50 mg","Fluconazole","50 mg","ক্যাপসুল","5 x 6","Drugs for subcutaneous and mycoses","Healthcare Pharmaceuticals Ltd.","8","8","OTC"
"Candinil 50 mg/5 ml","Candinil 50 mg/5 ml","Fluconazole","50 mg/5 ml","পাউডার সাসপেনশন","একক","Drugs for subcutaneous and mycoses","Healthcare Pharmaceuticals Ltd.","78","78","OTC"
"Candirox 0.77%","Candirox 0.77%","Ciclopirox Olamine (Cream)","0.77%","ক্রিম","একক","Topical Antifungal preparations","Incepta Pharmaceuticals Ltd.","110","110","OTC"
"Candirox 8% w/v","Candirox 8% w/v","Ciclopirox Olamine (Nail Lacquer)","8% w/v","Nail Lacquer","একক","Other preparations","Incepta Pharmaceuticals Ltd.","160","160","OTC"
"Candisore 2% w/w","Candisore 2% w/w","Miconazole Nitrate","2% w/w","Oral Gel","একক","Aural Anti-fungal preparations","Beacon Pharmaceuticals PLC","90","90","OTC"
"Candistin 0.3%+1%+0.025%+2%","Candistin 0.3%+1%+0.025%+2%","Ofloxacin + Clotrimazole + Beclomethasone + Lidocaine","0.3%+1%+0.025%+2%","Ear Drop","একক","4-Quinolone preparations, Anti-fungal or anti-bacterial ear drops","UniMed UniHealth Pharmaceuticals Ltd.","150","150","OTC"
"Canditra SB 65 mg","Canditra SB 65 mg","Itraconazole","65 mg","ক্যাপসুল","3 x 10","Drugs for subcutaneous and mycoses","Sharif Pharmaceuticals Ltd.","14","14","OTC"
"Candiver 150 mg","Candiver 150 mg","Fluconazole","150 mg","ক্যাপসুল","1 x 10","Drugs for subcutaneous and mycoses","Veritas Pharmaceuticals Ltd.","20","20","OTC"
"Candiver 50 mg","Candiver 50 mg","Fluconazole","50 mg","ক্যাপসুল","3 x 10","Drugs for subcutaneous and mycoses","Veritas Pharmaceuticals Ltd.","9","9","OTC"
"Candizol 50 mg","Candizol 50 mg","Fluconazole","50 mg","ক্যাপসুল","30's pack","Drugs for subcutaneous and mycoses","S.N. Pharmaceutical Ltd.","7","7","OTC"
"Candoral 2% w/w","Candoral 2% w/w","Miconazole Nitrate","2% w/w","Oral Gel","একক","Aural Anti-fungal preparations","Beximco Pharmaceuticals Ltd.","52","52","OTC"
"Canider 10 mg","Canider 10 mg","Lercanidipine Hydrochloride","10 mg","ট্যাবলেট","3 x 10","Calcium-channel blockers","ACI Limited","5.02","5.02","OTC"
"Canstat 100000 unit/ml","Canstat 100000 unit/ml","Nystatin","","Oral Suspension","একক","Drugs for subcutaneous and mycoses, Drugs used in Vaginal and Vulval condition","Jayson Pharmaceutical Ltd.","17.25","17.25","OTC"
"Canten 1%","Canten 1%","Clotrimazole (Topical)","1%","ক্রিম","একক","Drugs for subcutaneous and mycoses, Topical Antifungal preparations","Pharmadesh Laboratories Ltd.","29","29","OTC"
"Cantina 1%","Cantina 1%","Clotrimazole (Topical)","1%","ক্রিম","একক","Drugs for subcutaneous and mycoses, Topical Antifungal preparations","Kemiko Pharmaceuticals Ltd.","35.11","35.11","OTC"
"Cantrim 1%","Cantrim 1%","Clotrimazole (Topical)","1%","ক্রিম","একক","Drugs for subcutaneous and mycoses, Topical Antifungal preparations","Rephco Pharmaceuticals Ltd.","28","28","OTC"
"Canvo 200 mg","Canvo 200 mg","Voriconazole","200 mg","ট্যাবলেট","1 x 6","Other Antifungal preparations","Everest Pharmaceuticals Ltd.","130","130","OTC"
"Canvo 50 mg","Canvo 50 mg","Voriconazole","50 mg","ট্যাবলেট","1 x 10","Other Antifungal preparations","Everest Pharmaceuticals Ltd.","50","50","OTC"
"Caparen 500 mg","Caparen 500 mg","Capecitabine","500 mg","ট্যাবলেট","4 x 6","Cytotoxic Chemotherapy","Renata PLC","125","125","OTC"
"Capazi 10 mg","Capazi 10 mg","Vericiguat","10 mg","ট্যাবলেট","3 x 10","Stimulator of soluble guanylate cyclase","Incepta Pharmaceuticals Ltd.","70","70","OTC"
"Capazi 2.5 mg","Capazi 2.5 mg","Vericiguat","2.5 mg","ট্যাবলেট","3 x 10","Stimulator of soluble guanylate cyclase","Incepta Pharmaceuticals Ltd.","30","30","OTC"
"Capazi 5 mg","Capazi 5 mg","Vericiguat","5 mg","ট্যাবলেট","3 x 10","Stimulator of soluble guanylate cyclase","Incepta Pharmaceuticals Ltd.","50","50","OTC"
"Capcitab 150 mg","Capcitab 150 mg","Capecitabine","150 mg","ট্যাবলেট","1 x 10","Cytotoxic Chemotherapy","Eskayef Pharmaceuticals Ltd.","60","60","OTC"
"Capcitab 500 mg","Capcitab 500 mg","Capecitabine","500 mg","ট্যাবলেট","7 x 4","Cytotoxic Chemotherapy","Eskayef Pharmaceuticals Ltd.","125","125","OTC"
"Capdol 500 mg+65 mg","Capdol 500 mg+65 mg","Paracetamol + Caffeine","500 mg+65 mg","ট্যাবলেট","100's pack","Non-Opioid Analgesics","Novo Healthcare and Pharma Ltd.","2","2","OTC"
"Capecitin 500 mg","Capecitin 500 mg","Capecitabine","500 mg","ট্যাবলেট","3 x 10","Cytotoxic Chemotherapy","Aristopharma Ltd.","120","120","OTC"
"Caphaler","Caphaler","Inhaler device","","Metered-Dose Inhaler (MDI)","একক","","The IBN SINA Pharmaceutical PLC","300","300","OTC"
"Capitis 10 mg","Capitis 10 mg","Flunarizine","10 mg","ট্যাবলেট","5 x 10","Other drugs for migraine","Incepta Pharmaceuticals Ltd.","5","5","OTC"
"Capitis 5 mg","Capitis 5 mg","Flunarizine","5 mg","ট্যাবলেট","5 x 10","Other drugs for migraine","Incepta Pharmaceuticals Ltd.","3.5","3.5","OTC"
"Capixet 500 mg","Capixet 500 mg","Capecitabine","500 mg","ট্যাবলেট","1 x 14","Cytotoxic Chemotherapy","Everest Pharmaceuticals Ltd.","145","145","OTC"
"Capmaxen 200 mg","Capmaxen 200 mg","Capmatinib Hydrochloride","200 mg","ট্যাবলেট","1 x 28","Cytotoxic Chemotherapy","Everest Pharmaceuticals Ltd.","1500","1500","OTC"
"Capotril 25 mg","Capotril 25 mg","Captopril","25 mg","ট্যাবলেট","1 x 10","Angiotensin-converting enzyme (ACE) inhibitors","Alco Pharma Ltd.","12","12","OTC"
"Caprogen 250 mg/ml","Caprogen 250 mg/ml","Hydroxyprogesterone Caproate","250 mg/ml","IM Injection","একক","Hormone preparations for other uses","Nuvista Pharma Ltd.","350","350","OTC"
"Caprogen DS 500 mg/2 ml","Caprogen DS 500 mg/2 ml","Hydroxyprogesterone Caproate","500 mg/2 ml","IM Injection","একক","Hormone preparations for other uses","Nuvista Pharma Ltd.","650","650","OTC"
"Caprolex 1 gm/5 ml","Caprolex 1 gm/5 ml","Aminocaproic acid","1 gm/5 ml","ইনজেকশন","1 x 5","Anti-fibrinolytic drugs, Haemostatic drugs","Techno Drugs Ltd.","24.88","24.88","Rx"
"Caprolex 2 gm/10 ml","Caprolex 2 gm/10 ml","Aminocaproic acid","2 gm/10 ml","ইনজেকশন","1 x 5","Anti-fibrinolytic drugs, Haemostatic drugs","Techno Drugs Ltd.","44.46","44.46","Rx"
"Caprolycin 2 gm/10 ml","Caprolycin 2 gm/10 ml","Aminocaproic acid","2 gm/10 ml","ইনজেকশন","1 x 5","Anti-fibrinolytic drugs, Haemostatic drugs","Pacific Pharmaceuticals Ltd.","50","50","Rx"
"Capsidox 100 mg","Capsidox 100 mg","Doxycycline Hydrochloride","100 mg","ক্যাপসুল","100's pack","Tetracycline group of drugs","Quality Pharmaceuticals Ltd.","1.8","1.8","OTC"
"Captabine 500 mg","Captabine 500 mg","Capecitabine","500 mg","ট্যাবলেট","3 x 10","Cytotoxic Chemotherapy","Techno Drugs Ltd.","120","120","OTC"
"Captiva 250 mg/5 ml","Captiva 250 mg/5 ml","Ciprofloxacin","250 mg/5 ml","পাউডার সাসপেনশন","একক","4-Quinolone preparations, Anti-diarrhoeal antimicrobial drugs","Arges Life Science Limited","100","100","OTC"
"Captiva 500 mg","Captiva 500 mg","Ciprofloxacin","500 mg","ট্যাবলেট","30's pack","4-Quinolone preparations, Anti-diarrhoeal antimicrobial drugs","Arges Life Science Limited","15","15","OTC"
"CarbaBac 1 gm/vial","CarbaBac 1 gm/vial","Meropenem Trihydrate","1 gm/vial","IV Injection or Infusion","একক","Other beta-lactam antibiotics","Pharmasia Limited","1200","1200","OTC"
"CarbaBac 500 mg/vial","CarbaBac 500 mg/vial","Meropenem Trihydrate","500 mg/vial","IV Injection or Infusion","একক","Other beta-lactam antibiotics","Pharmasia Limited","654","654","OTC"
"Carbanem 1 gm/vial","Carbanem 1 gm/vial","Meropenem Trihydrate","1 gm/vial","IV Injection or Infusion","একক","Other beta-lactam antibiotics","Synovia Pharma PLC.","1303.91","1303.91","OTC"
"Carbanem 500 mg/vial","Carbanem 500 mg/vial","Meropenem Trihydrate","500 mg/vial","IV Injection or Infusion","একক","Other beta-lactam antibiotics","Synovia Pharma PLC.","702.11","702.11","OTC"
"Carbate 100 mcg/ml","Carbate 100 mcg/ml","Carbetocin","100 mcg/ml","IV Injection","একক","Drugs acting on the Uterus","Incepta Pharmaceuticals Ltd.","150","150","OTC"
"Carbazin 200 mg","Carbazin 200 mg","Carbamazepine","200 mg","ট্যাবলেট","5 x 10","Primary anti-epileptic drugs","Eskayef Pharmaceuticals Ltd.","6","6","OTC"
"Carben 500 mg","Carben 500 mg","Calcium Carbonate","500 mg","ট্যাবলেট","5 x 10","Minerals in bone formation, Specific mineral preparations","Benham Pharmaceuticals Ltd.","4","4","OTC"
"Carben C 1000 mg+327 mg (Conventional calcium)+500 mg","Carben C 1000 mg+327 mg (Conventional calcium)+500 mg","Calcium Lactate Gluconate + Calcium Carbonate + Vitamin C","1000 mg+327 mg (Conventional calcium)+500 mg","Effervescent Tablet","1 x 12","Specific mineral & vitamin combined preparations","Benham Pharmaceuticals Ltd.","12","12","OTC"
"Carben D 500 mg+200 IU","Carben D 500 mg+200 IU","Conventional Calcium + Vitamin D3","500 mg+200 IU","ট্যাবলেট","1 x 15","Specific mineral & vitamin combined preparations","Benham Pharmaceuticals Ltd.","8","8","OTC"
"Carben DS 600 mg+400 IU","Carben DS 600 mg+400 IU","Conventional Calcium + Vitamin D3","600 mg+400 IU","ট্যাবলেট","3 x 10","Specific mineral & vitamin combined preparations","Benham Pharmaceuticals Ltd.","9","9","OTC"
"Carben O 400 mg","Carben O 400 mg","Calcium Orotate","400 mg","ট্যাবলেট","3 x 10","Minerals in bone formation, Specific mineral preparations","Benham Pharmaceuticals Ltd.","8","8","OTC"
"Carbeshot 100 mcg/ml","Carbeshot 100 mcg/ml","Carbetocin","100 mcg/ml","IV Injection","একক","Drugs acting on the Uterus","Nuvista Pharma Ltd.","149","149","OTC"
"Carbestop 250 mcg/ml","Carbestop 250 mcg/ml","Carboprost Tromethamine","250 mcg/ml","ইনজেকশন","একক","Drugs acting on the Uterus","Incepta Pharmaceuticals Ltd.","200","200","Rx"
"Carbiroid 10 mg","Carbiroid 10 mg","Carbimazole","10 mg","ট্যাবলেট","3 x 20","Anti-thyroid drugs","The White Horse Pharmaceuticals Ltd.","5","5","OTC"
"Carbiroid 5 mg","Carbiroid 5 mg","Carbimazole","5 mg","ট্যাবলেট","5 x 20","Anti-thyroid drugs","The White Horse Pharmaceuticals Ltd.","4.8","4.8","OTC"
"Carbium","Carbium","Iron + Folic Acid + Vitamin B Complex + Vitamine C + Zinc Sulfate","","ক্যাপসুল","5 x 10","Iron & Vitamin Combined preparations","Al-Madina Pharmaceuticals Ltd.","3.5","3.5","OTC"
"Carbizol 10 mg","Carbizol 10 mg","Carbimazole","10 mg","ট্যাবলেট","6 x 10","Anti-thyroid drugs","Square Pharmaceuticals PLC","5","5","OTC"
"Carbizol 5 mg","Carbizol 5 mg","Carbimazole","5 mg","ট্যাবলেট","10 x 10","Anti-thyroid drugs","Square Pharmaceuticals PLC","4","4","OTC"
"Carbocal 500 mg","Carbocal 500 mg","Calcium Carbonate","500 mg","ট্যাবলেট","10 x 10","Minerals in bone formation, Specific mineral preparations","Globe Pharmaceuticals Ltd.","2.2","2.2","OTC"
"Carbocal-D 500 mg+200 IU","Carbocal-D 500 mg+200 IU","Conventional Calcium + Vitamin D3","500 mg+200 IU","ট্যাবলেট","5 x 6","Specific mineral & vitamin combined preparations","Globe Pharmaceuticals Ltd.","7","7","OTC"
"Carbocal-M","Carbocal-M","Calcium + Vitamin D3 + Multimineral","","ট্যাবলেট","1 x 30","Specific mineral & vitamin combined preparations","Globe Pharmaceuticals Ltd.","5","5","OTC"
"Carbofer 500 mg/10 ml","Carbofer 500 mg/10 ml","Ferric Carboxymaltose","500 mg/10 ml","IV Injection or Infusion","একক","Parenteral Iron Preparations","Chemist Laboratories  Ltd.","700","700","OTC"
"Carbogel 1%","Carbogel 1%","Carboxymethylcellulose Sodium","1%","Ophthalmic Solution","5 x 5","","Drug International Ltd.","14","14","OTC"
"Carbolin 375 mg","Carbolin 375 mg","Carbocisteine","375 mg","ক্যাপসুল","3 x 10","Cough expectorants & mucolytics","Eskayef Pharmaceuticals Ltd.","2.5","2.5","OTC"
"Carbolin DS 250 mg/5 ml","Carbolin DS 250 mg/5 ml","Carbocisteine","250 mg/5 ml","সিরাপ","একক","Cough expectorants & mucolytics","Eskayef Pharmaceuticals Ltd.","40","40","OTC"
"Carbomet","Carbomet","Carbonyl Iron + Folic Acid + Zinc Sulfate + Vitamin B Complex + Vitamin C","","ক্যাপসুল","6 x 10","Iron, Vitamin & Mineral Combined preparation","Somatec Pharmaceuticals Ltd.","3.01","3.01","OTC"
"Carboplat 10 mg/ml","Carboplat 10 mg/ml","Carboplatin","10 mg/ml","আইভি ইনফিউশন","একক","Cytotoxic Chemotherapy","Beacon Pharmaceuticals PLC","1400","1400","Rx"
"Carboplatin  Sindan 10 mg/ml","Carboplatin  Sindan 10 mg/ml","Carboplatin","10 mg/ml","আইভি ইনফিউশন","একক","Cytotoxic Chemotherapy","BOTS Pvt. Limited","4140","4140","Rx"
"Carboplatin 10 mg/ml","Carboplatin 10 mg/ml","Carboplatin","10 mg/ml","আইভি ইনফিউশন","একক","Cytotoxic Chemotherapy","Janata Traders","3858","3858","Rx"
"Carboplatin Hexal 10 mg/ml","Carboplatin Hexal 10 mg/ml","Carboplatin","10 mg/ml","আইভি ইনফিউশন","একক","Cytotoxic Chemotherapy","SANDOZ (A Novartis Division)","1400","1400","Rx"
"Carboplatin PhaRes 10 mg/ml","Carboplatin PhaRes 10 mg/ml","Carboplatin","10 mg/ml","আইভি ইনফিউশন","একক","Cytotoxic Chemotherapy","ZAS Corporation","3360","3360","Rx"
"Carboten DS 250 mg/5 ml","Carboten DS 250 mg/5 ml","Carbocisteine","250 mg/5 ml","সিরাপ","একক","Cough expectorants & mucolytics","Amico Laboratories Ltd.","40","40","OTC"
"Carbotin 10 mg/ml","Carbotin 10 mg/ml","Carboplatin","10 mg/ml","আইভি ইনফিউশন","একক","Cytotoxic Chemotherapy","Techno Drugs Ltd.","1550","1550","Rx"
"Carbotor 10 mg/ml","Carbotor 10 mg/ml","Carboplatin","10 mg/ml","আইভি ইনফিউশন","একক","Cytotoxic Chemotherapy","Eskayef Pharmaceuticals Ltd.","1600","1600","Rx"
"Carceva 75 mg","Carceva 75 mg","Clopidogrel Bisulphate","75 mg","ট্যাবলেট","3 x 10","Anti-platelet drugs","NIPRO JMI Pharma Ltd.","12","12","OTC"
"Carceva Plus 75 mg+75 mg","Carceva Plus 75 mg+75 mg","Clopidogrel + Aspirin","75 mg+75 mg","ট্যাবলেট","3 x 10","Anti-platelet drugs","NIPRO JMI Pharma Ltd.","12","12","OTC"
"Cardex 12.5 mg","Cardex 12.5 mg","Carvedilol","12.5 mg","ট্যাবলেট","3 x 14","Alpha adrenoceptor blocking drugs, Beta-adrenoceptor blocking drugs, Beta-blockers","Opsonin Pharma Ltd.","5.03","5.03","OTC"
"Cardex 3.125 mg","Cardex 3.125 mg","Carvedilol","3.125 mg","ট্যাবলেট","8 x 14","Alpha adrenoceptor blocking drugs, Beta-adrenoceptor blocking drugs, Beta-blockers","Opsonin Pharma Ltd.","1.75","1.75","OTC"
"Cardex 6.25 mg","Cardex 6.25 mg","Carvedilol","6.25 mg","ট্যাবলেট","4 x 14","Alpha adrenoceptor blocking drugs, Beta-adrenoceptor blocking drugs, Beta-blockers","Opsonin Pharma Ltd.","3.01","3.01","OTC"
"CardiAmlo 2.5 mg+5 mg","CardiAmlo 2.5 mg+5 mg","Bisoprolol Fumarate + Amlodipine Besilate","2.5 mg+5 mg","ট্যাবলেট","3 x 10","Anti-hypertensive","UniMed UniHealth Pharmaceuticals Ltd.","8","8","OTC"
"Cardiben-D 500 mg+200 IU","Cardiben-D 500 mg+200 IU","Conventional Calcium + Vitamin D3","500 mg+200 IU","ট্যাবলেট","1 x 15","Specific mineral & vitamin combined preparations","Bengal drugs Ltd.","4","4","OTC"
"Cardicam 2.5 mg","Cardicam 2.5 mg","Bisoprolol Fumarate","2.5 mg","ট্যাবলেট","3 x 10","Anti adrenergic agent (Beta blockers), Beta-adrenoceptor blocking drugs, Beta-blockers","Belsen Pharmaceuticals Ltd.","6","6","OTC"
"Cardicam 5 mg","Cardicam 5 mg","Bisoprolol Fumarate","5 mg","ট্যাবলেট","3 x 10","Anti adrenergic agent (Beta blockers), Beta-adrenoceptor blocking drugs, Beta-blockers","Belsen Pharmaceuticals Ltd.","10","10","OTC"
"Cardicil 10 mg","Cardicil 10 mg","Cilnidipine","10 mg","ট্যাবলেট","2 x 14","Calcium-channel blockers","Radiant Pharmaceuticals Ltd.","10","10","OTC"
"Cardicil 5 mg","Cardicil 5 mg","Cilnidipine","5 mg","ট্যাবলেট","3 x 14","Calcium-channel blockers","Radiant Pharmaceuticals Ltd.","8","8","OTC"
"Cardicor 2.5 mg","Cardicor 2.5 mg","Bisoprolol Fumarate","2.5 mg","ট্যাবলেট","3 x 10","Anti adrenergic agent (Beta blockers), Beta-adrenoceptor blocking drugs, Beta-blockers","UniMed UniHealth Pharmaceuticals Ltd.","7","7","OTC"
"Cardicor 5 mg","Cardicor 5 mg","Bisoprolol Fumarate","5 mg","ট্যাবলেট","3 x 10","Anti adrenergic agent (Beta blockers), Beta-adrenoceptor blocking drugs, Beta-blockers","UniMed UniHealth Pharmaceuticals Ltd.","11.5","11.5","OTC"
"Cardicor Plus 2.5 mg+6.5 mg","Cardicor Plus 2.5 mg+6.5 mg","Bisoprolol Fumarate + Hydrochlorothiazide","2.5 mg+6.5 mg","ট্যাবলেট","3 x 10","Combined antihypertensive preparations","UniMed UniHealth Pharmaceuticals Ltd.","7","7","OTC"
"Cardicor Plus 5 mg+6.5 mg","Cardicor Plus 5 mg+6.5 mg","Bisoprolol Fumarate + Hydrochlorothiazide","5 mg+6.5 mg","ট্যাবলেট","3 x 10","Combined antihypertensive preparations","UniMed UniHealth Pharmaceuticals Ltd.","11.5","11.5","OTC"
"Cardifort 5 mg","Cardifort 5 mg","Amlodipine Besilate","5 mg","ট্যাবলেট","3 x 10","Calcium-channel blockers","Nuvista Pharma Ltd.","5","5","OTC"
"Cardifort Plus 5 mg+25 mg","Cardifort Plus 5 mg+25 mg","Amlodipine Besilate + Atenolol","5 mg+25 mg","ট্যাবলেট","3 x 10","Combined antihypertensive preparations","Nuvista Pharma Ltd.","5.25","5.25","OTC"
"Cardifort Plus 5 mg+50 mg","Cardifort Plus 5 mg+50 mg","Amlodipine Besilate + Atenolol","5 mg+50 mg","ট্যাবলেট","3 x 10","Combined antihypertensive preparations","Nuvista Pharma Ltd.","6","6","OTC"
"Cardil 30 mg","Cardil 30 mg","Diltiazem Hydrochloride","30 mg","ট্যাবলেট","10 x 10","Calcium-channel blockers","The IBN SINA Pharmaceutical PLC","2.25","2.25","OTC"
"Cardilock 50 mg","Cardilock 50 mg","Atenolol","50 mg","ট্যাবলেট","10 x 10","Beta-adrenoceptor blocking drugs, Beta-blockers","Alco Pharma Ltd.","0.77","0.77","OTC"
"Cardimet MR 35 mg","Cardimet MR 35 mg","Trimetazidine Dihydrochloride","35 mg","Tablet (Modified Release)","3 x 14","Other Anti-anginal & Anti-ischaemic drugs","Eskayef Pharmaceuticals Ltd.","8","8","OTC"
"Cardinex 4000 Anti-Xa IU/0.4 ml","Cardinex 4000 Anti-Xa IU/0.4 ml","Enoxaparin Sodium","0.4 ml","SC Injection","একক","Parenteral anti-coagulants","Drug International Ltd.","425","425","OTC"
"Cardinex 6000 Anti-Xa IU/0.6 ml","Cardinex 6000 Anti-Xa IU/0.6 ml","Enoxaparin Sodium","0.6 ml","SC Injection","একক","Parenteral anti-coagulants","Drug International Ltd.","575","575","OTC"
"Cardinex 8000 Anti-Xa IU/0.8 ml","Cardinex 8000 Anti-Xa IU/0.8 ml","Enoxaparin Sodium","0.8 ml","SC Injection","একক","Parenteral anti-coagulants","Drug International Ltd.","630","630","OTC"
"Cardinor 2.5 mg","Cardinor 2.5 mg","Bisoprolol Fumarate","2.5 mg","ট্যাবলেট","3 x 10","Anti adrenergic agent (Beta blockers), Beta-adrenoceptor blocking drugs, Beta-blockers","Labaid Pharma Ltd.","7","7","OTC"
"Cardinor 5 mg","Cardinor 5 mg","Bisoprolol Fumarate","5 mg","ট্যাবলেট","3 x 10","Anti adrenergic agent (Beta blockers), Beta-adrenoceptor blocking drugs, Beta-blockers","Labaid Pharma Ltd.","11.5","11.5","OTC"
"Cardinor Plus 2.5 mg+6.25 mg","Cardinor Plus 2.5 mg+6.25 mg","Bisoprolol Fumarate + Hydrochlorothiazide","2.5 mg+6.25 mg","ট্যাবলেট","3 x 10","Combined antihypertensive preparations","Labaid Pharma Ltd.","6","6","OTC"
"Cardinor Plus 5 mg+6.25 mg","Cardinor Plus 5 mg+6.25 mg","Bisoprolol Fumarate + Hydrochlorothiazide","5 mg+6.25 mg","ট্যাবলেট","3 x 10","Combined antihypertensive preparations","Labaid Pharma Ltd.","10","10","OTC"
"Cardipin 5 mg","Cardipin 5 mg","Amlodipine Besilate","5 mg","ট্যাবলেট","6 x 10","Calcium-channel blockers","Renata PLC","5","5","OTC"
"Cardipin Plus 5 mg+50 mg","Cardipin Plus 5 mg+50 mg","Amlodipine Besilate + Atenolol","5 mg+50 mg","ট্যাবলেট","6 x 10","Combined antihypertensive preparations","Renata PLC","6","6","OTC"
"Cardiron 200 mg","Cardiron 200 mg","Amiodarone Hydrochloride","200 mg","ট্যাবলেট","3 x 10","Potassium channel blockers","Drug International Ltd.","8","8","OTC"
"Cardisan 100 mg","Cardisan 100 mg","Losartan Potassium","100 mg","ট্যাবলেট","4 x 7","Angiotensin-ll receptor blocker","Beacon Pharmaceuticals PLC","12","12","OTC"
"Cardisan 25 mg","Cardisan 25 mg","Losartan Potassium","25 mg","ট্যাবলেট","4 x 7","Angiotensin-ll receptor blocker","Beacon Pharmaceuticals PLC","4.5","4.5","OTC"
"Cardisan 50 mg","Cardisan 50 mg","Losartan Potassium","50 mg","ট্যাবলেট","4 x 7","Angiotensin-ll receptor blocker","Beacon Pharmaceuticals PLC","9","9","OTC"
"Cardisan Plus 50 mg+12.5 mg","Cardisan Plus 50 mg+12.5 mg","Losartan Potassium + Hydrochlorothiazide","50 mg+12.5 mg","ট্যাবলেট","4 x 7","Combined antihypertensive preparations","Beacon Pharmaceuticals PLC","9","9","OTC"
"Cardisef 100 mg","Cardisef 100 mg","Atenolol","100 mg","ট্যাবলেট","100's pack","Beta-adrenoceptor blocking drugs, Beta-blockers","Supreme Pharmaceutical Ltd.","1.36","1.36","OTC"
"Cardisef 50 mg","Cardisef 50 mg","Atenolol","50 mg","ট্যাবলেট","100's pack","Beta-adrenoceptor blocking drugs, Beta-blockers","Supreme Pharmaceutical Ltd.","0.77","0.77","OTC"
"Cardival 80 mg","Cardival 80 mg","Valsartan","80 mg","ট্যাবলেট","2 x 14","Angiotensin-ll receptor blocker","Drug International Ltd.","10","10","OTC"
"Cardival Plus 160 mg+12.5 mg","Cardival Plus 160 mg+12.5 mg","Valsartan + Hydrochlorothiazide","160 mg+12.5 mg","ট্যাবলেট","1 x 10","Combined antihypertensive preparations","Drug International Ltd.","16","16","OTC"
"Cardival Plus 80 mg+12.5 mg","Cardival Plus 80 mg+12.5 mg","Valsartan + Hydrochlorothiazide","80 mg+12.5 mg","ট্যাবলেট","2 x 10","Combined antihypertensive preparations","Drug International Ltd.","8","8","OTC"
"Cardivas 12.5 mg","Cardivas 12.5 mg","Carvedilol","12.5 mg","ট্যাবলেট","3 x 10","Alpha adrenoceptor blocking drugs, Beta-adrenoceptor blocking drugs, Beta-blockers","Sun Pharmaceutical (Bangladesh) Ltd.","6.56","6.56","OTC"
"Cardivas 6.25 mg","Cardivas 6.25 mg","Carvedilol","6.25 mg","ট্যাবলেট","5 x 10","Alpha adrenoceptor blocking drugs, Beta-adrenoceptor blocking drugs, Beta-blockers","Sun Pharmaceutical (Bangladesh) Ltd.","4.56","4.56","OTC"
"Cardiver 2.5 mg","Cardiver 2.5 mg","Vericiguat","2.5 mg","ট্যাবলেট","3 x 10","Stimulator of soluble guanylate cyclase","Beximco Pharmaceuticals Ltd.","30","30","OTC"
"Cardivit 400 mg+400 IU+2 mg","Cardivit 400 mg+400 IU+2 mg","Vitamin C + Vitamin D3 + Folic acid","400 mg+400 IU+2 mg","ট্যাবলেট","1 x 30","Specific combined vitamin preparations","Incepta Pharmaceuticals Ltd.","3","3","OTC"
"Cardizem 30 mg","Cardizem 30 mg","Diltiazem Hydrochloride","30 mg","ট্যাবলেট","7 x 14","Calcium-channel blockers","Drug International Ltd.","3.05","3.05","OTC"
"Cardizem 60 mg","Cardizem 60 mg","Diltiazem Hydrochloride","60 mg","ট্যাবলেট","10 x 10","Calcium-channel blockers","Drug International Ltd.","5.05","5.05","OTC"
"Cardizem SR 120 mg","Cardizem SR 120 mg","Diltiazem Hydrochloride","120 mg","Tablet (Sustained Release)","5 x 10","Calcium-channel blockers","Drug International Ltd.","8.05","8.05","OTC"
"Cardizem SR 90 mg","Cardizem SR 90 mg","Diltiazem Hydrochloride","90 mg","Tablet (Sustained Release)","5 x 10","Calcium-channel blockers","Drug International Ltd.","6.05","6.05","OTC"
"Cardobis 1.25 mg","Cardobis 1.25 mg","Bisoprolol Fumarate","1.25 mg","ট্যাবলেট","5 x 10","Anti adrenergic agent (Beta blockers), Beta-adrenoceptor blocking drugs, Beta-blockers","Eskayef Pharmaceuticals Ltd.","3.5","3.5","OTC"
"Cardobis 2.5 mg","Cardobis 2.5 mg","Bisoprolol Fumarate","2.5 mg","ট্যাবলেট","5 x 10","Anti adrenergic agent (Beta blockers), Beta-adrenoceptor blocking drugs, Beta-blockers","Eskayef Pharmaceuticals Ltd.","7","7","OTC"
"Cardobis 5 mg","Cardobis 5 mg","Bisoprolol Fumarate","5 mg","ট্যাবলেট","4 x 10","Anti adrenergic agent (Beta blockers), Beta-adrenoceptor blocking drugs, Beta-blockers","Eskayef Pharmaceuticals Ltd.","11.5","11.5","OTC"
"Cardobis M 2.5 mg+5 mg","Cardobis M 2.5 mg+5 mg","Bisoprolol Fumarate + Amlodipine Besilate","2.5 mg+5 mg","ট্যাবলেট","3 x 10","Anti-hypertensive","Eskayef Pharmaceuticals Ltd.","7","7","OTC"
"Cardobis Plus 2.5 mg+6.25 mg","Cardobis Plus 2.5 mg+6.25 mg","Bisoprolol Fumarate + Hydrochlorothiazide","2.5 mg+6.25 mg","ট্যাবলেট","3 x 10","Combined antihypertensive preparations","Eskayef Pharmaceuticals Ltd.","7","7","OTC"
"Cardobis Plus 5 mg+6.25 mg","Cardobis Plus 5 mg+6.25 mg","Bisoprolol Fumarate + Hydrochlorothiazide","5 mg+6.25 mg","ট্যাবলেট","3 x 10","Combined antihypertensive preparations","Eskayef Pharmaceuticals Ltd.","11","11","OTC"
"Cardocal 10 mg","Cardocal 10 mg","Cilnidipine","10 mg","ট্যাবলেট","3 x 10","Calcium-channel blockers","Beximco Pharmaceuticals Ltd.","9","9","OTC"
"Cardocal 5 mg","Cardocal 5 mg","Cilnidipine","5 mg","ট্যাবলেট","3 x 10","Calcium-channel blockers","Beximco Pharmaceuticals Ltd.","7","7","OTC"
"Cardofix 2.5 mg+5 mg","Cardofix 2.5 mg+5 mg","Bisoprolol Fumarate + Amlodipine Besilate","2.5 mg+5 mg","ট্যাবলেট","3 x 10","Anti-hypertensive","Labaid Pharma Ltd.","8","8","OTC"
"Cardolab 5 mg","Cardolab 5 mg","Amlodipine Besilate","5 mg","ট্যাবলেট","5 x 10","Calcium-channel blockers","Labaid Pharma Ltd.","5.02","5.02","OTC"
"Cardon 25 mg","Cardon 25 mg","Losartan Potassium","25 mg","ট্যাবলেট","3 x 10","Angiotensin-ll receptor blocker","Eskayef Pharmaceuticals Ltd.","6","6","OTC"
"Cardon 50 mg","Cardon 50 mg","Losartan Potassium","50 mg","ট্যাবলেট","4 x 10","Angiotensin-ll receptor blocker","Eskayef Pharmaceuticals Ltd.","10","10","OTC"
"Cardoneb 2.5 mg","Cardoneb 2.5 mg","Nebivolol Hydrochloride","2.5 mg","ট্যাবলেট","3 x 10","Beta-adrenoceptor blocking drugs, Beta-blockers","Eskayef Pharmaceuticals Ltd.","7","7","OTC"
"Cardoneb 5 mg","Cardoneb 5 mg","Nebivolol Hydrochloride","5 mg","ট্যাবলেট","3 x 10","Beta-adrenoceptor blocking drugs, Beta-blockers","Eskayef Pharmaceuticals Ltd.","10","10","OTC"
"Cardopa 200 mg/5 ml","Cardopa 200 mg/5 ml","Dopamine Hydrochloride","200 mg/5 ml","IV Injection","1 x 5","Inotropic-sympathomimetics","ACI Limited","45.31","45.31","OTC"
"CardoPlus 50 mg+12.5 mg","CardoPlus 50 mg+12.5 mg","Losartan Potassium + Hydrochlorothiazide","50 mg+12.5 mg","ট্যাবলেট","4 x 10","Combined antihypertensive preparations","Eskayef Pharmaceuticals Ltd.","10","10","OTC"
"Cardopril 25 mg","Cardopril 25 mg","Captopril","25 mg","ট্যাবলেট","10 x 10","Angiotensin-converting enzyme (ACE) inhibitors","Beximco Pharmaceuticals Ltd.","3.01","3.01","OTC"
"Cardopril 50 mg","Cardopril 50 mg","Captopril","50 mg","ট্যাবলেট","10 x 10","Angiotensin-converting enzyme (ACE) inhibitors","Beximco Pharmaceuticals Ltd.","6.02","6.02","OTC"
"Cardoprin 75 mg","Cardoprin 75 mg","Aspirin","75 mg","Tablet (Enteric Coated)","7 x 14","Anti-platelet drugs","Beximco Pharmaceuticals Ltd.","0.8","0.8","OTC"
"Cardosia Plus 5 mg+25 mg","Cardosia Plus 5 mg+25 mg","Amlodipine Besilate + Atenolol","5 mg+25 mg","ট্যাবলেট","30's pack","Combined antihypertensive preparations","Pharmadesh Laboratories Ltd.","4.52","4.52","OTC"
"Cardosia Plus 5 mg+50 mg","Cardosia Plus 5 mg+50 mg","Amlodipine Besilate + Atenolol","5 mg+50 mg","ট্যাবলেট","3 x 10","Combined antihypertensive preparations","Pharmasia Limited","5.5","5.5","OTC"
"Cardotel 5 mg+40 mg","Cardotel 5 mg+40 mg","Amlodipine Besilate + Telmisartan","5 mg+40 mg","ট্যাবলেট","4 x 14","Combined antihypertensive preparations","Pharmasia Limited","12.5","12.5","OTC"
"Cardotel 5 mg+80 mg","Cardotel 5 mg+80 mg","Amlodipine Besilate + Telmisartan","5 mg+80 mg","ট্যাবলেট","2 x 14","Combined antihypertensive preparations","Pharmasia Limited","20","20","OTC"
"Cardovan 160 mg","Cardovan 160 mg","Valsartan","160 mg","ট্যাবলেট","3 x 10","Angiotensin-ll receptor blocker","Eskayef Pharmaceuticals Ltd.","16","16","OTC"
"Cardovan 80 mg","Cardovan 80 mg","Valsartan","80 mg","ট্যাবলেট","3 x 10","Angiotensin-ll receptor blocker","Eskayef Pharmaceuticals Ltd.","10","10","OTC"
"Cardovan Plus 160 mg+12.5 mg","Cardovan Plus 160 mg+12.5 mg","Valsartan + Hydrochlorothiazide","160 mg+12.5 mg","ট্যাবলেট","3 x 10","Combined antihypertensive preparations","Eskayef Pharmaceuticals Ltd.","16","16","OTC"
"Cardovan Plus 80 mg+12.5 mg","Cardovan Plus 80 mg+12.5 mg","Valsartan + Hydrochlorothiazide","80 mg+12.5 mg","ট্যাবলেট","3 x 10","Combined antihypertensive preparations","Eskayef Pharmaceuticals Ltd.","10","10","OTC"
"Cardual 5 mg+10 mg","Cardual 5 mg+10 mg","Amlodipine Besilate + Atorvastatin","5 mg+10 mg","ট্যাবলেট","3 x 10","Anti-anginal & lipid lowering drugs","ACI Limited","11.07","11.07","OTC"
"Care 6 mg+200 mg+50 mg","Care 6 mg+200 mg+50 mg","Beta carotene + Vitamin C + Vitamin E","6 mg+200 mg+50 mg","ট্যাবলেট","30's pack","Anti-oxidant Multivitamin preparations","Edruc Limited","2.5","2.5","OTC"
"Care-on 0.1%+0.5%","Care-on 0.1%+0.5%","Chlorhexidine Hydrochloride + Cetrimide","0.1%+0.5%","ক্রিম","একক","Chlorhexidine & Chloroxylenol preparations","Ziska Pharmaceuticals Ltd.","25","25","OTC"
"Care-on 0.3%+3%","Care-on 0.3%+3%","Chlorhexidine Gluconate + Cetrimide","0.3%+3%","সলিউশন","একক","Chlorhexidine & Chloroxylenol preparations","Ziska Pharmaceuticals Ltd.","220","220","OTC"
"Care-on 66%+3.5%","Care-on 66%+3.5%","Ethanol + Isopropyl alcohol","66%+3.5%","Hand Rub","একক","Bleaching and Disinfectants, Other antibacterial preparation","Ziska Pharmaceuticals Ltd.","100","100","OTC"
"Carepain 100 mg","Carepain 100 mg","Aceclofenac","100 mg","ট্যাবলেট","5 x 10","Drugs for Osteoarthritis, Drugs used for Rheumatoid Arthritis, Non-steroidal Anti-inflammatory Drugs (NSAIDs)","Goodman Pharmaceuticals Ltd.","4","4","OTC"
"CareSens N","CareSens N","Blood glucose monitoring device","","Glucometer","একক","","Connect Healthcare Bangladesh Ltd.","2275","2275","OTC"
"CareSens N","CareSens N","Blood glucose monitoring device","","Test strip","2 x 25","","Connect Healthcare Bangladesh Ltd.","22","22","OTC"
"Carfilez 10 mg/vial","Carfilez 10 mg/vial","Carfilzomib","10 mg/vial","Powder for Injection","একক","Tetrapeptide epoxyketone proteasome inhibitor","Beacon Pharmaceuticals PLC","3500","3500","OTC"
"Carfilez 30 mg/vial","Carfilez 30 mg/vial","Carfilzomib","30 mg/vial","Powder for Injection","একক","Tetrapeptide epoxyketone proteasome inhibitor","Beacon Pharmaceuticals PLC","8500","8500","OTC"
"Caridol 250 mg","Caridol 250 mg","Carisoprodol","250 mg","ট্যাবলেট","3 x 10","Locally acting Skeletal Muscle Relaxants","Eskayef Pharmaceuticals Ltd.","7","7","OTC"
"Caridol 350 mg","Caridol 350 mg","Carisoprodol","350 mg","ট্যাবলেট","3 x 10","Locally acting Skeletal Muscle Relaxants","Eskayef Pharmaceuticals Ltd.","10","10","OTC"
"Carilax 250 mg","Carilax 250 mg","Carisoprodol","250 mg","ট্যাবলেট","3 x 10","Locally acting Skeletal Muscle Relaxants","Incepta Pharmaceuticals Ltd.","6","6","OTC"
"Caripran 1.5 mg","Caripran 1.5 mg","Cariprazine","1.5 mg","ক্যাপসুল","5 x 6","","Incepta Pharmaceuticals Ltd.","13","13","OTC"
"Caripran 3 mg","Caripran 3 mg","Cariprazine","3 mg","ক্যাপসুল","5 x 6","","Incepta Pharmaceuticals Ltd.","22","22","OTC"
"Cariso 250 mg","Cariso 250 mg","Carisoprodol","250 mg","ট্যাবলেট","3 x 10","Locally acting Skeletal Muscle Relaxants","Opsonin Pharma Ltd.","6","6","OTC"
"Cariso 350 mg","Cariso 350 mg","Carisoprodol","350 mg","ট্যাবলেট","3 x 10","Locally acting Skeletal Muscle Relaxants","Opsonin Pharma Ltd.","10","10","OTC"
"Carlev 100 mg+10 mg","Carlev 100 mg+10 mg","Levodopa + Carbidopa","100 mg+10 mg","ট্যাবলেট","5 x 10","Antiparkinson drugs","Opsonin Pharma Ltd.","7","7","OTC"
"Carlev 250 mg+25 mg","Carlev 250 mg+25 mg","Levodopa + Carbidopa","250 mg+25 mg","ট্যাবলেট","3 x 10","Antiparkinson drugs","Opsonin Pharma Ltd.","10","10","OTC"
"Carlev CR 50 mg+200 mg","Carlev CR 50 mg+200 mg","Carbidopa + Levodopa (Prolonged release)","50 mg+200 mg","Tablet (Controlled Release)","2 x 10","Antiparkinson drugs","Opsonin Pharma Ltd.","15","15","OTC"
"Carlina 5 mg","Carlina 5 mg","Linagliptin","5 mg","ট্যাবলেট","2 x 10","Dipeptidyl Peptidase-4 (DPP-4) inhibitor","Radiant Pharmaceuticals Ltd.","22","22","OTC"
"Carlina-M 2.5 mg+1000 mg","Carlina-M 2.5 mg+1000 mg","Linagliptin + Metformin Hydrochloride","2.5 mg+1000 mg","ট্যাবলেট","5 x 6","Combination Oral hypoglycemic preparations","Radiant Pharmaceuticals Ltd.","16","16","OTC"
"Carlina-M 2.5 mg+500 mg","Carlina-M 2.5 mg+500 mg","Linagliptin + Metformin Hydrochloride","2.5 mg+500 mg","ট্যাবলেট","4 x 6","Combination Oral hypoglycemic preparations","Radiant Pharmaceuticals Ltd.","13","13","OTC"
"Carlina-M 2.5 mg+850 mg","Carlina-M 2.5 mg+850 mg","Linagliptin + Metformin Hydrochloride","2.5 mg+850 mg","ট্যাবলেট","5 x 6","Combination Oral hypoglycemic preparations","Radiant Pharmaceuticals Ltd.","14","14","OTC"
"Carlomed 400 mg","Carlomed 400 mg","Calcium Orotate","400 mg","ট্যাবলেট","30's pack","Minerals in bone formation, Specific mineral preparations","MedRx Life Science Ltd.","8","8","OTC"
"Carlos 50 mg","Carlos 50 mg","Losartan Potassium","50 mg","ট্যাবলেট","3 x 10","Angiotensin-ll receptor blocker","Ad-din Pharmaceuticals Ltd.","10","10","OTC"
"Carmapine 100 mg/5 ml","Carmapine 100 mg/5 ml","Carbamazepine","100 mg/5 ml","Oral Suspension","একক","Primary anti-epileptic drugs","Incepta Pharmaceuticals Ltd.","250","250","OTC"
"Carmapine 200 mg","Carmapine 200 mg","Carbamazepine","200 mg","ট্যাবলেট","5 x 10","Primary anti-epileptic drugs","Incepta Pharmaceuticals Ltd.","4","4","OTC"
"Carmapine CR 200 mg","Carmapine CR 200 mg","Carbamazepine","200 mg","Tablet (Controlled Release)","5 x 10","Primary anti-epileptic drugs","Incepta Pharmaceuticals Ltd.","5","5","OTC"
"Carmaz 200 mg","Carmaz 200 mg","Carbamazepine","200 mg","ট্যাবলেট","5 x 10","Primary anti-epileptic drugs","Aristopharma Ltd.","4","4","OTC"
"Carmelus 1%","Carmelus 1%","Carboxymethylcellulose Sodium","1%","Ophthalmic Solution","একক","","Pacific Pharmaceuticals Ltd.","275","275","OTC"
"Carmelus-G 0.5%+0.9%","Carmelus-G 0.5%+0.9%","Carboxymethylcellulose Sodium + Glycerin","0.5%+0.9%","Ophthalmic Solution","একক","Drugs for Dry eyes","Pacific Pharmaceuticals Ltd.","190","190","OTC"
"Carmelus-H 0.25%+0.3%","Carmelus-H 0.25%+0.3%","Carboxymethylcellulose Sodium + Hypromellose","0.25%+0.3%","Ophthalmic Gel","একক","Drugs for Dry eyes","Pacific Pharmaceuticals Ltd.","210","210","OTC"
"Carmo D 500 mg+200 IU","Carmo D 500 mg+200 IU","Conventional Calcium + Vitamin D3","500 mg+200 IU","ট্যাবলেট","1 x 30","Specific mineral & vitamin combined preparations","S.N. Pharmaceutical Ltd.","3.3","3.3","OTC"
"Carmustine 100 mg/vial","Carmustine 100 mg/vial","Carmustine","100 mg/vial","আইভি ইনফিউশন","একক","Cytotoxic Chemotherapy","Renata PLC","42000","42000","Rx"
"Carnitab 330 mg","Carnitab 330 mg","Levocarnitine","330 mg","ট্যাবলেট","3 x 10","Drugs for muscular energy metabolism","Beximco Pharmaceuticals Ltd.","5","5","OTC"
"Carnitab 500 mg/5 ml","Carnitab 500 mg/5 ml","Levocarnitine","500 mg/5 ml","Oral Solution","একক","Drugs for muscular energy metabolism","Beximco Pharmaceuticals Ltd.","100","100","OTC"
"Carniten 330 mg","Carniten 330 mg","Levocarnitine","330 mg","ট্যাবলেট","7 x 7","Drugs for muscular energy metabolism","Drug International Ltd.","5","5","OTC"
"Carnovas 10 mg","Carnovas 10 mg","Nebivolol Hydrochloride","10 mg","ট্যাবলেট","3 x 10","Beta-adrenoceptor blocking drugs, Beta-blockers","Beximco Pharmaceuticals Ltd.","15","15","OTC"
"Carnovas 2.5 mg","Carnovas 2.5 mg","Nebivolol Hydrochloride","2.5 mg","ট্যাবলেট","3 x 10","Beta-adrenoceptor blocking drugs, Beta-blockers","Beximco Pharmaceuticals Ltd.","7","7","OTC"
"Carnovas 5 mg","Carnovas 5 mg","Nebivolol Hydrochloride","5 mg","ট্যাবলেট","3 x 10","Beta-adrenoceptor blocking drugs, Beta-blockers","Beximco Pharmaceuticals Ltd.","10","10","OTC"
"Carnovas HZ 5 mg+12.5 mg","Carnovas HZ 5 mg+12.5 mg","Nebivolol + Hydrochlorothiazide","5 mg+12.5 mg","ট্যাবলেট","3 x 10","Combined antihypertensive preparations","Beximco Pharmaceuticals Ltd.","12","12","OTC"
"Carol-D 500 mg+200 IU","Carol-D 500 mg+200 IU","Coral Calcium + Vitamin D3","500 mg+200 IU","ট্যাবলেট","30's pack","Specific mineral & vitamin combined preparations","Cosmic Pharma Ltd.","9","9","OTC"
"Carplatin 10 mg/ml","Carplatin 10 mg/ml","Carboplatin","10 mg/ml","আইভি ইনফিউশন","একক","Cytotoxic Chemotherapy","Drug International Ltd.","1400","1400","Rx"
"Carsec 100 mg","Carsec 100 mg","Atenolol","100 mg","ট্যাবলেট","140's pack","Beta-adrenoceptor blocking drugs, Beta-blockers","Medimet Pharmaceuticals Ltd.","1.35","1.35","OTC"
"Carsec 50 mg","Carsec 50 mg","Atenolol","50 mg","ট্যাবলেট","140's pack","Beta-adrenoceptor blocking drugs, Beta-blockers","Medimet Pharmaceuticals Ltd.","0.75","0.75","OTC"
"Cartibon 750 mg+50 mg","Cartibon 750 mg+50 mg","Glucosamine Sulfate + Diacerein","750 mg+50 mg","ট্যাবলেট","5 x 6","Stimulation of Cartilage formation","Popular Pharmaceuticals Ltd.","12","12","OTC"
"Carticare 250 mg+200 mg","Carticare 250 mg+200 mg","Glucosamine Sulfate + Chondroitin","250 mg+200 mg","ট্যাবলেট","3 x 10","Stimulation of Cartilage formation","Radiant Pharmaceuticals Ltd.","21","21","OTC"
"Carticare Max 750 mg+50 mg","Carticare Max 750 mg+50 mg","Glucosamine Sulfate + Diacerein","750 mg+50 mg","ট্যাবলেট","4 x 9","Stimulation of Cartilage formation","Radiant Pharmaceuticals Ltd.","22","22","OTC"
"Carticare TS 750 mg+600 mg","Carticare TS 750 mg+600 mg","Glucosamine Sulfate + Chondroitin","750 mg+600 mg","ট্যাবলেট","2 x 10","Stimulation of Cartilage formation","Radiant Pharmaceuticals Ltd.","38","38","OTC"
"Carticel Plus 250 mg+200 mg","Carticel Plus 250 mg+200 mg","Glucosamine Sulfate + Chondroitin","250 mg+200 mg","ট্যাবলেট","5 x 6","Stimulation of Cartilage formation","Opsonin Pharma Ltd.","8","8","OTC"
"Carticel TS 750 mg+600 mg","Carticel TS 750 mg+600 mg","Glucosamine Sulfate + Chondroitin","750 mg+600 mg","ট্যাবলেট","5 x 6","Stimulation of Cartilage formation","Opsonin Pharma Ltd.","16","16","OTC"
"Cartidin 750 mg+50 mg","Cartidin 750 mg+50 mg","Glucosamine Sulfate + Diacerein","750 mg+50 mg","ট্যাবলেট","5 x 6","Stimulation of Cartilage formation","OSL Pharma Limited","12","12","OTC"
"Cartifit 250 mg+200 mg","Cartifit 250 mg+200 mg","Glucosamine Sulfate + Chondroitin","250 mg+200 mg","ট্যাবলেট","12 x 4","Stimulation of Cartilage formation","Globe Pharmaceuticals Ltd.","8","8","OTC"
"Cartigen 250 mg+200 mg","Cartigen 250 mg+200 mg","Glucosamine Sulfate + Chondroitin","250 mg+200 mg","ট্যাবলেট","3 x 10","Stimulation of Cartilage formation","Somatec Pharmaceuticals Ltd.","8.03","8.03","OTC"
"Cartil 250 mg+200 mg","Cartil 250 mg+200 mg","Glucosamine Sulfate + Chondroitin","250 mg+200 mg","ট্যাবলেট","3 x 10","Stimulation of Cartilage formation","Silva Pharmaceuticals Ltd.","8.03","8.03","OTC"
"Cartilage Max 750 mg+50 mg","Cartilage Max 750 mg+50 mg","Glucosamine Sulfate + Diacerein","750 mg+50 mg","ট্যাবলেট","3 x 10","Stimulation of Cartilage formation","Renata PLC","12","12","OTC"
"Cartilage Plus 250 mg+200 mg","Cartilage Plus 250 mg+200 mg","Glucosamine Sulfate + Chondroitin","250 mg+200 mg","ট্যাবলেট","5 x 6","Stimulation of Cartilage formation","Renata PLC","8.03","8.03","OTC"
"Cartilex 250 mg+200 mg","Cartilex 250 mg+200 mg","Glucosamine Sulfate + Chondroitin","250 mg+200 mg","ট্যাবলেট","5 x 10","Stimulation of Cartilage formation","ACI Limited","8.05","8.05","OTC"
"Cartilex D 750 mg+50 mg","Cartilex D 750 mg+50 mg","Glucosamine Sulfate + Diacerein","750 mg+50 mg","ট্যাবলেট","3 x 10","Stimulation of Cartilage formation","ACI Limited","15","15","OTC"
"Cartilex Plus 750 mg+600 mg","Cartilex Plus 750 mg+600 mg","Glucosamine Sulfate + Chondroitin","750 mg+600 mg","ট্যাবলেট","5 x 6","Stimulation of Cartilage formation","ACI Limited","20","20","OTC"
"Cartimax 250 mg+200 mg","Cartimax 250 mg+200 mg","Glucosamine Sulfate + Chondroitin","250 mg+200 mg","ট্যাবলেট","30's pack","Stimulation of Cartilage formation","Virgo Pharmaceuticals Ltd.","6","6","OTC"
"Cartine 330 mg","Cartine 330 mg","Levocarnitine","330 mg","ট্যাবলেট","3 x 10","Drugs for muscular energy metabolism","ACI Limited","5.04","5.04","OTC"
"Cartine 500 mg/5 ml","Cartine 500 mg/5 ml","Levocarnitine","500 mg/5 ml","Oral Solution","একক","Drugs for muscular energy metabolism","ACI Limited","100.68","100.68","OTC"
"Cartiplus 750 mg+50 mg","Cartiplus 750 mg+50 mg","Glucosamine Sulfate + Diacerein","750 mg+50 mg","ট্যাবলেট","3 x 10","Stimulation of Cartilage formation","Pharmasia Limited","12","12","OTC"
"Carva 75 mg","Carva 75 mg","Aspirin","75 mg","Tablet (Enteric Coated)","13 x 15","Anti-platelet drugs","Square Pharmaceuticals PLC","0.8","0.8","OTC"
"Carved 12.5 mg","Carved 12.5 mg","Carvedilol","12.5 mg","ট্যাবলেট","3 x 10","Alpha adrenoceptor blocking drugs, Beta-adrenoceptor blocking drugs, Beta-blockers","Biopharma Limited","6.5","6.5","OTC"
"Carved 25 mg","Carved 25 mg","Carvedilol","25 mg","ট্যাবলেট","3 x 10","Alpha adrenoceptor blocking drugs, Beta-adrenoceptor blocking drugs, Beta-blockers","Biopharma Limited","8","8","OTC"
"Carved 6.25 mg","Carved 6.25 mg","Carvedilol","6.25 mg","ট্যাবলেট","3 x 10","Alpha adrenoceptor blocking drugs, Beta-adrenoceptor blocking drugs, Beta-blockers","Biopharma Limited","4.5","4.5","OTC"
"Carvetab 12.5 mg","Carvetab 12.5 mg","Carvedilol","12.5 mg","ট্যাবলেট","50's pack","Alpha adrenoceptor blocking drugs, Beta-adrenoceptor blocking drugs, Beta-blockers","Medimet Pharmaceuticals Ltd.","5","5","OTC"
"Carvetab 6.25 mg","Carvetab 6.25 mg","Carvedilol","6.25 mg","ট্যাবলেট","50's pack","Alpha adrenoceptor blocking drugs, Beta-adrenoceptor blocking drugs, Beta-blockers","Medimet Pharmaceuticals Ltd.","3","3","OTC"
"Carvista 12.5 mg","Carvista 12.5 mg","Carvedilol","12.5 mg","ট্যাবলেট","5 x 10","Alpha adrenoceptor blocking drugs, Beta-adrenoceptor blocking drugs, Beta-blockers","Incepta Pharmaceuticals Ltd.","5","5","OTC"
"Carvista 25 mg","Carvista 25 mg","Carvedilol","25 mg","ট্যাবলেট","3 x 10","Alpha adrenoceptor blocking drugs, Beta-adrenoceptor blocking drugs, Beta-blockers","Incepta Pharmaceuticals Ltd.","8","8","OTC"
"Carvista 3.125 mg","Carvista 3.125 mg","Carvedilol","3.125 mg","ট্যাবলেট","10 x 10","Alpha adrenoceptor blocking drugs, Beta-adrenoceptor blocking drugs, Beta-blockers","Incepta Pharmaceuticals Ltd.","2","2","OTC"
"Carvista 6.25 mg","Carvista 6.25 mg","Carvedilol","6.25 mg","ট্যাবলেট","10 x 10","Alpha adrenoceptor blocking drugs, Beta-adrenoceptor blocking drugs, Beta-blockers","Incepta Pharmaceuticals Ltd.","3","3","OTC"
"Caryon 10 mg","Caryon 10 mg","Dydrogesterone","10 mg","ট্যাবলেট","3 x 10","Female Sex hormones","Incepta Pharmaceuticals Ltd.","40","40","OTC"
"Casalt 500 mg","Casalt 500 mg","Calcium Carbonate","500 mg","ট্যাবলেট","50's pack","Minerals in bone formation, Specific mineral preparations","Kemiko Pharmaceuticals Ltd.","4.01","4.01","OTC"
"Casalt-D 500 mg+200 IU","Casalt-D 500 mg+200 IU","Conventional Calcium + Vitamin D3","500 mg+200 IU","ট্যাবলেট","1 x 30","Specific mineral & vitamin combined preparations","Kemiko Pharmaceuticals Ltd.","7","7","OTC"
"CASIO Sigma (YK-BPA2) Digital blood pressure monitor","CASIO Sigma (YK-BPA2) Digital blood pressure monitor","BP monitoring device","","BP Monitor Device","একক","","Connect Healthcare Bangladesh Ltd.","3450","3450","OTC"
"Casodex 50 mg","Casodex 50 mg","Bicalutamide","50 mg","ট্যাবলেট","2 x 14","Hormonal Chemotherapy","MGH Healthcare Limited","85","85","OTC"
"Caspa 200 mg","Caspa 200 mg","Voriconazole","200 mg","ট্যাবলেট","2 x 5","Other Antifungal preparations","Aristopharma Ltd.","120","120","OTC"
"Caspa 50 mg","Caspa 50 mg","Voriconazole","50 mg","ট্যাবলেট","3 x 4","Other Antifungal preparations","Aristopharma Ltd.","50","50","OTC"
"Caspogin 50 mg/vial","Caspogin 50 mg/vial","Caspofungin Acetate","50 mg/vial","আইভি ইনফিউশন","একক","Other Antifungal preparations","Healthcare Pharmaceuticals Ltd.","4500","4500","Rx"
"Caspogin 70 mg/vial","Caspogin 70 mg/vial","Caspofungin Acetate","70 mg/vial","আইভি ইনফিউশন","একক","Other Antifungal preparations","Healthcare Pharmaceuticals Ltd.","5000","5000","Rx"
"Castin 125 mg/5 ml","Castin 125 mg/5 ml","Carbocisteine","125 mg/5 ml","সিরাপ","একক","Cough expectorants & mucolytics","ACI Limited","25","25","OTC"
"Castin 375 mg","Castin 375 mg","Carbocisteine","375 mg","ক্যাপসুল","5 x 10","Cough expectorants & mucolytics","ACI Limited","2.5","2.5","OTC"
"Castin DS 250 mg/5 ml","Castin DS 250 mg/5 ml","Carbocisteine","250 mg/5 ml","সিরাপ","একক","Cough expectorants & mucolytics","ACI Limited","40","40","OTC"
"Casyn 100 mg","Casyn 100 mg","Aceclofenac","100 mg","ট্যাবলেট","10 x 10","Drugs for Osteoarthritis, Drugs used for Rheumatoid Arthritis, Non-steroidal Anti-inflammatory Drugs (NSAIDs)","Ethical Drugs Limited","4","4","OTC"
"Catafix (2 mg+0.5 mg +0.6 mg+10 mg)/ml","Catafix (2 mg+0.5 mg +0.6 mg+10 mg)/ml","Adenosine + Cytochrome-C + Sodium Succinate + Nicotinamide","2 mg+0.5 mg +0.6 mg+10 mg)/ml","Ophthalmic Solution","একক","Drugs for lens opacification","Opsonin Pharma Ltd.","125","125","OTC"
"Catalan 0.09%","Catalan 0.09%","Bromfenac Sodium","0.09%","Ophthalmic Solution","একক","Ophthalmic Non-Steroid drugs","Healthcare Pharmaceuticals Ltd.","110","110","OTC"
"Catavit (2 mg+0.5 mg +0.6 mg+10 mg)/ml","Catavit (2 mg+0.5 mg +0.6 mg+10 mg)/ml","Adenosine + Cytochrome-C + Sodium Succinate + Nicotinamide","2 mg+0.5 mg +0.6 mg+10 mg)/ml","Ophthalmic Solution","একক","Drugs for lens opacification","Apex Pharma Ltd.","120","120","OTC"
"Caterol 150 mcg","Caterol 150 mcg","Indacaterol Maleate","150 mcg","Dry Powder Inhalation Capsule (DPI)","5 x 6","Long-acting selective β-adrenoceptor stimulants","Incepta Pharmaceuticals Ltd.","35","35","OTC"
"Caterol 75 mcg","Caterol 75 mcg","Indacaterol Maleate","75 mcg","Dry Powder Inhalation Capsule (DPI)","5 x 6","Long-acting selective β-adrenoceptor stimulants","Incepta Pharmaceuticals Ltd.","18","18","OTC"
"Catium 27.5 mcg+15.6 mcg","Catium 27.5 mcg+15.6 mcg","Indacaterol + Glycopyrronium","27.5 mcg+15.6 mcg","Dry Powder Inhalation Capsule (DPI)","5 x 6","Combined bronchodilators","Incepta Pharmaceuticals Ltd.","20","20","OTC"
"Catium ES 110 mcg+50 mcg","Catium ES 110 mcg+50 mcg","Indacaterol + Glycopyrronium","110 mcg+50 mcg","Dry Powder Inhalation Capsule (DPI)","5 x 6","Combined bronchodilators","Incepta Pharmaceuticals Ltd.","50","50","OTC"
"Catium Trio 150 mcg+50 mcg+160 mcg","Catium Trio 150 mcg+50 mcg+160 mcg","Indacaterol + Glycopyrronium + Mometasone Furoate","150 mcg+50 mcg+160 mcg","Dry Powder Inhalation Capsule (DPI)","5 x 6","Long-acting selective β-adrenoceptor stimulants","Incepta Pharmaceuticals Ltd.","70","70","OTC"
"Catium Trio 150 mcg+50 mcg+80 mcg","Catium Trio 150 mcg+50 mcg+80 mcg","Indacaterol + Glycopyrronium + Mometasone Furoate","150 mcg+50 mcg+80 mcg","Dry Powder Inhalation Capsule (DPI)","5 x 6","Long-acting selective β-adrenoceptor stimulants","Incepta Pharmaceuticals Ltd.","55","55","OTC"
"Catnil (2 mg+0.5 mg +0.6 mg+10 mg)/ml","Catnil (2 mg+0.5 mg +0.6 mg+10 mg)/ml","Adenosine + Cytochrome-C + Sodium Succinate + Nicotinamide","2 mg+0.5 mg +0.6 mg+10 mg)/ml","Ophthalmic Solution","একক","Drugs for lens opacification","ACME Laboratories Ltd.","125","125","OTC"
"Catopil 25 mg","Catopil 25 mg","Captopril","25 mg","ট্যাবলেট","10 x 10","Angiotensin-converting enzyme (ACE) inhibitors","Zenith Pharmaceuticals Ltd.","3","3","OTC"
"Catrix (2 mg+0.5 mg +0.6 mg+10 mg)/ml","Catrix (2 mg+0.5 mg +0.6 mg+10 mg)/ml","Adenosine + Cytochrome-C + Sodium Succinate + Nicotinamide","2 mg+0.5 mg +0.6 mg+10 mg)/ml","Ophthalmic Solution","একক","Drugs for lens opacification","Incepta Pharmaceuticals Ltd.","145","145","OTC"
"Cavapro 150 mg","Cavapro 150 mg","Irbesartan","150 mg","ট্যাবলেট","3 x 10","Angiotensin-ll receptor blocker","UniMed UniHealth Pharmaceuticals Ltd.","12","12","OTC"
"Cavapro 300 mg","Cavapro 300 mg","Irbesartan","300 mg","ট্যাবলেট","1 x 10","Angiotensin-ll receptor blocker","UniMed UniHealth Pharmaceuticals Ltd.","24","24","OTC"
"Cavapro 75 mg","Cavapro 75 mg","Irbesartan","75 mg","ট্যাবলেট","3 x 10","Angiotensin-ll receptor blocker","UniMed UniHealth Pharmaceuticals Ltd.","6","6","OTC"
"Cavazide 150 mg+12.5 mg","Cavazide 150 mg+12.5 mg","Irbesartan + Hydrochlorothiazide","150 mg+12.5 mg","ট্যাবলেট","3 x 10","Combined antihypertensive preparations","UniMed UniHealth Pharmaceuticals Ltd.","12","12","OTC"
"Cavazide 300 mg+12.5 mg","Cavazide 300 mg+12.5 mg","Irbesartan + Hydrochlorothiazide","300 mg+12.5 mg","ট্যাবলেট","1 x 10","Combined antihypertensive preparations","UniMed UniHealth Pharmaceuticals Ltd.","24","24","OTC"
"Cavazide 75 mg+12.5 mg","Cavazide 75 mg+12.5 mg","Irbesartan + Hydrochlorothiazide","75 mg+12.5 mg","ট্যাবলেট","3 x 10","Combined antihypertensive preparations","UniMed UniHealth Pharmaceuticals Ltd.","6","6","OTC"
"Cavelon 12.5 mg","Cavelon 12.5 mg","Carvedilol","12.5 mg","ট্যাবলেট","5 x 10","Alpha adrenoceptor blocking drugs, Beta-adrenoceptor blocking drugs, Beta-blockers","Drug International Ltd.","6.05","6.05","OTC"
"Cavelon 6.25 mg","Cavelon 6.25 mg","Carvedilol","6.25 mg","ট্যাবলেট","5 x 10","Alpha adrenoceptor blocking drugs, Beta-adrenoceptor blocking drugs, Beta-blockers","Drug International Ltd.","3.05","3.05","OTC"
"Cavic-C 1000 mg+327 mg (Conventional calcium)+500 mg","Cavic-C 1000 mg+327 mg (Conventional calcium)+500 mg","Calcium Lactate Gluconate + Calcium Carbonate + Vitamin C","1000 mg+327 mg (Conventional calcium)+500 mg","Effervescent Tablet","1 x 15","Specific mineral & vitamin combined preparations","Incepta Pharmaceuticals Ltd.","13","13","OTC"
"Cavic-C Plus 1000 mg+327 mg (Conventional calcium)+500 mg+400 IU","Cavic-C Plus 1000 mg+327 mg (Conventional calcium)+500 mg+400 IU","Calcium Lactate Gluconate + Calcium Carbonate + Vitamin C + Vitamin D3","1000 mg+327 mg (Conventional calcium)+500 mg+400 IU","Effervescent Tablet","1 x 15","Specific mineral & vitamin combined preparations","Incepta Pharmaceuticals Ltd.","13","13","OTC"
"Cavinton 10 mg/2 ml","Cavinton 10 mg/2 ml","Vinpocetine","10 mg/2 ml","ইনজেকশন","2 x 5","Cerebral vasodilator & Neurosensory oxygenator drugs","City Overseas Ltd.","50.2","50.2","Rx"
"Cavinton 5 mg","Cavinton 5 mg","Vinpocetine","5 mg","ট্যাবলেট","2 x 25","Cerebral vasodilator & Neurosensory oxygenator drugs","City Overseas Ltd.","9.82","9.82","OTC"
"Cavir 0.5 mg","Cavir 0.5 mg","Entecavir Monohydrate","0.5 mg","ট্যাবলেট","2 x 5","Hepatic viral infections (Hepatitis B)","Square Pharmaceuticals PLC","48.14","48.14","OTC"
"Cavir 1 mg","Cavir 1 mg","Entecavir Monohydrate","1 mg","ট্যাবলেট","2 x 5","Hepatic viral infections (Hepatitis B)","Square Pharmaceuticals PLC","90.27","90.27","OTC"
"Caviral 0.5 mg","Caviral 0.5 mg","Entecavir Monohydrate","0.5 mg","ট্যাবলেট","3 x 10","Hepatic viral infections (Hepatitis B)","Beacon Pharmaceuticals PLC","48","48","OTC"
"Cavitab 5 mg","Cavitab 5 mg","Vinpocetine","5 mg","ট্যাবলেট","5 x 10","Cerebral vasodilator & Neurosensory oxygenator drugs","The IBN SINA Pharmaceutical PLC","4","4","OTC"
"Caviton 10 mg/2 ml","Caviton 10 mg/2 ml","Vinpocetine","10 mg/2 ml","ইনজেকশন","1 x 5","Cerebral vasodilator & Neurosensory oxygenator drugs","Opsonin Pharma Ltd.","40","40","Rx"
"Caviton 5 mg","Caviton 5 mg","Vinpocetine","5 mg","ট্যাবলেট","5 x 10","Cerebral vasodilator & Neurosensory oxygenator drugs","Opsonin Pharma Ltd.","4","4","OTC"
"Cazar 20 mg","Cazar 20 mg","Cabozantinib","20 mg","ক্যাপসুল","1 x 21","Tyrosine Kinase Inhibitor","Jenphar Bangladesh Ltd.","870","870","OTC"
"Cazar FCT 60 mg","Cazar FCT 60 mg","Cabozantinib","60 mg","ট্যাবলেট","1 x 7","Tyrosine Kinase Inhibitor","Jenphar Bangladesh Ltd.","700","700","OTC"
"Cazep 100 mg/5 ml","Cazep 100 mg/5 ml","Carbamazepine","100 mg/5 ml","Oral Suspension","একক","Primary anti-epileptic drugs","Opsonin Pharma Ltd.","300.9","300.9","OTC"
"Cazep 200 mg","Cazep 200 mg","Carbamazepine","200 mg","ট্যাবলেট","5 x 10","Primary anti-epileptic drugs","Opsonin Pharma Ltd.","4.02","4.02","OTC"
"Cazep CR 200 mg","Cazep CR 200 mg","Carbamazepine","200 mg","Tablet (Controlled Release)","5 x 10","Primary anti-epileptic drugs","Opsonin Pharma Ltd.","6","6","OTC"
"CCB 5 mg","CCB 5 mg","Amlodipine Besilate","5 mg","ট্যাবলেট","5 x 10","Calcium-channel blockers","Orion Pharma Ltd.","5","5","OTC"
"Cdens 740 mg","Cdens 740 mg","Calcium Orotate","740 mg","ট্যাবলেট","3 x 10","Minerals in bone formation, Specific mineral preparations","Synovia Pharma PLC.","12","12","OTC"
"CE Infusor LV","CE Infusor LV","Infusion set & surgical device","","আইভি ইনফিউশন","একক","","Synovia Pharma PLC.","3700","3700","Rx"
"CEB 6 mg+200 mg+50 mg","CEB 6 mg+200 mg+50 mg","Beta carotene + Vitamin C + Vitamin E","6 mg+200 mg+50 mg","ট্যাবলেট","30's pack","Anti-oxidant Multivitamin preparations","Rephco Pharmaceuticals Ltd.","4","4","OTC"
"Cebeta 6 mg+200 mg+50 mg","Cebeta 6 mg+200 mg+50 mg","Beta carotene + Vitamin C + Vitamin E","6 mg+200 mg+50 mg","ট্যাবলেট","30's pack","Anti-oxidant Multivitamin preparations","Amulet Pharmaceuticals Ltd.","2.5","2.5","OTC"
"Cebex 100 mg/5 ml","Cebex 100 mg/5 ml","Cefixime Trihydrate","100 mg/5 ml","পাউডার সাসপেনশন","একক","Third generation cephalosporins","Novo Healthcare and Pharma Ltd.","166.6","166.6","OTC"
"Cebex 200 mg","Cebex 200 mg","Cefixime Trihydrate","200 mg","ক্যাপসুল","12's pack","Third generation cephalosporins","Novo Healthcare and Pharma Ltd.","35","35","OTC"
"Cebex 400 mg","Cebex 400 mg","Cefixime Trihydrate","400 mg","ক্যাপসুল","8's pack","Third generation cephalosporins","Novo Healthcare and Pharma Ltd.","52.5","52.5","OTC"
"Cebumax 400 mg","Cebumax 400 mg","Ceftibuten Dihydrate","400 mg","ক্যাপসুল","2 x 4","Third generation cephalosporins","General Pharmaceuticals Ltd.","120","120","OTC"
"Cebumax 90 mg/5 ml","Cebumax 90 mg/5 ml","Ceftibuten Dihydrate","90 mg/5 ml","পাউডার সাসপেনশন","একক","Third generation cephalosporins","General Pharmaceuticals Ltd.","480","480","OTC"
"Cebuten 400 mg","Cebuten 400 mg","Ceftibuten Dihydrate","400 mg","ক্যাপসুল","2 x 7","Third generation cephalosporins","Renata PLC","120","120","OTC"
"Ceclav (125 mg+31.25 mg)/5 ml","Ceclav (125 mg+31.25 mg)/5 ml","Cefuroxime Axetil + Clavulanic Acid","125 mg+31.25 mg)/5 ml","পাউডার সাসপেনশন","একক","Second generation cephalosporins","Sharif Pharmaceuticals Ltd.","250","250","OTC"
"Ceclav 250 mg+62.5 mg","Ceclav 250 mg+62.5 mg","Cefuroxime Axetil + Clavulanic Acid","250 mg+62.5 mg","ট্যাবলেট","3 x 4","Second generation cephalosporins","Sharif Pharmaceuticals Ltd.","30","30","OTC"
"Ceclav 500 mg+125 mg","Ceclav 500 mg+125 mg","Cefuroxime Axetil + Clavulanic Acid","500 mg+125 mg","ট্যাবলেট","2 x 4","Second generation cephalosporins","Sharif Pharmaceuticals Ltd.","50","50","OTC"
"Ceclofen 100 mg","Ceclofen 100 mg","Aceclofenac","100 mg","ট্যাবলেট","5 x 10","Drugs for Osteoarthritis, Drugs used for Rheumatoid Arthritis, Non-steroidal Anti-inflammatory Drugs (NSAIDs)","Renata PLC","4","4","OTC"
"Ceclonac 100 mg","Ceclonac 100 mg","Aceclofenac","100 mg","ট্যাবলেট","50's pack","Drugs for Osteoarthritis, Drugs used for Rheumatoid Arthritis, Non-steroidal Anti-inflammatory Drugs (NSAIDs)","Oyster Pharmaceuticals Ltd.","3","3","OTC"
"Cecon 250 mg","Cecon 250 mg","Vitamin C [Ascorbic acid]","250 mg","Chewable Tablet","10 x 10","Vitamin-C Preparations","ACME Laboratories Ltd.","1.9","1.9","OTC"
"Cecon 500 mg","Cecon 500 mg","Vitamin C [Ascorbic acid]","500 mg","Oral Powder","20's pack","Vitamin-C Preparations","ACME Laboratories Ltd.","10","10","OTC"
"Ceconac 100 mg","Ceconac 100 mg","Aceclofenac","100 mg","ট্যাবলেট","100's pack","Drugs for Osteoarthritis, Drugs used for Rheumatoid Arthritis, Non-steroidal Anti-inflammatory Drugs (NSAIDs)","Hudson Pharmaceuticals Ltd.","3","3","OTC"
"Cednir 300 mg","Cednir 300 mg","Cefdinir","300 mg","ক্যাপসুল","1 x 4","Third generation cephalosporins","Eskayef Pharmaceuticals Ltd.","40","40","OTC"
"Cednir DS 250 mg/5 ml","Cednir DS 250 mg/5 ml","Cefdinir","250 mg/5 ml","পাউডার সাসপেনশন","একক","Third generation cephalosporins","Eskayef Pharmaceuticals Ltd.","160","160","OTC"
"Cedol 200 mg/5 ml","Cedol 200 mg/5 ml","Metronidazole","200 mg/5 ml","Oral Suspension","একক","Amoebicides, Anti-diarrhoeal antiprotozoal","Central Pharmaceuticals Ltd.","22","22","OTC"
"Cedol 400 mg","Cedol 400 mg","Metronidazole","400 mg","ট্যাবলেট","100's pack","Amoebicides, Anti-diarrhoeal antiprotozoal","Central Pharmaceuticals Ltd.","1","1","OTC"
"Cedril 125 mg/5 ml","Cedril 125 mg/5 ml","Cefadroxil Monohydrate","125 mg/5 ml","পাউডার সাসপেনশন","একক","First generation cephalosporins","ACI Limited","70.26","70.26","OTC"
"Cedril 500 mg","Cedril 500 mg","Cefadroxil Monohydrate","500 mg","ক্যাপসুল","3 x 10","First generation cephalosporins","ACI Limited","12.05","12.05","OTC"
"CEE 1000 mg","CEE 1000 mg","Vitamin C [Ascorbic acid]","1000 mg","Effervescent Tablet","1 x 10","Vitamin-C Preparations","Renata PLC","10","10","OTC"
"Ceegram 1000 mg","Ceegram 1000 mg","Vitamin C [Ascorbic acid]","1000 mg","Effervescent Tablet","1 x 10","Vitamin-C Preparations","Incepta Pharmaceuticals Ltd.","10","10","OTC"
"Ceemet 250 mg","Ceemet 250 mg","Vitamin C [Ascorbic acid]","250 mg","Chewable Tablet","250's pack","Vitamin-C Preparations","Medimet Pharmaceuticals Ltd.","1.2","1.2","OTC"
"Ceeta 250 mg","Ceeta 250 mg","Vitamin C [Ascorbic acid]","250 mg","Chewable Tablet","200's pack","Vitamin-C Preparations","Syntho Laboratories Ltd.","0.82","0.82","OTC"
"Ceevit 100 mg/5 ml","Ceevit 100 mg/5 ml","Vitamin C [Ascorbic acid]","100 mg/5 ml","সিরাপ","একক","Vitamin-C Preparations","Square Pharmaceuticals PLC","40","40","OTC"
"Ceevit 250 mg","Ceevit 250 mg","Vitamin C [Ascorbic acid]","250 mg","Chewable Tablet","25 x 10","Vitamin-C Preparations","Square Pharmaceuticals PLC","1.9","1.9","OTC"
"Ceevit DS 500 mg","Ceevit DS 500 mg","Vitamin C [Ascorbic acid]","500 mg","Chewable Tablet","15 x 6","Vitamin-C Preparations","Square Pharmaceuticals PLC","3.5","3.5","OTC"
"Ceevit Forte 1000 mg","Ceevit Forte 1000 mg","Vitamin C [Ascorbic acid]","1000 mg","Effervescent Tablet","1 x 10","Vitamin-C Preparations","Square Pharmaceuticals PLC","18.4","18.4","OTC"
"Cef-3 100 mg/5 ml","Cef-3 100 mg/5 ml","Cefixime Trihydrate","100 mg/5 ml","পাউডার সাসপেনশন","একক","Third generation cephalosporins","Square Pharmaceuticals PLC","145","145","OTC"
"Cef-3 200 mg","Cef-3 200 mg","Cefixime Trihydrate","200 mg","ক্যাপসুল","2 x 7","Third generation cephalosporins","Square Pharmaceuticals PLC","45","45","OTC"
"Cef-3 25 mg/ml","Cef-3 25 mg/ml","Cefixime Trihydrate","25 mg/ml","Pediatric Drops","একক","Third generation cephalosporins","Square Pharmaceuticals PLC","100.3","100.3","OTC"
"Cef-3 DS 400 mg","Cef-3 DS 400 mg","Cefixime Trihydrate","400 mg","ক্যাপসুল","2 x 7","Third generation cephalosporins","Square Pharmaceuticals PLC","60","60","OTC"
"Cef-3 Forte 200 mg/5 ml","Cef-3 Forte 200 mg/5 ml","Cefixime Trihydrate","200 mg/5 ml","পাউডার সাসপেনশন","একক","Third generation cephalosporins","Square Pharmaceuticals PLC","350","350","OTC"
"Cef-3 Max 100 mg/ml","Cef-3 Max 100 mg/ml","Cefixime Trihydrate","100 mg/ml","Pediatric Drops","একক","Third generation cephalosporins","Square Pharmaceuticals PLC","250","250","OTC"
"Cef-Plus 100 mg/5 ml","Cef-Plus 100 mg/5 ml","Cefixime Trihydrate","100 mg/5 ml","পাউডার সাসপেনশন","একক","Third generation cephalosporins","Hudson Pharmaceuticals Ltd.","170","170","OTC"
"Cef-Plus 200 mg","Cef-Plus 200 mg","Cefixime Trihydrate","200 mg","ক্যাপসুল","12's pack","Third generation cephalosporins","Hudson Pharmaceuticals Ltd.","28","28","OTC"
"Cefa-4 1 gm/vial","Cefa-4 1 gm/vial","Cefepime Hydrochloride","1 gm/vial","IM/IV Injection","একক","Fourth generation cephalosporins","Popular Pharmaceuticals Ltd.","550","550","OTC"
"Cefa-4 2 gm/vial","Cefa-4 2 gm/vial","Cefepime Hydrochloride","2 gm/vial","IV Injection","একক","Fourth generation cephalosporins","Popular Pharmaceuticals Ltd.","1100","1100","OTC"
"Cefa-4 500 mg/vial","Cefa-4 500 mg/vial","Cefepime Hydrochloride","500 mg/vial","IM/IV Injection","একক","Fourth generation cephalosporins","Popular Pharmaceuticals Ltd.","300","300","OTC"
"Cefaclav (125 mg+31.25 mg)/5 ml","Cefaclav (125 mg+31.25 mg)/5 ml","Cefuroxime Axetil + Clavulanic Acid","125 mg+31.25 mg)/5 ml","পাউডার সাসপেনশন","একক","Second generation cephalosporins","Incepta Pharmaceuticals Ltd.","265","265","OTC"
"Cefaclav 125 mg+31.25 mg","Cefaclav 125 mg+31.25 mg","Cefuroxime Axetil + Clavulanic Acid","125 mg+31.25 mg","ট্যাবলেট","3 x 7","Second generation cephalosporins","Incepta Pharmaceuticals Ltd.","20","20","OTC"
"Cefaclav 250 mg+62.5 mg","Cefaclav 250 mg+62.5 mg","Cefuroxime Axetil + Clavulanic Acid","250 mg+62.5 mg","ট্যাবলেট","2 x 7","Second generation cephalosporins","Incepta Pharmaceuticals Ltd.","35","35","OTC"
"Cefaclav 500 mg+125 mg","Cefaclav 500 mg+125 mg","Cefuroxime Axetil + Clavulanic Acid","500 mg+125 mg","ট্যাবলেট","2 x 7","Second generation cephalosporins","Incepta Pharmaceuticals Ltd.","60","60","OTC"
"Cefadin 125 mg/5 ml","Cefadin 125 mg/5 ml","Cephradine","125 mg/5 ml","পাউডার সাসপেনশন","একক","First generation cephalosporins","Ziska Pharmaceuticals Ltd.","80","80","OTC"
"Cefadin 500 mg","Cefadin 500 mg","Cephradine","500 mg","ক্যাপসুল","4 x 7","First generation cephalosporins","Ziska Pharmaceuticals Ltd.","12","12","OTC"
"Cefador 125 mg/1.25 ml","Cefador 125 mg/1.25 ml","Cefadroxil Monohydrate","125 mg/1.25 ml","Pediatric Drops","একক","First generation cephalosporins","Somatec Pharmaceuticals Ltd.","50.19","50.19","OTC"
"Cefador 125 mg/5 ml","Cefador 125 mg/5 ml","Cefadroxil Monohydrate","125 mg/5 ml","পাউডার সাসপেনশন","একক","First generation cephalosporins","Somatec Pharmaceuticals Ltd.","70.26","70.26","OTC"
"Cefador 500 mg","Cefador 500 mg","Cefadroxil Monohydrate","500 mg","ক্যাপসুল","2 x 10","First generation cephalosporins","Somatec Pharmaceuticals Ltd.","12.05","12.05","OTC"
"Cefadyl 100 mg/5 ml","Cefadyl 100 mg/5 ml","Cefixime Trihydrate","100 mg/5 ml","পাউডার সাসপেনশন","একক","Third generation cephalosporins","Kumudini Pharma Ltd.","200","200","OTC"
"Cefadyl 200 mg","Cefadyl 200 mg","Cefixime Trihydrate","200 mg","ক্যাপসুল","3 x 6","Third generation cephalosporins","Kumudini Pharma Ltd.","40","40","OTC"
"Cefadyl 400 mg","Cefadyl 400 mg","Cefixime Trihydrate","400 mg","ক্যাপসুল","2 x 6","Third generation cephalosporins","Kumudini Pharma Ltd.","48","48","OTC"
"Cefadyl DS 200 mg/5 ml","Cefadyl DS 200 mg/5 ml","Cefixime Trihydrate","200 mg/5 ml","পাউডার সাসপেনশন","একক","Third generation cephalosporins","Kumudini Pharma Ltd.","300","300","OTC"
"Cefaking 1 gm/vial","Cefaking 1 gm/vial","Cefoperazone Sodium","1 gm/vial","IM/IV Injection","একক","Third generation cephalosporins","Drug International Ltd.","220","220","OTC"
"Cefaking 2 gm/vial","Cefaking 2 gm/vial","Cefoperazone Sodium","2 gm/vial","IM/IV Injection","একক","Third generation cephalosporins","Drug International Ltd.","400","400","OTC"
"Cefaking 500 mg/vial","Cefaking 500 mg/vial","Cefoperazone Sodium","500 mg/vial","IM/IV Injection","একক","Third generation cephalosporins","Drug International Ltd.","150","150","OTC"
"Cefalex 125 mg/5 ml","Cefalex 125 mg/5 ml","Cephalexin","125 mg/5 ml","পাউডার সাসপেনশন","একক","First generation cephalosporins","Drug International Ltd.","81","81","OTC"
"Cefalex 500 mg","Cefalex 500 mg","Cephalexin","500 mg","ক্যাপসুল","5 x 10","First generation cephalosporins","Drug International Ltd.","12.6","12.6","OTC"
"Cefalin 1 gm/vial","Cefalin 1 gm/vial","Cefazolin Sodium","1 gm/vial","IM/IV Injection","একক","First generation cephalosporins","Drug International Ltd.","200","200","OTC"
"Cefamax 200 mg","Cefamax 200 mg","Ceftibuten Dihydrate","200 mg","ক্যাপসুল","2 x 6","Third generation cephalosporins","Incepta Pharmaceuticals Ltd.","70","70","OTC"
"Cefamax 400 mg","Cefamax 400 mg","Ceftibuten Dihydrate","400 mg","ক্যাপসুল","2 x 4","Third generation cephalosporins","Incepta Pharmaceuticals Ltd.","120","120","OTC"
"Cefamax 90 mg/5 ml","Cefamax 90 mg/5 ml","Ceftibuten Dihydrate","90 mg/5 ml","পাউডার সাসপেনশন","একক","Third generation cephalosporins","Incepta Pharmaceuticals Ltd.","480","480","OTC"
"Cefamax DS 180 mg/5 ml","Cefamax DS 180 mg/5 ml","Ceftibuten Dihydrate","180 mg/5 ml","পাউডার সাসপেনশন","একক","Third generation cephalosporins","Incepta Pharmaceuticals Ltd.","800","800","OTC"
"Cefamil-5 600 mg/vial","Cefamil-5 600 mg/vial","Ceftaroline Fosamil","600 mg/vial","আইভি ইনফিউশন","একক","Fifth generation cephalosporins","Square Pharmaceuticals PLC","4500","4500","Rx"
"Cefasia 125 mg/5 ml","Cefasia 125 mg/5 ml","Cephradine","125 mg/5 ml","পাউডার সাসপেনশন","একক","First generation cephalosporins","Pharmasia Limited","80.31","80.31","OTC"
"Cefasia 500 mg","Cefasia 500 mg","Cephradine","500 mg","ক্যাপসুল","3 x 7","First generation cephalosporins","Pharmasia Limited","13","13","OTC"
"Cefasia DS 250 mg/5 ml","Cefasia DS 250 mg/5 ml","Cephradine","250 mg/5 ml","পাউডার সাসপেনশন","একক","First generation cephalosporins","Pharmasia Limited","140","140","OTC"
"Cefaten 400 mg","Cefaten 400 mg","Ceftibuten Dihydrate","400 mg","ক্যাপসুল","2 x 4","Third generation cephalosporins","Eskayef Pharmaceuticals Ltd.","120","120","OTC"
"Cefaten 90 mg/5 ml","Cefaten 90 mg/5 ml","Ceftibuten Dihydrate","90 mg/5 ml","পাউডার সাসপেনশন","একক","Third generation cephalosporins","Eskayef Pharmaceuticals Ltd.","465","465","OTC"
"Cefaz 1 gm/vial","Cefaz 1 gm/vial","Ceftriaxone Sodium","1 gm/vial","IV Injection","একক","Third generation cephalosporins","Astra Biopharmaceuticals Ltd.","190","190","OTC"
"Cefaz 2 gm/vial","Cefaz 2 gm/vial","Ceftriaxone Sodium","2 gm/vial","IV Injection","একক","Third generation cephalosporins","Astra Biopharmaceuticals Ltd.","300","300","OTC"
"Cefazid 1 gm/vial","Cefazid 1 gm/vial","Ceftazidime Pentahydrate","1 gm/vial","IM/IV Injection","একক","Third generation cephalosporins","Renata PLC","240","240","OTC"
"Cefazid 250 mg/vial","Cefazid 250 mg/vial","Ceftazidime Pentahydrate","250 mg/vial","IM/IV Injection","একক","Third generation cephalosporins","Renata PLC","85","85","OTC"
"Cefazid 500 mg/vial","Cefazid 500 mg/vial","Ceftazidime Pentahydrate","500 mg/vial","IM/IV Injection","একক","Third generation cephalosporins","Renata PLC","130","130","OTC"
"Cefazol 1 gm/vial","Cefazol 1 gm/vial","Cefazolin Sodium","1 gm/vial","IM/IV Injection","একক","First generation cephalosporins","Incepta Pharmaceuticals Ltd.","200","200","OTC"
"Cefazol 500 mg/vial","Cefazol 500 mg/vial","Cefazolin Sodium","500 mg/vial","IM/IV Injection","একক","First generation cephalosporins","Incepta Pharmaceuticals Ltd.","125","125","OTC"
"Cefazoline Panpharma 1 gm/5 ml","Cefazoline Panpharma 1 gm/5 ml","Cefazolin Sodium","1 gm/5 ml","IM/IV Injection","একক","First generation cephalosporins","City Overseas Ltd.","200","200","OTC"
"Cefazone 1 gm/vial","Cefazone 1 gm/vial","Cefoperazone Sodium","1 gm/vial","IM/IV Injection","একক","Third generation cephalosporins","Incepta Pharmaceuticals Ltd.","250","250","OTC"
"Cefazone 2 gm/vial","Cefazone 2 gm/vial","Cefoperazone Sodium","2 gm/vial","IM/IV Injection","একক","Third generation cephalosporins","Incepta Pharmaceuticals Ltd.","400","400","OTC"
"Cefcare 125 mg/1.25 ml","Cefcare 125 mg/1.25 ml","Cefadroxil Monohydrate","125 mg/1.25 ml","Pediatric Drops","একক","First generation cephalosporins","Navana Pharmaceuticals Ltd.","50","50","OTC"
"Cefcare 125 mg/5 ml","Cefcare 125 mg/5 ml","Cefadroxil Monohydrate","125 mg/5 ml","পাউডার সাসপেনশন","একক","First generation cephalosporins","Navana Pharmaceuticals Ltd.","95","95","OTC"
"Cefcare 500 mg","Cefcare 500 mg","Cefadroxil Monohydrate","500 mg","ক্যাপসুল","2 x 6","First generation cephalosporins","Navana Pharmaceuticals Ltd.","15","15","OTC"
"Cefdiren 200 mg","Cefdiren 200 mg","Cefditoren","200 mg","ট্যাবলেট","1 x 8","Third generation cephalosporins","The IBN SINA Pharmaceutical PLC","150","150","OTC"
"Cefdiren 400 mg","Cefdiren 400 mg","Cefditoren","400 mg","ট্যাবলেট","1 x 8","Third generation cephalosporins","The IBN SINA Pharmaceutical PLC","250","250","OTC"
"Cefditor 200 mg","Cefditor 200 mg","Cefditoren","200 mg","ট্যাবলেট","2 x 4","Third generation cephalosporins","Orion Pharma Ltd.","150.45","150.45","OTC"
"Cefditor 400 mg","Cefditor 400 mg","Cefditoren","400 mg","ট্যাবলেট","1 x 4","Third generation cephalosporins","Orion Pharma Ltd.","250","250","OTC"
"Cefdox 100 mg","Cefdox 100 mg","Cefpodoxime Proxetil","100 mg","ক্যাপসুল","1 x 6","Third generation cephalosporins","ACI Limited","22.13","22.13","OTC"
"Cefdox 20 mg/ml","Cefdox 20 mg/ml","Cefpodoxime Proxetil","20 mg/ml","Pediatric Drops","একক","Third generation cephalosporins","ACI Limited","60.41","60.41","OTC"
"Cefdox 200 mg","Cefdox 200 mg","Cefpodoxime Proxetil","200 mg","ট্যাবলেট","2 x 6","Third generation cephalosporins","ACI Limited","37","37","OTC"
"Cefdox 40 mg/5 ml","Cefdox 40 mg/5 ml","Cefpodoxime Proxetil","40 mg/5 ml","পাউডার সাসপেনশন","একক","Third generation cephalosporins","ACI Limited","98.67","98.67","OTC"
"Cefdox DS 80 mg/5 ml","Cefdox DS 80 mg/5 ml","Cefpodoxime Proxetil","80 mg/5 ml","পাউডার সাসপেনশন","একক","Third generation cephalosporins","ACI Limited","176.19","176.19","OTC"
"Ceferon 100 mg/5 ml","Ceferon 100 mg/5 ml","Cefixime Trihydrate","100 mg/5 ml","পাউডার সাসপেনশন","একক","Third generation cephalosporins","Aexim Pharmaceuticals Ltd.","130","130","OTC"
"Ceferon 200 mg","Ceferon 200 mg","Cefixime Trihydrate","200 mg","ক্যাপসুল","2 x 6","Third generation cephalosporins","Aexim Pharmaceuticals Ltd.","25","25","OTC"
"Cefesta 100 mg/5 ml","Cefesta 100 mg/5 ml","Cefixime Trihydrate","100 mg/5 ml","পাউডার সাসপেনশন","একক","Third generation cephalosporins","APC Pharma Ltd.","86","86","OTC"
"Cefesta 200 mg","Cefesta 200 mg","Cefixime Trihydrate","200 mg","ক্যাপসুল","8's pack","Third generation cephalosporins","APC Pharma Ltd.","30","30","OTC"
"Cefexta 125 mg/5 ml","Cefexta 125 mg/5 ml","Cefdinir","125 mg/5 ml","পাউডার সাসপেনশন","একক","Third generation cephalosporins","UniMed UniHealth Pharmaceuticals Ltd.","225","225","OTC"
"Cefexta 300 mg","Cefexta 300 mg","Cefdinir","300 mg","ক্যাপসুল","2 x 4","Third generation cephalosporins","UniMed UniHealth Pharmaceuticals Ltd.","57","57","OTC"
"Ceficap 100 mg/5 ml","Ceficap 100 mg/5 ml","Cefixime Trihydrate","100 mg/5 ml","পাউডার সাসপেনশন","একক","Third generation cephalosporins","Euro Pharma Ltd.","210","210","OTC"
"Ceficap 200 mg","Ceficap 200 mg","Cefixime Trihydrate","200 mg","ক্যাপসুল","2 x 6","Third generation cephalosporins","Euro Pharma Ltd.","40","40","OTC"
"Ceficap 400 mg","Ceficap 400 mg","Cefixime Trihydrate","400 mg","ক্যাপসুল","2 x 4","Third generation cephalosporins","Euro Pharma Ltd.","55","55","OTC"
"Cefida 125 mg/5 ml","Cefida 125 mg/5 ml","Cefdinir","125 mg/5 ml","পাউডার সাসপেনশন","একক","Third generation cephalosporins","Beximco Pharmaceuticals Ltd.","176","176","OTC"
"Cefida 300 mg","Cefida 300 mg","Cefdinir","300 mg","ক্যাপসুল","2 x 4","Third generation cephalosporins","Beximco Pharmaceuticals Ltd.","45","45","OTC"
"Cefiget 100 mg/5 ml","Cefiget 100 mg/5 ml","Cefixime Trihydrate","100 mg/5 ml","পাউডার সাসপেনশন","একক","Third generation cephalosporins","Get Well Limited","205","205","OTC"
"Cefiget 200 mg","Cefiget 200 mg","Cefixime Trihydrate","200 mg","ক্যাপসুল","একক","Third generation cephalosporins","Get Well Limited","34","34","OTC"
"Cefiget 25 mg/ml","Cefiget 25 mg/ml","Cefixime Trihydrate","25 mg/ml","Pediatric Drops","একক","Third generation cephalosporins","Get Well Limited","90","90","OTC"
"Cefiget 400 mg","Cefiget 400 mg","Cefixime Trihydrate","400 mg","ক্যাপসুল","একক","Third generation cephalosporins","Get Well Limited","49","49","OTC"
"Cefim-3 100 mg/5 ml","Cefim-3 100 mg/5 ml","Cefixime Trihydrate","100 mg/5 ml","পাউডার সাসপেনশন","একক","Third generation cephalosporins","ACI Limited","145","145","OTC"
"Cefim-3 200 mg","Cefim-3 200 mg","Cefixime Trihydrate","200 mg","ক্যাপসুল","2 x 7","Third generation cephalosporins","ACI Limited","45","45","OTC"
"Cefim-3 200 mg","Cefim-3 200 mg","Cefixime Trihydrate","200 mg","ট্যাবলেট","2 x 7","Third generation cephalosporins","ACI Limited","34","34","OTC"
"Cefim-3 25 mg/ml","Cefim-3 25 mg/ml","Cefixime Trihydrate","25 mg/ml","Pediatric Drops","একক","Third generation cephalosporins","ACI Limited","100","100","OTC"
"Cefim-3 DS 200 mg/5 ml","Cefim-3 DS 200 mg/5 ml","Cefixime Trihydrate","200 mg/5 ml","পাউডার সাসপেনশন","একক","Third generation cephalosporins","ACI Limited","320","320","OTC"
"Cefim-3 DS 400 mg","Cefim-3 DS 400 mg","Cefixime Trihydrate","400 mg","ক্যাপসুল","2 x 7","Third generation cephalosporins","ACI Limited","60","60","OTC"
"Cefim-3 DS 400 mg","Cefim-3 DS 400 mg","Cefixime Trihydrate","400 mg","ট্যাবলেট","1 x 7","Third generation cephalosporins","ACI Limited","50.14","50.14","OTC"
"Cefimax 100 mg/5 ml","Cefimax 100 mg/5 ml","Cefixime Trihydrate","100 mg/5 ml","পাউডার সাসপেনশন","একক","Third generation cephalosporins","SMC Enterprise Ltd","175","175","OTC"
"Cefimax 200 mg","Cefimax 200 mg","Cefixime Trihydrate","200 mg","ক্যাপসুল","2 x 6","Third generation cephalosporins","SMC Enterprise Ltd","35","35","OTC"
"Cefimax 400 mg","Cefimax 400 mg","Cefixime Trihydrate","400 mg","ক্যাপসুল","2 x 6","Third generation cephalosporins","SMC Enterprise Ltd","55","55","OTC"
"Cefinaaf 100 mg/5 ml","Cefinaaf 100 mg/5 ml","Cefixime Trihydrate","100 mg/5 ml","পাউডার সাসপেনশন","একক","Third generation cephalosporins","Naafco Pharma PLC","280","280","OTC"
"Cefinaaf 200 mg","Cefinaaf 200 mg","Cefixime Trihydrate","200 mg","ক্যাপসুল","2 x 7","Third generation cephalosporins","Naafco Pharma PLC","38","38","OTC"
"Cefinaaf 400 mg","Cefinaaf 400 mg","Cefixime Trihydrate","400 mg","ক্যাপসুল","1 x 7","Third generation cephalosporins","Naafco Pharma PLC","55","55","OTC"
"Cefipod 100 mg","Cefipod 100 mg","Cefpodoxime Proxetil","100 mg","ক্যাপসুল","2 x 4","Third generation cephalosporins","Asiatic Laboratories Ltd.","14","14","OTC"
"Cefipod 20 mg/ml","Cefipod 20 mg/ml","Cefpodoxime Proxetil","20 mg/ml","Pediatric Drops","একক","Third generation cephalosporins","Asiatic Laboratories Ltd.","60","60","OTC"
"Cefipod 200 mg","Cefipod 200 mg","Cefpodoxime Proxetil","200 mg","ক্যাপসুল","1 x 6","Third generation cephalosporins","Asiatic Laboratories Ltd.","25","25","OTC"
"Cefipod 40 mg/5 ml","Cefipod 40 mg/5 ml","Cefpodoxime Proxetil","40 mg/5 ml","পাউডার সাসপেনশন","একক","Third generation cephalosporins","Asiatic Laboratories Ltd.","98","98","OTC"
"Cefipod DS 80 mg/5 ml","Cefipod DS 80 mg/5 ml","Cefpodoxime Proxetil","80 mg/5 ml","পাউডার সাসপেনশন","একক","Third generation cephalosporins","Asiatic Laboratories Ltd.","175","175","OTC"
"Cefivic 100 mg/5 ml","Cefivic 100 mg/5 ml","Cefixime Trihydrate","100 mg/5 ml","পাউডার সাসপেনশন","একক","Third generation cephalosporins","Goodman Pharmaceuticals Ltd.","200","200","OTC"
"Cefivic 200 mg","Cefivic 200 mg","Cefixime Trihydrate","200 mg","ক্যাপসুল","2 x 7","Third generation cephalosporins","Goodman Pharmaceuticals Ltd.","30","30","OTC"
"Cefivic 400 mg","Cefivic 400 mg","Cefixime Trihydrate","400 mg","ক্যাপসুল","1 x 7","Third generation cephalosporins","Goodman Pharmaceuticals Ltd.","50","50","OTC"
"Cefivic DS 200 mg/5 ml","Cefivic DS 200 mg/5 ml","Cefixime Trihydrate","200 mg/5 ml","পাউডার সাসপেনশন","একক","Third generation cephalosporins","Goodman Pharmaceuticals Ltd.","300","300","OTC"
"Cefiwell 100 mg/5 ml","Cefiwell 100 mg/5 ml","Cefixime Trihydrate","100 mg/5 ml","পাউডার সাসপেনশন","একক","Third generation cephalosporins","National Drug Co. Ltd.","230","230","OTC"
"Cefiwell 200 mg","Cefiwell 200 mg","Cefixime Trihydrate","200 mg","ক্যাপসুল","2 x 7","Third generation cephalosporins","National Drug Co. Ltd.","45","45","OTC"
"Cefiwell 200 mg/5 ml","Cefiwell 200 mg/5 ml","Cefixime Trihydrate","200 mg/5 ml","পাউডার সাসপেনশন","একক","Third generation cephalosporins","National Drug Co. Ltd.","350","350","OTC"
"Cefix 100 mg/5 ml","Cefix 100 mg/5 ml","Cefixime Trihydrate","100 mg/5 ml","পাউডার সাসপেনশন","একক","Third generation cephalosporins","Globe Pharmaceuticals Ltd.","210","210","OTC"
"Cefix 200 mg","Cefix 200 mg","Cefixime Trihydrate","200 mg","ক্যাপসুল","2 x 6","Third generation cephalosporins","Globe Pharmaceuticals Ltd.","35","35","OTC"
"Cefix 400 mg","Cefix 400 mg","Cefixime Trihydrate","400 mg","ক্যাপসুল","1 x 6","Third generation cephalosporins","Globe Pharmaceuticals Ltd.","50","50","OTC"
"Cefix DS 200 mg/5 ml","Cefix DS 200 mg/5 ml","Cefixime Trihydrate","200 mg/5 ml","পাউডার সাসপেনশন","একক","Third generation cephalosporins","Globe Pharmaceuticals Ltd.","225","225","OTC"
"Cefixic 100 mg/5 ml","Cefixic 100 mg/5 ml","Cefixime Trihydrate","100 mg/5 ml","পাউডার সাসপেনশন","একক","Third generation cephalosporins","Physic pharmaceuticals ltd.","221","221","OTC"
"Cefixic 200 mg","Cefixic 200 mg","Cefixime Trihydrate","200 mg","ক্যাপসুল","2 x 7","Third generation cephalosporins","Physic pharmaceuticals ltd.","40","40","OTC"
"Cefixic 400 mg","Cefixic 400 mg","Cefixime Trihydrate","400 mg","ক্যাপসুল","1 x 7","Third generation cephalosporins","Physic pharmaceuticals ltd.","55","55","OTC"
"Cefixim 100 mg/5 ml","Cefixim 100 mg/5 ml","Cefixime Trihydrate","100 mg/5 ml","পাউডার সাসপেনশন","একক","Third generation cephalosporins","The IBN SINA Pharmaceutical PLC","130","130","OTC"
"Cefixim 200 mg","Cefixim 200 mg","Cefixime Trihydrate","200 mg","ক্যাপসুল","2 x 10","Third generation cephalosporins","The IBN SINA Pharmaceutical PLC","35","35","OTC"
"Cefixim 25 mg/ml","Cefixim 25 mg/ml","Cefixime Trihydrate","25 mg/ml","Pediatric Drops","একক","Third generation cephalosporins","The IBN SINA Pharmaceutical PLC","100","100","OTC"
"Cefixim 400 mg","Cefixim 400 mg","Cefixime Trihydrate","400 mg","ক্যাপসুল","2 x 10","Third generation cephalosporins","The IBN SINA Pharmaceutical PLC","55","55","OTC"
"Cefixim DS 200 mg/5 ml","Cefixim DS 200 mg/5 ml","Cefixime Trihydrate","200 mg/5 ml","পাউডার সাসপেনশন","একক","Third generation cephalosporins","The IBN SINA Pharmaceutical PLC","280","280","OTC"
"Cefixime-A 100 mg/5 ml","Cefixime-A 100 mg/5 ml","Cefixime Trihydrate","100 mg/5 ml","পাউডার সাসপেনশন","একক","Third generation cephalosporins","Ad-din Pharmaceuticals Ltd.","210","210","OTC"
"Cefixime-A 200 mg","Cefixime-A 200 mg","Cefixime Trihydrate","200 mg","ক্যাপসুল","2 x 7","Third generation cephalosporins","Ad-din Pharmaceuticals Ltd.","45","45","OTC"
"Cefixime-A 400 mg","Cefixime-A 400 mg","Cefixime Trihydrate","400 mg","ক্যাপসুল","2 x 7","Third generation cephalosporins","Ad-din Pharmaceuticals Ltd.","65","65","OTC"
"Cefixon 1 gm/vial","Cefixon 1 gm/vial","Ceftriaxone Sodium","1 gm/vial","IV Injection","একক","Third generation cephalosporins","Techno Drugs Ltd.","200","200","OTC"
"Cefixon 2 gm/vial","Cefixon 2 gm/vial","Ceftriaxone Sodium","2 gm/vial","IV Injection","একক","Third generation cephalosporins","Techno Drugs Ltd.","300","300","OTC"
"Cefixon 500 mg/vial","Cefixon 500 mg/vial","Ceftriaxone Sodium","500 mg/vial","IV Injection","একক","Third generation cephalosporins","Techno Drugs Ltd.","150","150","OTC"
"Ceflin 125 mg/5 ml","Ceflin 125 mg/5 ml","Cephradine","125 mg/5 ml","পাউডার সাসপেনশন","একক","First generation cephalosporins","Nipa Pharmaceuticals Ltd.","85","85","OTC"
"Ceflin 500 mg","Ceflin 500 mg","Cephradine","500 mg","ক্যাপসুল","5 x 4","First generation cephalosporins","Nipa Pharmaceuticals Ltd.","13.5","13.5","OTC"
"Ceflon 125 mg/1.25 ml","Ceflon 125 mg/1.25 ml","Cefaclor Monohydrate","125 mg/1.25 ml","Pediatric Drops","একক","Second generation cephalosporins","Eskayef Pharmaceuticals Ltd.","135","135","OTC"
"Ceflon 125 mg/5 ml","Ceflon 125 mg/5 ml","Cefaclor Monohydrate","125 mg/5 ml","পাউডার সাসপেনশন","একক","Second generation cephalosporins","Eskayef Pharmaceuticals Ltd.","200","200","OTC"
"Ceflon 250 mg","Ceflon 250 mg","Cefaclor Monohydrate","250 mg","ক্যাপসুল","2 x 8","Second generation cephalosporins","Eskayef Pharmaceuticals Ltd.","16","16","OTC"
"Ceflon 500 mg","Ceflon 500 mg","Cefaclor Monohydrate","500 mg","ক্যাপসুল","1 x 8","Second generation cephalosporins","Eskayef Pharmaceuticals Ltd.","30","30","OTC"
"Cefmix 100 mg/5 ml","Cefmix 100 mg/5 ml","Cefixime Trihydrate","100 mg/5 ml","পাউডার সাসপেনশন","একক","Third generation cephalosporins","Monicopharma Ltd.","195","195","OTC"
"Cefmix 200 mg","Cefmix 200 mg","Cefixime Trihydrate","200 mg","ক্যাপসুল","3 x 4","Third generation cephalosporins","Monicopharma Ltd.","35","35","OTC"
"Cefmix 400 mg","Cefmix 400 mg","Cefixime Trihydrate","400 mg","ক্যাপসুল","2 x 4","Third generation cephalosporins","Monicopharma Ltd.","50","50","OTC"
"Cefobac 125 mg/5 ml","Cefobac 125 mg/5 ml","Cefuroxime Axetil","125 mg/5 ml","পাউডার সাসপেনশন","একক","Second generation cephalosporins","Popular Pharmaceuticals Ltd.","198.75","198.75","OTC"
"Cefobac 250 mg","Cefobac 250 mg","Cefuroxime Axetil","250 mg","ট্যাবলেট","2 x 10","Second generation cephalosporins","Popular Pharmaceuticals Ltd.","25.09","25.09","OTC"
"Cefobac 500 mg","Cefobac 500 mg","Cefuroxime Axetil","500 mg","ট্যাবলেট","2 x 4","Second generation cephalosporins","Popular Pharmaceuticals Ltd.","45.17","45.17","OTC"
"Cefobac 750 mg/vial","Cefobac 750 mg/vial","Cefuroxime Axetil","750 mg/vial","IM/IV Injection","একক","Second generation cephalosporins","Popular Pharmaceuticals Ltd.","125.27","125.27","OTC"
"Cefobid 200 mg","Cefobid 200 mg","Cefpodoxime Proxetil","200 mg","ক্যাপসুল","2 x 4","Third generation cephalosporins","UniMed UniHealth Pharmaceuticals Ltd.","42","42","OTC"
"Cefobid 40 mg/5 ml","Cefobid 40 mg/5 ml","Cefpodoxime Proxetil","40 mg/5 ml","পাউডার সাসপেনশন","একক","Third generation cephalosporins","UniMed UniHealth Pharmaceuticals Ltd.","98","98","OTC"
"Cefocef 100 mg/5 ml","Cefocef 100 mg/5 ml","Cefixime Trihydrate","100 mg/5 ml","পাউডার সাসপেনশন","একক","Third generation cephalosporins","Pharmadesh Laboratories Ltd.","175","175","OTC"
"Cefocef 200 mg","Cefocef 200 mg","Cefixime Trihydrate","200 mg","ক্যাপসুল","8's pack","Third generation cephalosporins","Pharmadesh Laboratories Ltd.","25.09","25.09","OTC"
"Cefocef DS 400 mg","Cefocef DS 400 mg","Cefixime Trihydrate","400 mg","ক্যাপসুল","4's pack","Third generation cephalosporins","Pharmadesh Laboratories Ltd.","45.16","45.16","OTC"
"Cefodim 100 mg","Cefodim 100 mg","Cefpodoxime Proxetil","100 mg","ক্যাপসুল","2 x 10","Third generation cephalosporins","Pacific Pharmaceuticals Ltd.","22","22","OTC"
"Cefodim 200 mg","Cefodim 200 mg","Cefpodoxime Proxetil","200 mg","ক্যাপসুল","1 x 10","Third generation cephalosporins","Pacific Pharmaceuticals Ltd.","40","40","OTC"
"Cefodim 40 mg/5 ml","Cefodim 40 mg/5 ml","Cefpodoxime Proxetil","40 mg/5 ml","পাউডার সাসপেনশন","একক","Third generation cephalosporins","Pacific Pharmaceuticals Ltd.","95","95","OTC"
"Cefodox 100 mg","Cefodox 100 mg","Cefpodoxime Proxetil","100 mg","ক্যাপসুল","4's pack","Third generation cephalosporins","Bristol Pharmaceuticals Ltd.","22","22","OTC"
"Cefodox 40 mg/5 ml","Cefodox 40 mg/5 ml","Cefpodoxime Proxetil","40 mg/5 ml","পাউডার সাসপেনশন","একক","Third generation cephalosporins","Bristol Pharmaceuticals Ltd.","95","95","OTC"
"Cefoject 1 gm/vial","Cefoject 1 gm/vial","Cefoperazone Sodium","1 gm/vial","IM/IV Injection","একক","Third generation cephalosporins","Eskayef Pharmaceuticals Ltd.","250","250","OTC"
"Cefokid 40 mg/5 ml","Cefokid 40 mg/5 ml","Cefpodoxime Proxetil","40 mg/5 ml","পাউডার সাসপেনশন","একক","Third generation cephalosporins","Euro Pharma Ltd.","98","98","OTC"
"Cefokid DS 80 mg/5 ml","Cefokid DS 80 mg/5 ml","Cefpodoxime Proxetil","80 mg/5 ml","পাউডার সাসপেনশন","একক","Third generation cephalosporins","Euro Pharma Ltd.","175","175","OTC"
"Cefomin 40 mg/5 ml","Cefomin 40 mg/5 ml","Cefpodoxime Proxetil","40 mg/5 ml","পাউডার সাসপেনশন","একক","Third generation cephalosporins","Popular Pharmaceuticals Ltd.","90","90","OTC"
"Cefone 1 gm/vial","Cefone 1 gm/vial","Ceftriaxone Sodium","1 gm/vial","IV Injection","একক","Third generation cephalosporins","Sharif Pharmaceuticals Ltd.","180.54","180.54","OTC"
"Cefone 2 gm/vial","Cefone 2 gm/vial","Ceftriaxone Sodium","2 gm/vial","IV Injection","একক","Third generation cephalosporins","Sharif Pharmaceuticals Ltd.","260.79","260.79","OTC"
"Cefone 250 mg/vial","Cefone 250 mg/vial","Ceftriaxone Sodium","250 mg/vial","IM Injection","একক","Third generation cephalosporins","Sharif Pharmaceuticals Ltd.","90.28","90.28","OTC"
"Cefone 500 mg/vial","Cefone 500 mg/vial","Ceftriaxone Sodium","500 mg/vial","IM Injection","একক","Third generation cephalosporins","Sharif Pharmaceuticals Ltd.","120.37","120.37","OTC"
"Cefopar 1 gm/vial","Cefopar 1 gm/vial","Cefoperazone Sodium","1 gm/vial","IM/IV Injection","একক","Third generation cephalosporins","Opsonin Pharma Ltd.","220","220","OTC"
"Cefopar 2 gm/vial","Cefopar 2 gm/vial","Cefoperazone Sodium","2 gm/vial","IM/IV Injection","একক","Third generation cephalosporins","Opsonin Pharma Ltd.","400","400","OTC"
"Cefopar 500 mg/vial","Cefopar 500 mg/vial","Cefoperazone Sodium","500 mg/vial","IM/IV Injection","একক","Third generation cephalosporins","Opsonin Pharma Ltd.","150","150","OTC"
"Cefopen 1 gm/vial","Cefopen 1 gm/vial","Cefoperazone Sodium","1 gm/vial","IM/IV Injection","একক","Third generation cephalosporins","Square Pharmaceuticals PLC","250","250","OTC"
"Cefopen 2 gm/vial","Cefopen 2 gm/vial","Cefoperazone Sodium","2 gm/vial","IM/IV Injection","একক","Third generation cephalosporins","Square Pharmaceuticals PLC","400","400","OTC"
"Cefoprox 40 mg/5 ml","Cefoprox 40 mg/5 ml","Cefpodoxime Proxetil","40 mg/5 ml","পাউডার সাসপেনশন","একক","Third generation cephalosporins","Leon Pharmaceuticals Ltd.","98","98","OTC"
"Cefoprox DS 80 mg/5 ml","Cefoprox DS 80 mg/5 ml","Cefpodoxime Proxetil","80 mg/5 ml","পাউডার সাসপেনশন","একক","Third generation cephalosporins","Leon Pharmaceuticals Ltd.","175","175","OTC"
"Ceforan 100 mg","Ceforan 100 mg","Cefpodoxime Proxetil","100 mg","ট্যাবলেট","2 x 7","Third generation cephalosporins","Drug International Ltd.","17.05","17.05","OTC"
"Ceforan 200 mg","Ceforan 200 mg","Cefpodoxime Proxetil","200 mg","ট্যাবলেট","2 x 7","Third generation cephalosporins","Drug International Ltd.","32","32","OTC"
"Ceforan 40 mg/5 ml","Ceforan 40 mg/5 ml","Cefpodoxime Proxetil","40 mg/5 ml","পাউডার সাসপেনশন","একক","Third generation cephalosporins","Drug International Ltd.","85","85","OTC"
"Ceforan DS 80 mg/5 ml","Ceforan DS 80 mg/5 ml","Cefpodoxime Proxetil","80 mg/5 ml","পাউডার সাসপেনশন","একক","Third generation cephalosporins","Drug International Ltd.","175","175","OTC"
"Cefot 1 gm/10 ml","Cefot 1 gm/10 ml","Cefotaxime","1 gm/10 ml","IM/IV Injection","একক","Third generation cephalosporins","ACI Limited","132.4","132.4","OTC"
"Cefot 2 gm/10 ml","Cefot 2 gm/10 ml","Cefotaxime","2 gm/10 ml","IM/IV Injection","একক","Third generation cephalosporins","ACI Limited","250.75","250.75","OTC"
"Cefot 250 mg/5 ml","Cefot 250 mg/5 ml","Cefotaxime","250 mg/5 ml","IM/IV Injection","একক","Third generation cephalosporins","ACI Limited","50.15","50.15","OTC"
"Cefot 500 mg/10 ml","Cefot 500 mg/10 ml","Cefotaxime","500 mg/10 ml","IM/IV Injection","একক","Third generation cephalosporins","ACI Limited","76.23","76.23","OTC"
"Cefotax 1 gm/10 ml","Cefotax 1 gm/10 ml","Cefotaxime","1 gm/10 ml","IM/IV Injection","একক","Third generation cephalosporins","Renata PLC","180","180","OTC"
"Cefotax 250 mg/5 ml","Cefotax 250 mg/5 ml","Cefotaxime","250 mg/5 ml","IM/IV Injection","একক","Third generation cephalosporins","Renata PLC","75","75","OTC"
"Cefotax 500 mg/10 ml","Cefotax 500 mg/10 ml","Cefotaxime","500 mg/10 ml","IM/IV Injection","একক","Third generation cephalosporins","Renata PLC","100","100","OTC"
"Cefotil 1.5 gm/vial","Cefotil 1.5 gm/vial","Cefuroxime Axetil","1.5 gm/vial","IV Injection","একক","Second generation cephalosporins","Square Pharmaceuticals PLC","250","250","OTC"
"Cefotil 125 mg/5 ml","Cefotil 125 mg/5 ml","Cefuroxime Axetil","125 mg/5 ml","পাউডার সাসপেনশন","একক","Second generation cephalosporins","Square Pharmaceuticals PLC","240","240","OTC"
"Cefotil 250 mg","Cefotil 250 mg","Cefuroxime Axetil","250 mg","ট্যাবলেট","2 x 10","Second generation cephalosporins","Square Pharmaceuticals PLC","25.17","25.17","OTC"
"Cefotil 500 mg","Cefotil 500 mg","Cefuroxime Axetil","500 mg","ট্যাবলেট","2 x 6","Second generation cephalosporins","Square Pharmaceuticals PLC","45.29","45.29","OTC"
"Cefotil 750 mg/vial","Cefotil 750 mg/vial","Cefuroxime Axetil","750 mg/vial","IM/IV Injection","একক","Second generation cephalosporins","Square Pharmaceuticals PLC","132","132","OTC"
"Cefotil Plus (125 mg+31.25 mg)/5 ml","Cefotil Plus (125 mg+31.25 mg)/5 ml","Cefuroxime Axetil + Clavulanic Acid","125 mg+31.25 mg)/5 ml","পাউডার সাসপেনশন","একক","Second generation cephalosporins","Square Pharmaceuticals PLC","285","285","OTC"
"Cefotil Plus 250 mg+62.5 mg","Cefotil Plus 250 mg+62.5 mg","Cefuroxime Axetil + Clavulanic Acid","250 mg+62.5 mg","ট্যাবলেট","2 x 6","Second generation cephalosporins","Square Pharmaceuticals PLC","35","35","OTC"
"Cefotil Plus 500 mg+125 mg","Cefotil Plus 500 mg+125 mg","Cefuroxime Axetil + Clavulanic Acid","500 mg+125 mg","ট্যাবলেট","2 x 6","Second generation cephalosporins","Square Pharmaceuticals PLC","60","60","OTC"
"Cefotime 1 gm/10 ml","Cefotime 1 gm/10 ml","Cefotaxime","1 gm/10 ml","IM/IV Injection","একক","Third generation cephalosporins","Incepta Pharmaceuticals Ltd.","150","150","OTC"
"Cefotime 250 mg/5 ml","Cefotime 250 mg/5 ml","Cefotaxime","250 mg/5 ml","IM/IV Injection","একক","Third generation cephalosporins","Incepta Pharmaceuticals Ltd.","57","57","OTC"
"Cefotime 500 mg/10 ml","Cefotime 500 mg/10 ml","Cefotaxime","500 mg/10 ml","IM/IV Injection","একক","Third generation cephalosporins","Incepta Pharmaceuticals Ltd.","87","87","OTC"
"Cefoxguard 2 gm/vial","Cefoxguard 2 gm/vial","Ceftriaxone Sodium","2 gm/vial","IV Injection","একক","Third generation cephalosporins","Guardian Healthcare Ltd.","300","300","OTC"
"Cefoxguard 500 mg/vial","Cefoxguard 500 mg/vial","Ceftriaxone Sodium","500 mg/vial","IM Injection","একক","Third generation cephalosporins","Guardian Healthcare Ltd.","120","120","OTC"
"Cefoxil 125 mg/5 ml","Cefoxil 125 mg/5 ml","Cefuroxime Axetil","125 mg/5 ml","পাউডার সাসপেনশন","একক","Second generation cephalosporins","Rephco Pharmaceuticals Ltd.","200","200","OTC"
"Cefoxil 250 mg","Cefoxil 250 mg","Cefuroxime Axetil","250 mg","ট্যাবলেট","12's pack","Second generation cephalosporins","Rephco Pharmaceuticals Ltd.","25","25","OTC"
"Cefoxil 500 mg","Cefoxil 500 mg","Cefuroxime Axetil","500 mg","ট্যাবলেট","8's pack","Second generation cephalosporins","Rephco Pharmaceuticals Ltd.","45","45","OTC"
"Cefpod 100 mg","Cefpod 100 mg","Cefpodoxime Proxetil","100 mg","ট্যাবলেট","2 x 3","Third generation cephalosporins","Zenith Pharmaceuticals Ltd.","22","22","OTC"
"Cefracef 125 mg/5 ml","Cefracef 125 mg/5 ml","Cephradine","125 mg/5 ml","পাউডার সাসপেনশন","একক","First generation cephalosporins","NIPRO JMI Pharma Ltd.","95","95","OTC"
"Cefracef 250 mg","Cefracef 250 mg","Cephradine","250 mg","ক্যাপসুল","3 x 10","First generation cephalosporins","NIPRO JMI Pharma Ltd.","8","8","OTC"
"Cefracef 500 mg","Cefracef 500 mg","Cephradine","500 mg","ক্যাপসুল","6 x 4","First generation cephalosporins","NIPRO JMI Pharma Ltd.","15","15","OTC"
"Ceframax 500 mg","Ceframax 500 mg","Cephradine","500 mg","ক্যাপসুল","3 x 10","First generation cephalosporins","SMC Enterprise Ltd","12","12","OTC"
"Ceframed 125 mg/1.25 ml","Ceframed 125 mg/1.25 ml","Cephradine","125 mg/1.25 ml","Pediatric Drops","একক","First generation cephalosporins","Medimet Pharmaceuticals Ltd.","50","50","OTC"
"Ceframed 125 mg/5 ml","Ceframed 125 mg/5 ml","Cephradine","125 mg/5 ml","পাউডার সাসপেনশন","একক","First generation cephalosporins","Medimet Pharmaceuticals Ltd.","80","80","OTC"
"Ceframed 250 mg","Ceframed 250 mg","Cephradine","250 mg","ক্যাপসুল","50's pack","First generation cephalosporins","Medimet Pharmaceuticals Ltd.","7","7","OTC"
"Ceframed 500 mg","Ceframed 500 mg","Cephradine","500 mg","ক্যাপসুল","20's pack","First generation cephalosporins","Medimet Pharmaceuticals Ltd.","12","12","OTC"
"Cefranov 125 mg/5 ml","Cefranov 125 mg/5 ml","Cephradine","125 mg/5 ml","পাউডার সাসপেনশন","একক","First generation cephalosporins","Novus Pharmaceuticals Ltd.","80","80","OTC"
"Cefranov 500 mg","Cefranov 500 mg","Cephradine","500 mg","ক্যাপসুল","24's pack","First generation cephalosporins","Novus Pharmaceuticals Ltd.","12.5","12.5","OTC"
"Cefrasyn 125 mg/5 ml","Cefrasyn 125 mg/5 ml","Cephradine","125 mg/5 ml","পাউডার সাসপেনশন","একক","First generation cephalosporins","MST Pharma","80","80","OTC"
"Cefrasyn 500 mg","Cefrasyn 500 mg","Cephradine","500 mg","ক্যাপসুল","20's pack","First generation cephalosporins","MST Pharma","13","13","OTC"
"Cefroxil 125 mg/5 ml","Cefroxil 125 mg/5 ml","Cefuroxime Axetil","125 mg/5 ml","পাউডার সাসপেনশন","একক","Second generation cephalosporins","Hallmark Pharmaceuticals Ltd.","195.74","195.74","OTC"
"Cefroxil 250 mg","Cefroxil 250 mg","Cefuroxime Axetil","250 mg","ট্যাবলেট","8's pack","Second generation cephalosporins","Hallmark Pharmaceuticals Ltd.","25","25","OTC"
"Cefstar 125 mg","Cefstar 125 mg","Cefuroxime Axetil","125 mg","ট্যাবলেট","10's pack","Second generation cephalosporins","Pharmadesh Laboratories Ltd.","15.05","15.05","OTC"
"Cefstar 125 mg/5 ml","Cefstar 125 mg/5 ml","Cefuroxime Axetil","125 mg/5 ml","পাউডার সাসপেনশন","একক","Second generation cephalosporins","Pharmadesh Laboratories Ltd.","190","190","OTC"
"Cefstar 250 mg","Cefstar 250 mg","Cefuroxime Axetil","250 mg","ট্যাবলেট","8's pack","Second generation cephalosporins","Pharmadesh Laboratories Ltd.","25.08","25.08","OTC"
"Cefstar 500 mg","Cefstar 500 mg","Cefuroxime Axetil","500 mg","ট্যাবলেট","8's pack","Second generation cephalosporins","Pharmadesh Laboratories Ltd.","45.16","45.16","OTC"
"Ceftalin 600 mg/vial","Ceftalin 600 mg/vial","Ceftaroline Fosamil","600 mg/vial","আইভি ইনফিউশন","একক","Fifth generation cephalosporins","Eskayef Pharmaceuticals Ltd.","3500","3500","Rx"
"Ceftax 1 gm/10 ml","Ceftax 1 gm/10 ml","Cefotaxime","1 gm/10 ml","IM/IV Injection","একক","Third generation cephalosporins","Opsonin Pharma Ltd.","132.5","132.5","OTC"
"Ceftax 250 mg/5 ml","Ceftax 250 mg/5 ml","Cefotaxime","250 mg/5 ml","IM/IV Injection","একক","Third generation cephalosporins","Opsonin Pharma Ltd.","50.19","50.19","OTC"
"Ceftax 500 mg/10 ml","Ceftax 500 mg/10 ml","Cefotaxime","500 mg/10 ml","IM/IV Injection","একক","Third generation cephalosporins","Opsonin Pharma Ltd.","76.29","76.29","OTC"
"Ceftazim 1 gm/vial","Ceftazim 1 gm/vial","Ceftazidime Pentahydrate","1 gm/vial","IM/IV Injection","একক","Third generation cephalosporins","Aristopharma Ltd.","240","240","OTC"
"Ceftazim 250 mg/vial","Ceftazim 250 mg/vial","Ceftazidime Pentahydrate","250 mg/vial","IM/IV Injection","একক","Third generation cephalosporins","Aristopharma Ltd.","85","85","OTC"
"Ceftazim 500 mg/vial","Ceftazim 500 mg/vial","Ceftazidime Pentahydrate","500 mg/vial","IM/IV Injection","একক","Third generation cephalosporins","Aristopharma Ltd.","130","130","OTC"
"Ceftazim AV (2 gm+0.5 gm)/vial","Ceftazim AV (2 gm+0.5 gm)/vial","Ceftazidime + Avibactam","2 gm+0.5 gm)/vial","আইভি ইনফিউশন","একক","Third generation cephalosporins","Aristopharma Ltd.","2800","2800","Rx"
"Ceftem 100 mg/5 ml","Ceftem 100 mg/5 ml","Cefixime Trihydrate","100 mg/5 ml","পাউডার সাসপেনশন","একক","Third generation cephalosporins","Team Pharmaceuticals Ltd.","200","200","OTC"
"Ceftem 200 mg","Ceftem 200 mg","Cefixime Trihydrate","200 mg","ক্যাপসুল","2 x 7","Third generation cephalosporins","Team Pharmaceuticals Ltd.","35","35","OTC"
"Ceftem 400 mg","Ceftem 400 mg","Cefixime Trihydrate","400 mg","ক্যাপসুল","2 x 7","Third generation cephalosporins","Team Pharmaceuticals Ltd.","50","50","OTC"
"Ceftem-DS 200 mg/5 ml","Ceftem-DS 200 mg/5 ml","Cefixime Trihydrate","200 mg/5 ml","পাউডার সাসপেনশন","একক","Third generation cephalosporins","Team Pharmaceuticals Ltd.","300","300","OTC"
"Cefteria 400 mg","Cefteria 400 mg","Ceftibuten Dihydrate","400 mg","ক্যাপসুল","2 x 5","Third generation cephalosporins","ACI Limited","140","140","OTC"
"Cefteria 90 mg/5 ml","Cefteria 90 mg/5 ml","Ceftibuten Dihydrate","90 mg/5 ml","পাউডার সাসপেনশন","একক","Third generation cephalosporins","ACI Limited","481","481","OTC"
"Ceftiben 400 mg","Ceftiben 400 mg","Ceftibuten Dihydrate","400 mg","ক্যাপসুল","1 x 6","Third generation cephalosporins","Square Pharmaceuticals PLC","120","120","OTC"
"Ceftiben 90 mg/5 ml","Ceftiben 90 mg/5 ml","Ceftibuten Dihydrate","90 mg/5 ml","পাউডার সাসপেনশন","একক","Third generation cephalosporins","Square Pharmaceuticals PLC","480","480","OTC"
"Ceftid 100 mg/5 ml","Ceftid 100 mg/5 ml","Cefixime Trihydrate","100 mg/5 ml","পাউডার সাসপেনশন","একক","Third generation cephalosporins","Opsonin Pharma Ltd.","135","135","OTC"
"Ceftid 200 mg","Ceftid 200 mg","Cefixime Trihydrate","200 mg","ট্যাবলেট","2 x 7","Third generation cephalosporins","Opsonin Pharma Ltd.","35.11","35.11","OTC"
"Ceftid 200 mg","Ceftid 200 mg","Cefixime Trihydrate","200 mg","ক্যাপসুল","2 x 7","Third generation cephalosporins","Opsonin Pharma Ltd.","40","40","OTC"
"Ceftid 25 mg/ml","Ceftid 25 mg/ml","Cefixime Trihydrate","25 mg/ml","Pediatric Drops","একক","Third generation cephalosporins","Opsonin Pharma Ltd.","100","100","OTC"
"Ceftid 400 mg","Ceftid 400 mg","Cefixime Trihydrate","400 mg","ট্যাবলেট","1 x 7","Third generation cephalosporins","Opsonin Pharma Ltd.","50.35","50.35","OTC"
"Ceftid 400 mg","Ceftid 400 mg","Cefixime Trihydrate","400 mg","ক্যাপসুল","2 x 7","Third generation cephalosporins","Opsonin Pharma Ltd.","55","55","OTC"
"Ceftid DS 200 mg/5 ml","Ceftid DS 200 mg/5 ml","Cefixime Trihydrate","200 mg/5 ml","পাউডার সাসপেনশন","একক","Third generation cephalosporins","Opsonin Pharma Ltd.","321.21","321.21","OTC"
"Ceftid QS 100 mg/ml","Ceftid QS 100 mg/ml","Cefixime Trihydrate","100 mg/ml","Pediatric Drops","একক","Third generation cephalosporins","Opsonin Pharma Ltd.","225","225","OTC"
"Ceftipime 1 gm/vial","Ceftipime 1 gm/vial","Cefepime Hydrochloride","1 gm/vial","IM/IV Injection","একক","Fourth generation cephalosporins","Renata PLC","552.08","552.08","OTC"
"Ceftipime 2 gm/vial","Ceftipime 2 gm/vial","Cefepime Hydrochloride","2 gm/vial","IV Injection","একক","Fourth generation cephalosporins","Renata PLC","1104.15","1104.15","OTC"
"Ceftipime 500 mg/vial","Ceftipime 500 mg/vial","Cefepime Hydrochloride","500 mg/vial","IM/IV Injection","একক","Fourth generation cephalosporins","Renata PLC","301.13","301.13","OTC"
"Ceftiten 400 mg","Ceftiten 400 mg","Ceftibuten Dihydrate","400 mg","ক্যাপসুল","1 x 6","Third generation cephalosporins","Asiatic Laboratories Ltd.","120","120","OTC"
"Ceftiten 90 mg/5 ml","Ceftiten 90 mg/5 ml","Ceftibuten Dihydrate","90 mg/5 ml","পাউডার সাসপেনশন","একক","Third generation cephalosporins","Asiatic Laboratories Ltd.","480","480","OTC"
"Ceftizone 1 gm/vial","Ceftizone 1 gm/vial","Ceftriaxone Sodium","1 gm/vial","IV Injection","একক","Third generation cephalosporins","Renata PLC","250","250","OTC"
"Ceftizone 1 gm/vial","Ceftizone 1 gm/vial","Ceftriaxone Sodium","1 gm/vial","IM Injection","একক","Third generation cephalosporins","Renata PLC","250","250","OTC"
"Ceftizone 2 gm/vial","Ceftizone 2 gm/vial","Ceftriaxone Sodium","2 gm/vial","IV Injection","একক","Third generation cephalosporins","Renata PLC","400","400","OTC"
"Ceftizone 250 mg/vial","Ceftizone 250 mg/vial","Ceftriaxone Sodium","250 mg/vial","IM Injection","একক","Third generation cephalosporins","Renata PLC","100.38","100.38","OTC"
"Ceftizone 250 mg/vial","Ceftizone 250 mg/vial","Ceftriaxone Sodium","250 mg/vial","IV Injection","একক","Third generation cephalosporins","Renata PLC","100.38","100.38","OTC"
"Ceftizone 500 mg/vial","Ceftizone 500 mg/vial","Ceftriaxone Sodium","500 mg/vial","IM Injection","একক","Third generation cephalosporins","Renata PLC","140.53","140.53","OTC"
"Ceftizone 500 mg/vial","Ceftizone 500 mg/vial","Ceftriaxone Sodium","500 mg/vial","IV Injection","একক","Third generation cephalosporins","Renata PLC","140.53","140.53","OTC"
"Ceftobac 1 gm/vial","Ceftobac 1 gm/vial","Ceftriaxone Sodium","1 gm/vial","IV Injection","একক","Third generation cephalosporins","Novatek Pharmaceuticals Ltd.","160","160","OTC"
"Ceftobac 2 gm/vial","Ceftobac 2 gm/vial","Ceftriaxone Sodium","2 gm/vial","IV Injection","একক","Third generation cephalosporins","Novatek Pharmaceuticals Ltd.","300","300","OTC"
"Ceftoren 200 mg","Ceftoren 200 mg","Cefditoren","200 mg","ট্যাবলেট","2 x 4","Third generation cephalosporins","ACI Limited","150","150","OTC"
"Ceftoren 400 mg","Ceftoren 400 mg","Cefditoren","400 mg","ট্যাবলেট","2 x 4","Third generation cephalosporins","ACI Limited","250","250","OTC"
"Ceftoril 400 mg","Ceftoril 400 mg","Ceftibuten Dihydrate","400 mg","ক্যাপসুল","2 x 4","Third generation cephalosporins","Beximco Pharmaceuticals Ltd.","120","120","OTC"
"Ceftoril 90 mg/5 ml","Ceftoril 90 mg/5 ml","Ceftibuten Dihydrate","90 mg/5 ml","পাউডার সাসপেনশন","একক","Third generation cephalosporins","Beximco Pharmaceuticals Ltd.","480","480","OTC"
"Ceftriaid 1 gm/vial","Ceftriaid 1 gm/vial","Ceftriaxone Sodium","1 gm/vial","IV Injection","একক","Third generation cephalosporins","Labaid Pharma Ltd.","320","320","OTC"
"Ceftriaid 2 gm/vial","Ceftriaid 2 gm/vial","Ceftriaxone Sodium","2 gm/vial","IV Injection","একক","Third generation cephalosporins","Labaid Pharma Ltd.","490","490","OTC"
"Ceftriaid 500 mg/vial","Ceftriaid 500 mg/vial","Ceftriaxone Sodium","500 mg/vial","IM Injection","একক","Third generation cephalosporins","Labaid Pharma Ltd.","200","200","OTC"
"Ceftriaid 500 mg/vial","Ceftriaid 500 mg/vial","Ceftriaxone Sodium","500 mg/vial","IV Injection","একক","Third generation cephalosporins","Labaid Pharma Ltd.","200","200","OTC"
"Ceftrimax 1 gm/vial","Ceftrimax 1 gm/vial","Ceftriaxone Sodium","1 gm/vial","IM Injection","একক","Third generation cephalosporins","Veritas Pharmaceuticals Ltd.","190.57","190.57","OTC"
"Ceftrimax 1 gm/vial","Ceftrimax 1 gm/vial","Ceftriaxone Sodium","1 gm/vial","IV Injection","একক","Third generation cephalosporins","Veritas Pharmaceuticals Ltd.","190.57","190.57","OTC"
"Ceftrimax 2 gm/vial","Ceftrimax 2 gm/vial","Ceftriaxone Sodium","2 gm/vial","IV Injection","একক","Third generation cephalosporins","Veritas Pharmaceuticals Ltd.","300.9","300.9","OTC"
"Ceftrimax 500 mg/vial","Ceftrimax 500 mg/vial","Ceftriaxone Sodium","500 mg/vial","IV Injection","একক","Third generation cephalosporins","Veritas Pharmaceuticals Ltd.","130.39","130.39","OTC"
"Ceftrimax 500 mg/vial","Ceftrimax 500 mg/vial","Ceftriaxone Sodium","500 mg/vial","IM Injection","একক","Third generation cephalosporins","Veritas Pharmaceuticals Ltd.","130.39","130.39","OTC"
"Ceftrix 1 gm/vial","Ceftrix 1 gm/vial","Ceftriaxone Sodium","1 gm/vial","IV Injection","একক","Third generation cephalosporins","Novo Healthcare and Pharma Ltd.","160.48","160.48","OTC"
"Ceftrix 2 gm/vial","Ceftrix 2 gm/vial","Ceftriaxone Sodium","2 gm/vial","IV Injection","একক","Third generation cephalosporins","Novo Healthcare and Pharma Ltd.","300.9","300.9","OTC"
"Ceftrix 250 mg/vial","Ceftrix 250 mg/vial","Ceftriaxone Sodium","250 mg/vial","IM Injection","একক","Third generation cephalosporins","Novo Healthcare and Pharma Ltd.","90.27","90.27","OTC"
"Ceftrix 500 mg/vial","Ceftrix 500 mg/vial","Ceftriaxone Sodium","500 mg/vial","IM Injection","একক","Third generation cephalosporins","Novo Healthcare and Pharma Ltd.","130.39","130.39","OTC"
"Ceftron 1 gm/vial","Ceftron 1 gm/vial","Ceftriaxone Sodium","1 gm/vial","IV Injection","একক","Third generation cephalosporins","Square Pharmaceuticals PLC","280","280","OTC"
"Ceftron 1 gm/vial","Ceftron 1 gm/vial","Ceftriaxone Sodium","1 gm/vial","IM Injection","একক","Third generation cephalosporins","Square Pharmaceuticals PLC","280","280","OTC"
"Ceftron 2 gm/vial","Ceftron 2 gm/vial","Ceftriaxone Sodium","2 gm/vial","IV Injection","একক","Third generation cephalosporins","Square Pharmaceuticals PLC","400","400","OTC"
"Ceftron 250 mg/vial","Ceftron 250 mg/vial","Ceftriaxone Sodium","250 mg/vial","IV Injection","একক","Third generation cephalosporins","Square Pharmaceuticals PLC","130","130","OTC"
"Ceftron 250 mg/vial","Ceftron 250 mg/vial","Ceftriaxone Sodium","250 mg/vial","IM Injection","একক","Third generation cephalosporins","Square Pharmaceuticals PLC","130","130","OTC"
"Ceftron 500 mg/vial","Ceftron 500 mg/vial","Ceftriaxone Sodium","500 mg/vial","IV Injection","একক","Third generation cephalosporins","Square Pharmaceuticals PLC","200","200","OTC"
"Ceftron 500 mg/vial","Ceftron 500 mg/vial","Ceftriaxone Sodium","500 mg/vial","IM Injection","একক","Third generation cephalosporins","Square Pharmaceuticals PLC","200","200","OTC"
"Cefu M 750 mg/vial","Cefu M 750 mg/vial","Cefuroxime Axetil","750 mg/vial","IM/IV Injection","একক","Second generation cephalosporins","Medimet Pharmaceuticals Ltd.","125","125","OTC"
"Cefuact 125 mg/5 ml","Cefuact 125 mg/5 ml","Cefuroxime Axetil","125 mg/5 ml","পাউডার সাসপেনশন","একক","Second generation cephalosporins","Leon Pharmaceuticals Ltd.","199","199","OTC"
"Cefuact 250 mg","Cefuact 250 mg","Cefuroxime Axetil","250 mg","ট্যাবলেট","20's pack","Second generation cephalosporins","Leon Pharmaceuticals Ltd.","25","25","OTC"
"Cefuact 500 mg","Cefuact 500 mg","Cefuroxime Axetil","500 mg","ট্যাবলেট","8's pack","Second generation cephalosporins","Leon Pharmaceuticals Ltd.","45","45","OTC"
"Cefunix 125 mg/5 ml","Cefunix 125 mg/5 ml","Cefuroxime Axetil","125 mg/5 ml","পাউডার সাসপেনশন","একক","Second generation cephalosporins","Virgo Pharmaceuticals Ltd.","190","190","OTC"
"Cefunix 250 mg","Cefunix 250 mg","Cefuroxime Axetil","250 mg","ট্যাবলেট","8's pack","Second generation cephalosporins","Virgo Pharmaceuticals Ltd.","25","25","OTC"
"Cefunix 500 mg","Cefunix 500 mg","Cefuroxime Axetil","500 mg","ট্যাবলেট","8's pack","Second generation cephalosporins","Virgo Pharmaceuticals Ltd.","40","40","OTC"
"Cefurav Plus (125 mg+31.25 mg)/5 ml","Cefurav Plus (125 mg+31.25 mg)/5 ml","Cefuroxime Axetil + Clavulanic Acid","125 mg+31.25 mg)/5 ml","পাউডার সাসপেনশন","একক","Second generation cephalosporins","Team Pharmaceuticals Ltd.","250","250","OTC"
"Cefurav Plus 250 mg+62.5 mg","Cefurav Plus 250 mg+62.5 mg","Cefuroxime Axetil + Clavulanic Acid","250 mg+62.5 mg","ট্যাবলেট","2 x 7","Second generation cephalosporins","Team Pharmaceuticals Ltd.","34.5","34.5","OTC"
"Cefurav Plus 500 mg+125 mg","Cefurav Plus 500 mg+125 mg","Cefuroxime Axetil + Clavulanic Acid","500 mg+125 mg","ট্যাবলেট","2 x 7","Second generation cephalosporins","Team Pharmaceuticals Ltd.","55","55","OTC"
"Cefurim 125 mg/5 ml","Cefurim 125 mg/5 ml","Cefuroxime Axetil","125 mg/5 ml","পাউডার সাসপেনশন","একক","Second generation cephalosporins","Somatec Pharmaceuticals Ltd.","200","200","OTC"
"Cefurim 250 mg","Cefurim 250 mg","Cefuroxime Axetil","250 mg","ট্যাবলেট","3 x 4","Second generation cephalosporins","Somatec Pharmaceuticals Ltd.","25.1","25.1","OTC"
"Cefurim 500 mg","Cefurim 500 mg","Cefuroxime Axetil","500 mg","ট্যাবলেট","2 x 4","Second generation cephalosporins","Somatec Pharmaceuticals Ltd.","45.17","45.17","OTC"
"Cefurim CV (125 mg+31.25 mg)/5 ml","Cefurim CV (125 mg+31.25 mg)/5 ml","Cefuroxime Axetil + Clavulanic Acid","125 mg+31.25 mg)/5 ml","পাউডার সাসপেনশন","একক","Second generation cephalosporins","Somatec Pharmaceuticals Ltd.","260","260","OTC"
"Cefurim CV 250 mg+62.5 mg","Cefurim CV 250 mg+62.5 mg","Cefuroxime Axetil + Clavulanic Acid","250 mg+62.5 mg","ট্যাবলেট","2 x 6","Second generation cephalosporins","Somatec Pharmaceuticals Ltd.","33","33","OTC"
"Cefurim CV 500 mg+125 mg","Cefurim CV 500 mg+125 mg","Cefuroxime Axetil + Clavulanic Acid","500 mg+125 mg","ট্যাবলেট","2 x 4","Second generation cephalosporins","Somatec Pharmaceuticals Ltd.","55","55","OTC"
"Cefurino 250 mg","Cefurino 250 mg","Cefuroxime Axetil","250 mg","ট্যাবলেট","2 x 7","Second generation cephalosporins","Doctor TIMS Pharmaceuticals Ltd.","25","25","OTC"
"Cefurino Plus (125 mg+31.25 mg)/5 ml","Cefurino Plus (125 mg+31.25 mg)/5 ml","Cefuroxime Axetil + Clavulanic Acid","125 mg+31.25 mg)/5 ml","পাউডার সাসপেনশন","একক","Second generation cephalosporins","Doctor TIMS Pharmaceuticals Ltd.","250","250","OTC"
"Cefurino Plus 500 mg+125 mg","Cefurino Plus 500 mg+125 mg","Cefuroxime Axetil + Clavulanic Acid","500 mg+125 mg","ট্যাবলেট","2 x 7","Second generation cephalosporins","Doctor TIMS Pharmaceuticals Ltd.","50","50","OTC"
"Cefuroxime Plus 500 mg+125 mg","Cefuroxime Plus 500 mg+125 mg","Cefuroxime Axetil + Clavulanic Acid","500 mg+125 mg","ট্যাবলেট","4 x 6","Second generation cephalosporins","Pharmik Laboratories Ltd.","60","60","OTC"
"Cefusil 250 mg","Cefusil 250 mg","Cefuroxime Axetil","250 mg","ট্যাবলেট","3 x 6","Second generation cephalosporins","Silco Pharmaceutical Ltd.","25","25","OTC"
"Cefusil 500 mg","Cefusil 500 mg","Cefuroxime Axetil","500 mg","ট্যাবলেট","2 x 6","Second generation cephalosporins","Silco Pharmaceutical Ltd.","45","45","OTC"
"Cefusil CV 250 mg+62.5 mg","Cefusil CV 250 mg+62.5 mg","Cefuroxime Axetil + Clavulanic Acid","250 mg+62.5 mg","ট্যাবলেট","2 x 6","Second generation cephalosporins","Silco Pharmaceutical Ltd.","35","35","OTC"
"Cefusil CV 500 mg+125 mg","Cefusil CV 500 mg+125 mg","Cefuroxime Axetil + Clavulanic Acid","500 mg+125 mg","ট্যাবলেট","2 x 4","Second generation cephalosporins","Silco Pharmaceutical Ltd.","60","60","OTC"
"Cefuson 250 mg","Cefuson 250 mg","Cefuroxime Axetil","250 mg","ট্যাবলেট","3 x 4","Second generation cephalosporins","Jayson Pharmaceutical Ltd.","25","25","OTC"
"Cefuson 500 mg","Cefuson 500 mg","Cefuroxime Axetil","500 mg","ট্যাবলেট","2 x 3","Second generation cephalosporins","Jayson Pharmaceutical Ltd.","45","45","OTC"
"Cefuson Plus 250 mg+62.5 mg","Cefuson Plus 250 mg+62.5 mg","Cefuroxime Axetil + Clavulanic Acid","250 mg+62.5 mg","ট্যাবলেট","3 x 4","Second generation cephalosporins","Jayson Pharmaceutical Ltd.","30","30","OTC"
"Cefuson Plus 500 mg+125 mg","Cefuson Plus 500 mg+125 mg","Cefuroxime Axetil + Clavulanic Acid","500 mg+125 mg","ট্যাবলেট","2 x 4","Second generation cephalosporins","Jayson Pharmaceutical Ltd.","50","50","OTC"
"Cefuxet 125 mg/5 ml","Cefuxet 125 mg/5 ml","Cefuroxime Axetil","125 mg/5 ml","পাউডার সাসপেনশন","একক","Second generation cephalosporins","Chemist Laboratories  Ltd.","270","270","OTC"
"Cefuxet 250 mg","Cefuxet 250 mg","Cefuroxime Axetil","250 mg","ট্যাবলেট","4 x 4","Second generation cephalosporins","Chemist Laboratories  Ltd.","25","25","OTC"
"Cefuxet 500 mg","Cefuxet 500 mg","Cefuroxime Axetil","500 mg","ট্যাবলেট","3 x 4","Second generation cephalosporins","Chemist Laboratories  Ltd.","45","45","OTC"
"Cefuxet Plus 250 mg+62.5 mg","Cefuxet Plus 250 mg+62.5 mg","Cefuroxime Axetil + Clavulanic Acid","250 mg+62.5 mg","ট্যাবলেট","2 x 6","Second generation cephalosporins","Chemist Laboratories  Ltd.","35","35","OTC"
"Cefuxet Plus 500 mg+125 mg","Cefuxet Plus 500 mg+125 mg","Cefuroxime Axetil + Clavulanic Acid","500 mg+125 mg","ট্যাবলেট","2 x 4","Second generation cephalosporins","Chemist Laboratories  Ltd.","60","60","OTC"
"Cefuxim-CV 250 mg+62.5 mg","Cefuxim-CV 250 mg+62.5 mg","Cefuroxime Axetil + Clavulanic Acid","250 mg+62.5 mg","ট্যাবলেট","2 x 7","Second generation cephalosporins","Albion Laboratories Limited","38.4","38.4","OTC"
"Cefuxim-CV 500 mg+125 mg","Cefuxim-CV 500 mg+125 mg","Cefuroxime Axetil + Clavulanic Acid","500 mg+125 mg","ট্যাবলেট","2 x 7","Second generation cephalosporins","Albion Laboratories Limited","66","66","OTC"
"Cefzon 1 gm/vial","Cefzon 1 gm/vial","Ceftazidime Pentahydrate","1 gm/vial","IM/IV Injection","একক","Third generation cephalosporins","Navana Pharmaceuticals Ltd.","216","216","OTC"
"Cefzon 250 mg/vial","Cefzon 250 mg/vial","Ceftazidime Pentahydrate","250 mg/vial","IM/IV Injection","একক","Third generation cephalosporins","Navana Pharmaceuticals Ltd.","80","80","OTC"
"Cefzon 500 mg/vial","Cefzon 500 mg/vial","Ceftazidime Pentahydrate","500 mg/vial","IM/IV Injection","একক","Third generation cephalosporins","Navana Pharmaceuticals Ltd.","125","125","OTC"
"Celbarin 200 mg","Celbarin 200 mg","Ribavirin","200 mg","ক্যাপসুল","2 x 10","Hepatic viral infections (Hepatitis C)","Incepta Pharmaceuticals Ltd.","35","35","OTC"
"Celeste 10 mg","Celeste 10 mg","Tadalafil","10 mg","ট্যাবলেট","2 x 2","Drugs for Erectile Dysfunction","General Pharmaceuticals Ltd.","35.11","35.11","OTC"
"Celeste 20 mg","Celeste 20 mg","Tadalafil","20 mg","ট্যাবলেট","2 x 2","Drugs for Erectile Dysfunction","General Pharmaceuticals Ltd.","60.18","60.18","OTC"
"Celipress 200 mg","Celipress 200 mg","Celiprolol Hydrochloride","200 mg","ট্যাবলেট","4 x 10","Beta-blockers","Eskayef Pharmaceuticals Ltd.","8","8","OTC"
"Celipress 400 mg","Celipress 400 mg","Celiprolol Hydrochloride","400 mg","ট্যাবলেট","1 x 10","Beta-blockers","Eskayef Pharmaceuticals Ltd.","15","15","OTC"
"Cellcept 500 mg","Cellcept 500 mg","Mycophenolate Mofetil","500 mg","ট্যাবলেট","5 x 10","Immunological Chemotherapy, Immunosuppressant","Roche Bangladesh Ltd.","96","96","OTC"
"Celofen 100 mg","Celofen 100 mg","Aceclofenac","100 mg","ট্যাবলেট","5 x 10","Drugs for Osteoarthritis, Drugs used for Rheumatoid Arthritis, Non-steroidal Anti-inflammatory Drugs (NSAIDs)","ACI Limited","4.01","4.01","OTC"
"Celozin 10 mg","Celozin 10 mg","Cetirizine Hydrochloride","10 mg","ট্যাবলেট","100's pack","Sedating Anti-histamine","Leon Pharmaceuticals Ltd.","2.5","2.5","OTC"
"Celozin 5 mg/5 ml","Celozin 5 mg/5 ml","Cetirizine Hydrochloride","5 mg/5 ml","সিরাপ","একক","Sedating Anti-histamine","Leon Pharmaceuticals Ltd.","30","30","OTC"
"Celudex 0.1%","Celudex 0.1%","Betamethasone Sodium Phosphate","0.1%","Ophthalmic Solution","একক","Corticosteroid","Drug International Ltd.","60.2","60.2","OTC"
"Celutis 200 mg","Celutis 200 mg","Tedizolid Phosphate","200 mg","ট্যাবলেট","2 x 3","Other antibacterial preparation","General Pharmaceuticals Ltd.","450","450","OTC"
"Cemaxi 100 mg/5 ml","Cemaxi 100 mg/5 ml","Cefixime Trihydrate","100 mg/5 ml","পাউডার সাসপেনশন","একক","Third generation cephalosporins","Guardian Healthcare Ltd.","120","120","OTC"
"Cemaxi 200 mg","Cemaxi 200 mg","Cefixime Trihydrate","200 mg","ক্যাপসুল","18's pack","Third generation cephalosporins","Guardian Healthcare Ltd.","30","30","OTC"
"Cemix-3 100 mg/5 ml","Cemix-3 100 mg/5 ml","Cefixime Trihydrate","100 mg/5 ml","পাউডার সাসপেনশন","একক","Third generation cephalosporins","Seema Pharmaceuticals Ltd.","195","195","OTC"
"Cemix-3 200 mg","Cemix-3 200 mg","Cefixime Trihydrate","200 mg","ক্যাপসুল","8's pack","Third generation cephalosporins","Seema Pharmaceuticals Ltd.","30","30","OTC"
"Cemoxin 125 mg/5 ml","Cemoxin 125 mg/5 ml","Amoxicillin Trihydrate","125 mg/5 ml","পাউডার সাসপেনশন","একক","Broad spectrum penicillins","Central Pharmaceuticals Ltd.","45","45","OTC"
"Cemoxin 250 mg","Cemoxin 250 mg","Amoxicillin Trihydrate","250 mg","ক্যাপসুল","100's pack","Broad spectrum penicillins","Central Pharmaceuticals Ltd.","3.4","3.4","OTC"
"Cemoxin 500 mg","Cemoxin 500 mg","Amoxicillin Trihydrate","500 mg","ক্যাপসুল","50's pack","Broad spectrum penicillins","Central Pharmaceuticals Ltd.","6.5","6.5","OTC"
"Cenet 500 mg","Cenet 500 mg","Calcium Carbonate","500 mg","ট্যাবলেট","50's pack","Minerals in bone formation, Specific mineral preparations","Central Pharmaceuticals Ltd.","1.6","1.6","OTC"
"Cenolon 0.1%","Cenolon 0.1%","Triamcinolone Acetonide (Dental Paste)","0.1%","Oral Paste","একক","Corticosteroid, Glucocorticoids","Incepta Pharmaceuticals Ltd.","100","100","OTC"
"Cenolon 40 mg/ml","Cenolon 40 mg/ml","Triamcinolone Acetonide (Injection)","40 mg/ml","IM/IA Injection","3's pack","Corticosteroid, Glucocorticoids, Triamcinolone & Combined preparations","Incepta Pharmaceuticals Ltd.","75","75","OTC"
"Cenolon 55 mcg/spray","Cenolon 55 mcg/spray","Triamcinolone Acetonide (Nasal Spray)","55 mcg/spray","নেজাল স্প্রে","একক","Corticosteroid, Glucocorticoids, Nasal Steroid Preparations","Incepta Pharmaceuticals Ltd.","200","200","OTC"
"Cenomate 12.5 mg","Cenomate 12.5 mg","Cenobamate","12.5 mg","ট্যাবলেট","2 x 10","Adjunct anti-epileptic drugs","Everest Pharmaceuticals Ltd.","24","24","OTC"
"Cenomate 50 mg","Cenomate 50 mg","Cenobamate","50 mg","ট্যাবলেট","1 x 10","Adjunct anti-epileptic drugs","Everest Pharmaceuticals Ltd.","64","64","OTC"
"Centagan 2 mg/5 ml","Centagan 2 mg/5 ml","Chlorpheniramine Maleate","2 mg/5 ml","সিরাপ","একক","Sedating Anti-histamine","Central Pharmaceuticals Ltd.","12","12","OTC"
"Centamol 120 mg/5 ml","Centamol 120 mg/5 ml","Paracetamol","120 mg/5 ml","Oral Suspension","একক","Non-Opioid Analgesics","Central Pharmaceuticals Ltd.","35","35","OTC"
"Centamol 500 mg","Centamol 500 mg","Paracetamol","500 mg","ট্যাবলেট","200's pack","Non-Opioid Analgesics","Central Pharmaceuticals Ltd.","1.2","1.2","OTC"
"Centamol 500 mg+65 mg","Centamol 500 mg+65 mg","Paracetamol + Caffeine","500 mg+65 mg","ট্যাবলেট","100's pack","Non-Opioid Analgesics","Central Pharmaceuticals Ltd.","1.9","1.9","OTC"
"Centiva 100 mg","Centiva 100 mg","Ciprofibrate","100 mg","ট্যাবলেট","3 x 10","Anti-hypertensive, Other Anti-anginal & Anti-ischaemic drugs","Aristopharma Ltd.","15","15","OTC"
"Centobion 100 mg+200 mg+200 mcg","Centobion 100 mg+200 mg+200 mcg","Vitamin B1, B6 & B12","100 mg+200 mg+200 mcg","ট্যাবলেট","3 x 10","Specific combined vitamin preparations","Centeon Pharma Ltd.","8","8","OTC"
"Centokast 10 mg","Centokast 10 mg","Montelukast Sodium","10 mg","ট্যাবলেট","3 x 10","Leukotriene receptor antagonists","Centeon Pharma Ltd.","15","15","OTC"
"Centomin 500 mg","Centomin 500 mg","Metformin Hydrochloride","500 mg","ট্যাবলেট","10 x 10","Biguanides","Centeon Pharma Ltd.","4","4","OTC"
"Centomin 850 mg","Centomin 850 mg","Metformin Hydrochloride","850 mg","ট্যাবলেট","3 x 10","Biguanides","Centeon Pharma Ltd.","6","6","OTC"
"Centoxin 0.25 mg","Centoxin 0.25 mg","Digoxin","0.25 mg","ট্যাবলেট","5 x 10","Positive Inotropic drugs","Opsonin Pharma Ltd.","1.09","1.09","OTC"
"Centoxin 0.25 mg/5 ml","Centoxin 0.25 mg/5 ml","Digoxin","0.25 mg/5 ml","Oral Solution","একক","Positive Inotropic drugs","Opsonin Pharma Ltd.","75.5","75.5","OTC"
"Centradol 100 mg","Centradol 100 mg","Tapentadol Hydrochloride","100 mg","ট্যাবলেট","3 x 10","Opioid analgesics","Incepta Pharmaceuticals Ltd.","25","25","OTC"
"Centradol 50 mg","Centradol 50 mg","Tapentadol Hydrochloride","50 mg","ট্যাবলেট","2 x 10","Opioid analgesics","Incepta Pharmaceuticals Ltd.","12","12","OTC"
"Centradol 75 mg","Centradol 75 mg","Tapentadol Hydrochloride","75 mg","ট্যাবলেট","1 x 10","Opioid analgesics","Incepta Pharmaceuticals Ltd.","17","17","OTC"
"Centradol ER 100 mg","Centradol ER 100 mg","Tapentadol Hydrochloride","100 mg","Tablet (Extended Release)","1 x 10","Opioid analgesics","Incepta Pharmaceuticals Ltd.","20","20","OTC"
"Central Gold","Central Gold","Multivitamin & Multimineral [A-Z gold preparation]","","ট্যাবলেট","1 x 30","Multi-vitamin & Multi-mineral combined preparations","Central Pharmaceuticals Ltd.","6.5","6.5","OTC"
"Centrium Gold","Centrium Gold","Multivitamin & Multimineral [A-Z gold preparation]","","ট্যাবলেট","1 x 30","Multi-vitamin & Multi-mineral combined preparations","Biogen Pharmaceuticals Ltd.","10","10","OTC"
"Century Forte","Century Forte","Multivitamin & Multimineral [A-Z gold preparation]","","ট্যাবলেট","3 x 10","Multi-vitamin & Multi-mineral combined preparations","UniMed UniHealth Pharmaceuticals Ltd.","9","9","OTC"
"Century Select","Century Select","Multivitamin & Multimineral [A-Z silver preparation]","","ট্যাবলেট","3 x 10","Multi-vitamin & Multi-mineral combined preparations","UniMed UniHealth Pharmaceuticals Ltd.","9","9","OTC"
"Ceodin 125 mg/5 ml","Ceodin 125 mg/5 ml","Cephradine","125 mg/5 ml","পাউডার সাসপেনশন","একক","First generation cephalosporins","Central Pharmaceuticals Ltd.","80","80","OTC"
"Cepdoxim 100 mg","Cepdoxim 100 mg","Cefpodoxime Proxetil","100 mg","ক্যাপসুল","4 x 4","Third generation cephalosporins","Alco Pharma Ltd.","20","20","OTC"
"Cepdoxim 200 mg","Cepdoxim 200 mg","Cefpodoxime Proxetil","200 mg","ক্যাপসুল","4 x 4","Third generation cephalosporins","Alco Pharma Ltd.","30.06","30.06","OTC"
"Cepdoxim 40 mg/5 ml","Cepdoxim 40 mg/5 ml","Cefpodoxime Proxetil","40 mg/5 ml","পাউডার সাসপেনশন","একক","Third generation cephalosporins","Alco Pharma Ltd.","90.27","90.27","OTC"
"Cephalen 125 mg/5 ml","Cephalen 125 mg/5 ml","Cephalexin","125 mg/5 ml","পাউডার সাসপেনশন","একক","First generation cephalosporins","Beximco Pharmaceuticals Ltd.","84.27","84.27","OTC"
"Cephalen 250 mg","Cephalen 250 mg","Cephalexin","250 mg","ক্যাপসুল","10 x 10","First generation cephalosporins","Beximco Pharmaceuticals Ltd.","6.88","6.88","OTC"
"Cephalen 500 mg","Cephalen 500 mg","Cephalexin","500 mg","ক্যাপসুল","5 x 10","First generation cephalosporins","Beximco Pharmaceuticals Ltd.","13.29","13.29","OTC"
"Cephalor 125 mg/5 ml","Cephalor 125 mg/5 ml","Cephalexin","125 mg/5 ml","পাউডার সাসপেনশন","একক","First generation cephalosporins","Skylab Pharmaceuticals Ltd.","81.5","81.5","OTC"
"Cephalor 250 mg","Cephalor 250 mg","Cephalexin","250 mg","ক্যাপসুল","100's pack","First generation cephalosporins","Skylab Pharmaceuticals Ltd.","6.78","6.78","OTC"
"Cephaxin 125 mg/5 ml","Cephaxin 125 mg/5 ml","Cephalexin","125 mg/5 ml","পাউডার সাসপেনশন","একক","First generation cephalosporins","Pharmadesh Laboratories Ltd.","72.27","72.27","OTC"
"Cephaxin 500 mg","Cephaxin 500 mg","Cephalexin","500 mg","ক্যাপসুল","20's pack","First generation cephalosporins","Pharmadesh Laboratories Ltd.","10.53","10.53","OTC"
"Cephid 125 mg/5 ml","Cephid 125 mg/5 ml","Cephradine","125 mg/5 ml","পাউডার সাসপেনশন","একক","First generation cephalosporins","Zenith Pharmaceuticals Ltd.","80","80","OTC"
"Cephid 250 mg","Cephid 250 mg","Cephradine","250 mg","ক্যাপসুল","6 x 5","First generation cephalosporins","Zenith Pharmaceuticals Ltd.","6.52","6.52","OTC"
"Cephid 500 mg","Cephid 500 mg","Cephradine","500 mg","ক্যাপসুল","5 x 4","First generation cephalosporins","Zenith Pharmaceuticals Ltd.","12.5","12.5","OTC"
"Cephoral 100 mg/5 ml","Cephoral 100 mg/5 ml","Cefixime Trihydrate","100 mg/5 ml","পাউডার সাসপেনশন","একক","Third generation cephalosporins","Labaid Pharma Ltd.","145","145","OTC"
"Cephoral 200 mg","Cephoral 200 mg","Cefixime Trihydrate","200 mg","ক্যাপসুল","2 x 7","Third generation cephalosporins","Labaid Pharma Ltd.","45","45","OTC"
"Cephoral 25 mg/ml","Cephoral 25 mg/ml","Cefixime Trihydrate","25 mg/ml","Pediatric Drops","একক","Third generation cephalosporins","Labaid Pharma Ltd.","100","100","OTC"
"Cephoral 400 mg","Cephoral 400 mg","Cefixime Trihydrate","400 mg","ক্যাপসুল","1 x 7","Third generation cephalosporins","Labaid Pharma Ltd.","60","60","OTC"
"Cephoral DS 200 mg/5 ml","Cephoral DS 200 mg/5 ml","Cefixime Trihydrate","200 mg/5 ml","পাউডার সাসপেনশন","একক","Third generation cephalosporins","Labaid Pharma Ltd.","450","450","OTC"
"Cephracap 500 mg","Cephracap 500 mg","Cephradine","500 mg","ক্যাপসুল","5 x 4","First generation cephalosporins","Euro Pharma Ltd.","15","15","OTC"
"Cephracap DS 250 mg/5 ml","Cephracap DS 250 mg/5 ml","Cephradine","250 mg/5 ml","পাউডার সাসপেনশন","একক","First generation cephalosporins","Euro Pharma Ltd.","120","120","OTC"
"Cephradex 500 mg","Cephradex 500 mg","Cephradine","500 mg","ক্যাপসুল","20's pack","First generation cephalosporins","Marker Pharma Ltd.","12.5","12.5","OTC"
"Cephradex DS 125 mg/5 ml","Cephradex DS 125 mg/5 ml","Cephradine","125 mg/5 ml","পাউডার সাসপেনশন","একক","First generation cephalosporins","Marker Pharma Ltd.","80","80","OTC"
"Cephran 1 gm/vial","Cephran 1 gm/vial","Cephradine","1 gm/vial","IM/IV Injection","একক","First generation cephalosporins","Opsonin Pharma Ltd.","80.3","80.3","OTC"
"Cephran 125 mg/1.25 ml","Cephran 125 mg/1.25 ml","Cephradine","125 mg/1.25 ml","Pediatric Drops","একক","First generation cephalosporins","Opsonin Pharma Ltd.","65","65","OTC"
"Cephran 125 mg/5 ml","Cephran 125 mg/5 ml","Cephradine","125 mg/5 ml","পাউডার সাসপেনশন","একক","First generation cephalosporins","Opsonin Pharma Ltd.","90","90","OTC"
"Cephran 500 mg","Cephran 500 mg","Cephradine","500 mg","ক্যাপসুল","4 x 7","First generation cephalosporins","Opsonin Pharma Ltd.","15.05","15.05","OTC"
"Cephran 500 mg/vial","Cephran 500 mg/vial","Cephradine","500 mg/vial","IM/IV Injection","1 x 4","First generation cephalosporins","Opsonin Pharma Ltd.","54.2","54.2","OTC"
"Cephran DS 250 mg/5 ml","Cephran DS 250 mg/5 ml","Cephradine","250 mg/5 ml","পাউডার সাসপেনশন","একক","First generation cephalosporins","Opsonin Pharma Ltd.","120.45","120.45","OTC"
"Cephrasic 125 mg/5 ml","Cephrasic 125 mg/5 ml","Cephradine","125 mg/5 ml","পাউডার সাসপেনশন","একক","First generation cephalosporins","Physic pharmaceuticals ltd.","87","87","OTC"
"Cephrasic 500 mg","Cephrasic 500 mg","Cephradine","500 mg","ক্যাপসুল","4 x 7","First generation cephalosporins","Physic pharmaceuticals ltd.","14","14","OTC"
"Cepime 1 gm/vial","Cepime 1 gm/vial","Cefepime Hydrochloride","1 gm/vial","IM/IV Injection","একক","Fourth generation cephalosporins","Rephco Pharmaceuticals Ltd.","550","550","OTC"
"Cepime 500 mg/vial","Cepime 500 mg/vial","Cefepime Hydrochloride","500 mg/vial","IM/IV Injection","একক","Fourth generation cephalosporins","Rephco Pharmaceuticals Ltd.","300","300","OTC"
"Ceporal 125 mg/5 ml","Ceporal 125 mg/5 ml","Cephalexin","125 mg/5 ml","পাউডার সাসপেনশন","একক","First generation cephalosporins","Medimet Pharmaceuticals Ltd.","78","78","OTC"
"Ceporal 250 mg","Ceporal 250 mg","Cephalexin","250 mg","ক্যাপসুল","40's pack","First generation cephalosporins","Medimet Pharmaceuticals Ltd.","5.5","5.5","OTC"
"Ceporal 500 mg","Ceporal 500 mg","Cephalexin","500 mg","ক্যাপসুল","20's pack","First generation cephalosporins","Medimet Pharmaceuticals Ltd.","10","10","OTC"
"Cepoxid 200 mg","Cepoxid 200 mg","Cefpodoxime Proxetil","200 mg","ট্যাবলেট","2 x 7","Third generation cephalosporins","Credence Pharmaceuticals Ltd.","41","41","OTC"
"Cepoxid 40 mg/5 ml","Cepoxid 40 mg/5 ml","Cefpodoxime Proxetil","40 mg/5 ml","পাউডার সাসপেনশন","একক","Third generation cephalosporins","Apex Pharma Ltd.","100","100","OTC"
"Ceprocon 250 mg/5 ml","Ceprocon 250 mg/5 ml","Ciprofloxacin","250 mg/5 ml","পাউডার সাসপেনশন","একক","4-Quinolone preparations, Anti-diarrhoeal antimicrobial drugs","Concord Pharmaceuticals Ltd.","98","98","OTC"
"Ceprocon 500 mg","Ceprocon 500 mg","Ciprofloxacin","500 mg","ট্যাবলেট","3 x 10","4-Quinolone preparations, Anti-diarrhoeal antimicrobial drugs","Concord Pharmaceuticals Ltd.","14","14","OTC"
"Ceproval 125 mg/5 ml","Ceproval 125 mg/5 ml","Cephradine","125 mg/5 ml","পাউডার সাসপেনশন","একক","First generation cephalosporins","Peoples Pharma Ltd.","70","70","OTC"
"Ceproval 500 mg","Ceproval 500 mg","Cephradine","500 mg","ক্যাপসুল","20's pack","First generation cephalosporins","Peoples Pharma Ltd.","10.5","10.5","OTC"
"Ceptiva 0.03 mg+0.15 mg","Ceptiva 0.03 mg+0.15 mg","Ethinyl Estradiol + Desogestrel (0.03 mg)","0.03 mg+0.15 mg","ট্যাবলেট","একক","","ACI Limited","105","105","OTC"
"Cerenin 5 mg","Cerenin 5 mg","Vinpocetine","5 mg","ট্যাবলেট","5 x 10","Cerebral vasodilator & Neurosensory oxygenator drugs","Ambee Pharmaceuticals Ltd.","3.55","3.55","OTC"
"Cereton 10 mg/2 ml","Cereton 10 mg/2 ml","Vinpocetine","10 mg/2 ml","ইনজেকশন","1 x 5","Cerebral vasodilator & Neurosensory oxygenator drugs","General Pharmaceuticals Ltd.","40.12","40.12","Rx"
"Cereton 5 mg","Cereton 5 mg","Vinpocetine","5 mg","ট্যাবলেট","5 x 10","Cerebral vasodilator & Neurosensory oxygenator drugs","General Pharmaceuticals Ltd.","4.04","4.04","OTC"
"Cerevas 5 mg","Cerevas 5 mg","Vinpocetine","5 mg","ট্যাবলেট","5 x 10","Cerebral vasodilator & Neurosensory oxygenator drugs","Square Pharmaceuticals PLC","4.03","4.03","OTC"
"Cerinib 150 mg","Cerinib 150 mg","Ceritinib","150 mg","ক্যাপসুল","1 x 30","","Drug International Ltd.","620","620","OTC"
"Ceritec 10 mg","Ceritec 10 mg","Cetirizine Hydrochloride","10 mg","ট্যাবলেট","100's pack","Sedating Anti-histamine","S.N. Pharmaceutical Ltd.","2.25","2.25","OTC"
"Cerivin 5 mg","Cerivin 5 mg","Vinpocetine","5 mg","ট্যাবলেট","10 x 10","Cerebral vasodilator & Neurosensory oxygenator drugs","Beximco Pharmaceuticals Ltd.","4.02","4.02","OTC"
"Cero 0.3%","Cero 0.3%","Ciprofloxacin (Ophthalmic)","0.3%","Ophthalmic Ointment","একক","4-Quinolone preparations, Aural Anti-bacterial preparations, Ophthalmic antibacterial drugs","Gaco Pharmaceuticals Ltd.","35","35","OTC"
"Cero 0.3%","Cero 0.3%","Ciprofloxacin (Ophthalmic)","0.3%","Ophthalmic Solution","একক","4-Quinolone preparations, Aural Anti-bacterial preparations, Ophthalmic antibacterial drugs","Gaco Pharmaceuticals Ltd.","40.12","40.12","OTC"
"Cero 500 mg","Cero 500 mg","Ciprofloxacin","500 mg","ট্যাবলেট","3 x 10","4-Quinolone preparations, Anti-diarrhoeal antimicrobial drugs","Gaco Pharmaceuticals Ltd.","14.05","14.05","OTC"
"Cero-HC 0.3%+1%","Cero-HC 0.3%+1%","Ciprofloxacin + Hydrocortisone Acetate","0.3%+1%","Ophthalmic Suspension","একক","Aural steroid & antibiotic combined preparations","Gaco Pharmaceuticals Ltd.","55.17","55.17","OTC"
"Ceroclav (125 mg+31.25 mg)/5 ml","Ceroclav (125 mg+31.25 mg)/5 ml","Cefuroxime Axetil + Clavulanic Acid","125 mg+31.25 mg)/5 ml","পাউডার সাসপেনশন","একক","Second generation cephalosporins","Astra Biopharmaceuticals Ltd.","250","250","OTC"
"Ceroclav 250 mg+62.5 mg","Ceroclav 250 mg+62.5 mg","Cefuroxime Axetil + Clavulanic Acid","250 mg+62.5 mg","ট্যাবলেট","2 x 7","Second generation cephalosporins","Astra Biopharmaceuticals Ltd.","35","35","OTC"
"Ceroclav 500 mg+125 mg","Ceroclav 500 mg+125 mg","Cefuroxime Axetil + Clavulanic Acid","500 mg+125 mg","ট্যাবলেট","1 x 7","Second generation cephalosporins","Astra Biopharmaceuticals Ltd.","60","60","OTC"
"Cerodex 0.3%+0.1%","Cerodex 0.3%+0.1%","Ciprofloxacin + Dexamethasone","0.3%+0.1%","Ophthalmic Solution","একক","Aural steroid & antibiotic combined preparations","Gaco Pharmaceuticals Ltd.","75.23","75.23","OTC"
"Cerox CV (125 mg+31.25 mg)/5 ml","Cerox CV (125 mg+31.25 mg)/5 ml","Cefuroxime Axetil + Clavulanic Acid","125 mg+31.25 mg)/5 ml","পাউডার সাসপেনশন","একক","Second generation cephalosporins","ACI Limited","285","285","OTC"
"Cerox CV 125 mg+31.25 mg","Cerox CV 125 mg+31.25 mg","Cefuroxime Axetil + Clavulanic Acid","125 mg+31.25 mg","ট্যাবলেট","2 x 6","Second generation cephalosporins","ACI Limited","21.06","21.06","OTC"
"Cerox CV 250 mg+62.5 mg","Cerox CV 250 mg+62.5 mg","Cefuroxime Axetil + Clavulanic Acid","250 mg+62.5 mg","ট্যাবলেট","2 x 7","Second generation cephalosporins","ACI Limited","35","35","OTC"
"Cerox CV 500 mg+125 mg","Cerox CV 500 mg+125 mg","Cefuroxime Axetil + Clavulanic Acid","500 mg+125 mg","ট্যাবলেট","2 x 7","Second generation cephalosporins","ACI Limited","60","60","OTC"
"Cerox-A 1.5 gm/vial","Cerox-A 1.5 gm/vial","Cefuroxime Axetil","1.5 gm/vial","IV Injection","একক","Second generation cephalosporins","ACI Limited","275","275","OTC"
"Cerox-A 125 mg/5 ml","Cerox-A 125 mg/5 ml","Cefuroxime Axetil","125 mg/5 ml","পাউডার সাসপেনশন","একক","Second generation cephalosporins","ACI Limited","300","300","OTC"
"Cerox-A 250 mg","Cerox-A 250 mg","Cefuroxime Axetil","250 mg","ট্যাবলেট","4 x 4","Second generation cephalosporins","ACI Limited","30","30","OTC"
"Cerox-A 500 mg","Cerox-A 500 mg","Cefuroxime Axetil","500 mg","ট্যাবলেট","2 x 4","Second generation cephalosporins","ACI Limited","50","50","OTC"
"Cerox-A 750 mg/vial","Cerox-A 750 mg/vial","Cefuroxime Axetil","750 mg/vial","IM/IV Injection","একক","Second generation cephalosporins","ACI Limited","175","175","OTC"
"Ceroxime 125 mg/5 ml","Ceroxime 125 mg/5 ml","Cefuroxime Axetil","125 mg/5 ml","পাউডার সাসপেনশন","একক","Second generation cephalosporins","Asiatic Laboratories Ltd.","198","198","OTC"
"Ceroxime 250 mg","Ceroxime 250 mg","Cefuroxime Axetil","250 mg","ট্যাবলেট","4 x 4","Second generation cephalosporins","Asiatic Laboratories Ltd.","25","25","OTC"
"Ceroxime 500 mg","Ceroxime 500 mg","Cefuroxime Axetil","500 mg","ট্যাবলেট","2 x 4","Second generation cephalosporins","Asiatic Laboratories Ltd.","45","45","OTC"
"Ceroxime 750 mg/vial","Ceroxime 750 mg/vial","Cefuroxime Axetil","750 mg/vial","IM/IV Injection","একক","Second generation cephalosporins","Asiatic Laboratories Ltd.","125","125","OTC"
"Certican 0.25 mg","Certican 0.25 mg","Everolimus","0.25 mg","ট্যাবলেট","6 x 10","Immunosuppressant","Nevian Lifescience PLC","125","125","OTC"
"Certican 0.50 mg","Certican 0.50 mg","Everolimus","0.50 mg","ট্যাবলেট","6 x 10","Immunosuppressant","Nevian Lifescience PLC","250","250","OTC"
"Certican 0.75 mg","Certican 0.75 mg","Everolimus","0.75 mg","ট্যাবলেট","6 x 10","Immunosuppressant","Nevian Lifescience PLC","375","375","OTC"
"Certiva","Certiva","Multivitamin & Multimineral [A-Z gold preparation]","","ট্যাবলেট","1 x 30","Multi-vitamin & Multi-mineral combined preparations","Everest Pharmaceuticals Ltd.","13","13","OTC"
"Certus 250 mg","Certus 250 mg","Lapatinib","250 mg","ট্যাবলেট","1 x 35","Cytotoxic Chemotherapy","Beacon Pharmaceuticals PLC","350","350","OTC"
"Cerzin 10 mg","Cerzin 10 mg","Cetirizine Hydrochloride","10 mg","ট্যাবলেট","100's pack","Sedating Anti-histamine","FnF Pharmaceuticals Ltd.","2.5","2.5","OTC"
"Cesalin 1 mg/ml","Cesalin 1 mg/ml","Cisplatin","1 mg/ml","আইভি ইনফিউশন","একক","Cytotoxic Chemotherapy","Techno Drugs Ltd.","225","225","Rx"
"Cesil 10 mg","Cesil 10 mg","Cetirizine Hydrochloride","10 mg","ট্যাবলেট","10 x 10","Sedating Anti-histamine","Silva Pharmaceuticals Ltd.","2.51","2.51","OTC"
"Cesil 5 mg/5 ml","Cesil 5 mg/5 ml","Cetirizine Hydrochloride","5 mg/5 ml","সিরাপ","একক","Sedating Anti-histamine","Silva Pharmaceuticals Ltd.","16","16","OTC"
"Cesonide 160 mcg/actuation","Cesonide 160 mcg/actuation","Ciclesonide (Inhalation Aerosol)","160 mcg/actuation","Metered-Dose Inhaler (MDI)","একক","Respiratory corticosteroids","Beximco Pharmaceuticals Ltd.","375","375","OTC"
"Cesonide 80 mcg/actuation","Cesonide 80 mcg/actuation","Ciclesonide (Inhalation Aerosol)","80 mcg/actuation","Metered-Dose Inhaler (MDI)","একক","Respiratory corticosteroids","Beximco Pharmaceuticals Ltd.","275","275","OTC"
"Cetacaf 500 mg+65 mg","Cetacaf 500 mg+65 mg","Paracetamol + Caffeine","500 mg+65 mg","ট্যাবলেট","10 x 10","Non-Opioid Analgesics","United Pharmaceuticals Ltd.","1.51","1.51","OTC"
"Cetadol Plus 500 mg+65 mg","Cetadol Plus 500 mg+65 mg","Paracetamol + Caffeine","500 mg+65 mg","ট্যাবলেট","20 x 10","Non-Opioid Analgesics","Doctor’s Chemical Works Ltd.","2","2","OTC"
"Cetal 120 mg/5 ml","Cetal 120 mg/5 ml","Paracetamol","120 mg/5 ml","Oral Suspension","একক","Non-Opioid Analgesics","Supreme Pharmaceutical Ltd.","35","35","OTC"
"Cetal Plus 500 mg+65 mg","Cetal Plus 500 mg+65 mg","Paracetamol + Caffeine","500 mg+65 mg","ট্যাবলেট","100's pack","Non-Opioid Analgesics","Supreme Pharmaceutical Ltd.","1.9","1.9","OTC"
"Cetam 120 mg/5 ml","Cetam 120 mg/5 ml","Paracetamol","120 mg/5 ml","Oral Suspension","একক","Non-Opioid Analgesics","Pacific Pharmaceuticals Ltd.","35","35","OTC"
"Cetam 500 mg","Cetam 500 mg","Paracetamol","500 mg","ট্যাবলেট","20 x 10","Non-Opioid Analgesics","Pacific Pharmaceuticals Ltd.","1.2","1.2","OTC"
"Cetam Plus 500 mg+65 mg","Cetam Plus 500 mg+65 mg","Paracetamol + Caffeine","500 mg+65 mg","ট্যাবলেট","20 x 10","Non-Opioid Analgesics","Pacific Pharmaceuticals Ltd.","2.5","2.5","OTC"
"Cetamex Plus 500 mg+65 mg","Cetamex Plus 500 mg+65 mg","Paracetamol + Caffeine","500 mg+65 mg","ট্যাবলেট","9 x 10","Non-Opioid Analgesics","National Drug Co. Ltd.","2","2","OTC"
"Cetaphil Gentle Cleanser","সিটাফিল জেন্টল স্কিন ক্লিনজার ১২৫ মি.লি.","Skin Care","","লিকুইড","১২৫ মি.লি.","","Cetaphil","780","950","OTC"
"Cetaxim 1 gm/10 ml","Cetaxim 1 gm/10 ml","Cefotaxime","1 gm/10 ml","IM/IV Injection","একক","Third generation cephalosporins","Globe Pharmaceuticals Ltd.","130","130","OTC"
"Cetaxim 250 mg/5 ml","Cetaxim 250 mg/5 ml","Cefotaxime","250 mg/5 ml","IM/IV Injection","একক","Third generation cephalosporins","Globe Pharmaceuticals Ltd.","50","50","OTC"
"Cetaxim 500 mg/10 ml","Cetaxim 500 mg/10 ml","Cefotaxime","500 mg/10 ml","IM/IV Injection","একক","Third generation cephalosporins","Globe Pharmaceuticals Ltd.","76","76","OTC"
"Cetaxone 1 gm/vial","Cetaxone 1 gm/vial","Ceftriaxone Sodium","1 gm/vial","IV Injection","একক","Third generation cephalosporins","Euro Pharma Ltd.","190","190","OTC"
"Cetaxone 2 gm/vial","Cetaxone 2 gm/vial","Ceftriaxone Sodium","2 gm/vial","IV Injection","একক","Third generation cephalosporins","Euro Pharma Ltd.","300","300","OTC"
"Cetirizine 10 mg","Cetirizine 10 mg","Cetirizine Hydrochloride","10 mg","ট্যাবলেট","10 x 10","Sedating Anti-histamine","Pristine Pharmaceuticals Ltd","2.5","2.5","OTC"
"Cetirizine 10 mg","Cetirizine 10 mg","Cetirizine Hydrochloride","10 mg","ট্যাবলেট","100's pack","Sedating Anti-histamine","APC Pharma Ltd.","2.5","2.5","OTC"
"Cetirizine 10 mg","Cetirizine 10 mg","Cetirizine Hydrochloride","10 mg","ট্যাবলেট","10 x 10","Sedating Anti-histamine","Pharmik Laboratories Ltd.","2","2","OTC"
"Cetirizine 5 mg/5 ml","Cetirizine 5 mg/5 ml","Cetirizine Hydrochloride","5 mg/5 ml","সিরাপ","একক","Sedating Anti-histamine","APC Pharma Ltd.","16","16","OTC"
"Cetisoft 10 mg","Cetisoft 10 mg","Cetirizine Hydrochloride","10 mg","ক্যাপসুল","5 x 10","Sedating Anti-histamine","ACME Laboratories Ltd.","4","4","OTC"
"Cetizin 10 mg","Cetizin 10 mg","Cetirizine Hydrochloride","10 mg","ট্যাবলেট","10 x 10","Sedating Anti-histamine","ACME Laboratories Ltd.","3.01","3.01","OTC"
"Cetjet 10 mg","Cetjet 10 mg","Cetirizine Hydrochloride","10 mg","ট্যাবলেট","100's pack","Sedating Anti-histamine","Reliance Pharmaceuticals Ltd.","2","2","OTC"
"Cetmax 10 mg","Cetmax 10 mg","Cetirizine Hydrochloride","10 mg","ট্যাবলেট","10 x 10","Sedating Anti-histamine","Al-Madina Pharmaceuticals Ltd.","3","3","OTC"
"Cetol 120 mg/5 ml","Cetol 120 mg/5 ml","Paracetamol","120 mg/5 ml","Oral Suspension","একক","Non-Opioid Analgesics","Aztec Pharmaceuticals Ltd.","35","35","OTC"
"Cetol 500 mg","Cetol 500 mg","Paracetamol","500 mg","ট্যাবলেট","100's pack","Non-Opioid Analgesics","Aztec Pharmaceuticals Ltd.","1.2","1.2","OTC"
"Cetox Plus 200 mg+50 mg","Cetox Plus 200 mg+50 mg","Vitamin C + Vitamin E","200 mg+50 mg","ট্যাবলেট","5 x 4","Anti-oxidant Multivitamin preparations, Specific combined vitamin preparations","Chemist Laboratories  Ltd.","4","4","OTC"
"Cetra 10 mg","Cetra 10 mg","Cetirizine Hydrochloride","10 mg","ট্যাবলেট","10 x 10","Sedating Anti-histamine","Cosmo Pharma Laboratories Ltd.","2.5","2.5","OTC"
"Cetriben 10 mg","Cetriben 10 mg","Cetirizine Hydrochloride","10 mg","ট্যাবলেট","10 x 10","Sedating Anti-histamine","Benham Pharmaceuticals Ltd.","3","3","OTC"
"Cetriben 5 mg/5 ml","Cetriben 5 mg/5 ml","Cetirizine Hydrochloride","5 mg/5 ml","সিরাপ","একক","Sedating Anti-histamine","Benham Pharmaceuticals Ltd.","35","35","OTC"
"Cetrigen 10 mg","Cetrigen 10 mg","Cetirizine Hydrochloride","10 mg","ট্যাবলেট","10 x 10","Sedating Anti-histamine","Biogen Pharmaceuticals Ltd.","2.5","2.5","OTC"
"Cetril 10 mg","Cetril 10 mg","Cetirizine Hydrochloride","10 mg","ট্যাবলেট","15 x 10","Sedating Anti-histamine","Chemist Laboratories  Ltd.","2.52","2.52","OTC"
"Cetril 5 mg/5 ml","Cetril 5 mg/5 ml","Cetirizine Hydrochloride","5 mg/5 ml","সিরাপ","একক","Sedating Anti-histamine","Chemist Laboratories  Ltd.","30","30","OTC"
"Cetrilon 0.3%+3%","Cetrilon 0.3%+3%","Chlorhexidine Gluconate + Cetrimide","0.3%+3%","সলিউশন","একক","Chlorhexidine & Chloroxylenol preparations","Albion Laboratories Limited","44","44","OTC"
"Cetrimak 10 mg","Cetrimak 10 mg","Cetirizine Hydrochloride","10 mg","ট্যাবলেট","5 x 10","Sedating Anti-histamine","Maks Drug Limited","3","3","OTC"
"Cetrimax 10 mg","Cetrimax 10 mg","Cetirizine Hydrochloride","10 mg","ট্যাবলেট","100's pack","Sedating Anti-histamine","Novus Pharmaceuticals Ltd.","2.5","2.5","OTC"
"Cetrin 10 mg","Cetrin 10 mg","Cetirizine Hydrochloride","10 mg","ক্যাপসুল","4 x 15","Sedating Anti-histamine","Drug International Ltd.","4","4","OTC"
"Cetriz 10 mg","Cetriz 10 mg","Cetirizine Hydrochloride","10 mg","ট্যাবলেট","10 x 10","Sedating Anti-histamine","Astra Biopharmaceuticals Ltd.","2.5","2.5","OTC"
"Cetriz 5 mg/5 ml","Cetriz 5 mg/5 ml","Cetirizine Hydrochloride","5 mg/5 ml","সিরাপ","একক","Sedating Anti-histamine","Astra Biopharmaceuticals Ltd.","20","20","OTC"
"Cetrol 10 mg","Cetrol 10 mg","Cetirizine Hydrochloride","10 mg","ট্যাবলেট","10 x 10","Sedating Anti-histamine","Doctor TIMS Pharmaceuticals Ltd.","3","3","OTC"
"Cetrolix 250 mcg/vial","Cetrolix 250 mcg/vial","Cetrorelix Acetate","250 mcg/vial","SC Injection","একক","Drugs affecting (inhibiting) gonadotrophin","Eskayef Pharmaceuticals Ltd.","2500","2500","OTC"
"Cetrotide 250 mcg/vial","Cetrotide 250 mcg/vial","Cetrorelix Acetate","250 mcg/vial","SC Injection","7's pack","Drugs affecting (inhibiting) gonadotrophin","Janata Traders","5450","5450","OTC"
"Cetuxim 5 mg/ml","Cetuxim 5 mg/ml","Cetuximab","5 mg/ml","আইভি ইনফিউশন","একক","Targeted Cancer Therapy","Beacon Pharmaceuticals PLC","20885","20885","Rx"
"Cetzin 10 mg","Cetzin 10 mg","Cetirizine Hydrochloride","10 mg","ট্যাবলেট","100's pack","Sedating Anti-histamine","Cosmic Pharma Ltd.","3","3","OTC"
"Cetzin 5 mg/5 ml","Cetzin 5 mg/5 ml","Cetirizine Hydrochloride","5 mg/5 ml","সিরাপ","একক","Sedating Anti-histamine","Cosmic Pharma Ltd.","25","25","OTC"
"Cevalin 250 mg","Cevalin 250 mg","Vitamin C [Ascorbic acid]","250 mg","Chewable Tablet","20 x 10","Vitamin-C Preparations","Biopharma Limited","1.9","1.9","OTC"
"Cevion 1000 mg","Cevion 1000 mg","Vitamin C [Ascorbic acid]","1000 mg","Effervescent Tablet","1 x 10","Vitamin-C Preparations","Healthcare Pharmaceuticals Ltd.","8.08","8.08","OTC"
"Cexitil 250 mg","Cexitil 250 mg","Cefuroxime Axetil","250 mg","ট্যাবলেট","2 x 6","Second generation cephalosporins","Medicon Pharmaceuticals Ltd.","25","25","OTC"
"Cexitil 500 mg","Cexitil 500 mg","Cefuroxime Axetil","500 mg","ট্যাবলেট","3 x 4","Second generation cephalosporins","Medicon Pharmaceuticals Ltd.","45","45","OTC"
"Cezin 10 mg","Cezin 10 mg","Cetirizine Hydrochloride","10 mg","ট্যাবলেট","10 x 10","Sedating Anti-histamine","Medicon Pharmaceuticals Ltd.","3","3","OTC"
"Cezin 5 mg/5 ml","Cezin 5 mg/5 ml","Cetirizine Hydrochloride","5 mg/5 ml","সিরাপ","একক","Sedating Anti-histamine","Medicon Pharmaceuticals Ltd.","30","30","OTC"
"CFB 100 mg","CFB 100 mg","Ciprofibrate","100 mg","ট্যাবলেট","3 x 10","Anti-hypertensive, Other Anti-anginal & Anti-ischaemic drugs","Delta Pharma Ltd.","10","10","OTC"
"CFL 125 mg/1.25 ml","CFL 125 mg/1.25 ml","Cefaclor Monohydrate","125 mg/1.25 ml","Pediatric Drops","একক","Second generation cephalosporins","Sharif Pharmaceuticals Ltd.","125.37","125.37","OTC"
"CFL 125 mg/5 ml","CFL 125 mg/5 ml","Cefaclor Monohydrate","125 mg/5 ml","পাউডার সাসপেনশন","একক","Second generation cephalosporins","Sharif Pharmaceuticals Ltd.","190.58","190.58","OTC"
"Cfresh Liquigel 1%","Cfresh Liquigel 1%","Carboxymethylcellulose Sodium","1%","Ophthalmic Solution","একক","","Navana Pharmaceuticals Ltd.","300","300","OTC"
"Champion 30%+10%+4%","Champion 30%+10%+4%","Methyl Salicylate + Menthol + Camphor","30%+10%+4%","ক্রিম","একক","Topical anti-inflammatory preparations","Drug International Ltd.","100","100","OTC"
"Champix 0.5 mg","Champix 0.5 mg","Varenicline Tartrate","0.5 mg","ট্যাবলেট","একক","Drugs used in substance dependence","Janata Traders","2050","2050","OTC"
"Champix 1 mg","Champix 1 mg","Varenicline Tartrate","1 mg","ট্যাবলেট","একক","Drugs used in substance dependence","Janata Traders","2044","2044","OTC"
"Charm 100 mg","Charm 100 mg","Sildenafil Citrate","100 mg","ট্যাবলেট","1 x 4","Drugs for Erectile Dysfunction","Drug International Ltd.","50","50","OTC"
"Charm 25 mg","Charm 25 mg","Sildenafil Citrate","25 mg","ট্যাবলেট","1 x 4","Drugs for Erectile Dysfunction","Drug International Ltd.","20","20","OTC"
"Charm 50 mg","Charm 50 mg","Sildenafil Citrate","50 mg","ট্যাবলেট","1 x 4","Drugs for Erectile Dysfunction","Drug International Ltd.","30","30","OTC"
"Charnil (500 mg+100 mg)/5 ml","Charnil (500 mg+100 mg)/5 ml","Sodium Alginate + Potassium Bicarbonate","500 mg+100 mg)/5 ml","Oral Suspension","একক","Antacids","Team Pharmaceuticals Ltd.","150","150","OTC"
"Chear 100 mg","Chear 100 mg","Sertraline Hydrochloride","100 mg","ট্যাবলেট","5 x 10","SSRIs & related anti-depressant drugs","ACI Limited","10.07","10.07","OTC"
"Chear 25 mg","Chear 25 mg","Sertraline Hydrochloride","25 mg","ট্যাবলেট","10 x 10","SSRIs & related anti-depressant drugs","ACI Limited","3.5","3.5","OTC"
"Chear 50 mg","Chear 50 mg","Sertraline Hydrochloride","50 mg","ট্যাবলেট","5 x 10","SSRIs & related anti-depressant drugs","ACI Limited","7","7","OTC"
"Chelova 250 mg","Chelova 250 mg","Deferasirox","250 mg","Dispersible Tablet","5 x 6","Antidote preparations","Jenphar Bangladesh Ltd.","60","60","OTC"
"Chelova 500 mg","Chelova 500 mg","Deferasirox","500 mg","Dispersible Tablet","5 x 6","Antidote preparations","Jenphar Bangladesh Ltd.","100","100","OTC"
"Chelova FCT 180 mg","Chelova FCT 180 mg","Deferasirox","180 mg","ট্যাবলেট","5 x 6","Antidote preparations","Jenphar Bangladesh Ltd.","55","55","OTC"
"Chelova FCT 360 mg","Chelova FCT 360 mg","Deferasirox","360 mg","ট্যাবলেট","5 x 6","Antidote preparations","Jenphar Bangladesh Ltd.","110","110","OTC"
"Chemist OralSaline 10.25 gm","Chemist OralSaline 10.25 gm","Oral rehydration salt [glucose based]","10.25 gm","Oral Powder","20's pack","Oral electrolytes preparations","Chemist Laboratories  Ltd.","5","5","OTC"
"Chemocain 2%","Chemocain 2%","Lidocaine Hydrochloride (Injection)","2%","ইনজেকশন","একক","Local & Surface anesthesia","Chemist Laboratories  Ltd.","40","40","Rx"
"Chemocain-A 2%+0.0005%","Chemocain-A 2%+0.0005%","Lidocaine + Adrenaline","2%+0.0005%","ইনজেকশন","একক","Local & Surface anesthesia","Chemist Laboratories  Ltd.","100","100","Rx"
"Chemophenicol 0.5%","Chemophenicol 0.5%","Chloramphenicol (Ophthalmic)","0.5%","Ophthalmic Solution","একক","Anti-infectives & antiseptics, Macrolides","Chemist Laboratories  Ltd.","34","34","OTC"
"Chewce 250 mg","Chewce 250 mg","Vitamin C [Ascorbic acid]","250 mg","Chewable Tablet","20 x 10","Vitamin-C Preparations","Navana Pharmaceuticals Ltd.","1.9","1.9","OTC"
"Chir DS 400 mg","Chir DS 400 mg","Albendazole","400 mg","Chewable Tablet","10's pack","Anthelmintic","Reliance Pharmaceuticals Ltd.","5.14","5.14","OTC"
"Chloramphenicol 250 mg","Chloramphenicol 250 mg","Chloramphenicol (Oral)","250 mg","ক্যাপসুল","100's pack","Anti-infectives & antiseptics, Macrolides","Hudson Pharmaceuticals Ltd.","2.2","2.2","OTC"
"Chlormet 0.1%+0.5%","Chlormet 0.1%+0.5%","Dexamethasone + Chloramphenicol","0.1%+0.5%","Ophthalmic Solution","একক","Anti-infectives & antiseptics, Ophthalmic steroid - antibiotic combined preparations","Beximco Pharmaceuticals Ltd.","70","70","OTC"
"Chlorodex 0.1%+0.5%","Chlorodex 0.1%+0.5%","Dexamethasone + Chloramphenicol","0.1%+0.5%","Ophthalmic Solution","একক","Anti-infectives & antiseptics, Ophthalmic steroid - antibiotic combined preparations","Nipa Pharmaceuticals Ltd.","70","70","OTC"
"Chlorool 125 mg/5 ml","Chlorool 125 mg/5 ml","Chloramphenicol (Oral)","125 mg/5 ml","Oral Suspension","একক","Anti-infectives & antiseptics, Macrolides","Seema Pharmaceuticals Ltd.","20","20","OTC"
"Chlorool 250 mg","Chlorool 250 mg","Chloramphenicol (Oral)","250 mg","ক্যাপসুল","100's pack","Anti-infectives & antiseptics, Macrolides","Seema Pharmaceuticals Ltd.","3","3","OTC"
"Chlorosol 0.5%+70%","Chlorosol 0.5%+70%","Chlorhexidine Gluconate + Isopropyl alcohol","0.5%+70%","Hand Rub","একক","Chlorhexidine & Chloroxylenol preparations, Other antibacterial preparation","Ziska Pharmaceuticals Ltd.","130","130","OTC"
"Chlorovis 0.5%","Chlorovis 0.5%","Chloramphenicol (Ophthalmic)","0.5%","Ophthalmic Solution","একক","Anti-infectives & antiseptics, Macrolides","Biopharma Limited","34.4","34.4","OTC"
"Chlorphen 0.5%","Chlorphen 0.5%","Chloramphenicol (Ophthalmic)","0.5%","Ophthalmic Solution","একক","Anti-infectives & antiseptics, Macrolides","Nipa Pharmaceuticals Ltd.","34.5","34.5","OTC"
"Chlorphen 1%","Chlorphen 1%","Chloramphenicol (Ophthalmic)","1%","Ophthalmic Ointment","একক","Anti-infectives & antiseptics, Macrolides","Nipa Pharmaceuticals Ltd.","8.5","8.5","OTC"
"Chlorphen 250 mg","Chlorphen 250 mg","Chloramphenicol (Oral)","250 mg","ক্যাপসুল","10 x 10","Anti-infectives & antiseptics, Macrolides","Nipa Pharmaceuticals Ltd.","2","2","OTC"
"Chlorphen 5%+1%","Chlorphen 5%+1%","Chloramphenicol + Lidocaine Hydrochloride","5%+1%","Ear Drop","একক","Anti-infectives & antiseptics, Aural Anti-bacterial preparations","Nipa Pharmaceuticals Ltd.","20.23","20.23","OTC"
"Chlorpheniramine 4 mg","Chlorpheniramine 4 mg","Chlorpheniramine Maleate","4 mg","ট্যাবলেট","100's pack","Sedating Anti-histamine","Medimet Pharmaceuticals Ltd.","0.18","0.18","OTC"
"Cholcut 10 mg","Cholcut 10 mg","Rosuvastatin Calcium","10 mg","ট্যাবলেট","3 x 10","Other Anti-anginal & Anti-ischaemic drugs, Statins","Ziska Pharmaceuticals Ltd.","20","20","OTC"
"Cholcut 20 mg","Cholcut 20 mg","Rosuvastatin Calcium","20 mg","ট্যাবলেট","2 x 10","Other Anti-anginal & Anti-ischaemic drugs, Statins","Ziska Pharmaceuticals Ltd.","30","30","OTC"
"Cholcut 5 mg","Cholcut 5 mg","Rosuvastatin Calcium","5 mg","ট্যাবলেট","3 x 10","Other Anti-anginal & Anti-ischaemic drugs, Statins","Ziska Pharmaceuticals Ltd.","10","10","OTC"
"Cholcut EZ 10 mg+10 mg","Cholcut EZ 10 mg+10 mg","Rosuvastatin + Ezetimibe","10 mg+10 mg","ট্যাবলেট","3 x 10","Other lipid regulating drugs","Ziska Pharmaceuticals Ltd.","25","25","OTC"
"Cholcut EZ 20 mg+10 mg","Cholcut EZ 20 mg+10 mg","Rosuvastatin + Ezetimibe","20 mg+10 mg","ট্যাবলেট","2 x 10","Other lipid regulating drugs","Ziska Pharmaceuticals Ltd.","32","32","OTC"
"Cholcut EZ 5 mg+10 mg","Cholcut EZ 5 mg+10 mg","Rosuvastatin + Ezetimibe","5 mg+10 mg","ট্যাবলেট","3 x 10","Other lipid regulating drugs","Ziska Pharmaceuticals Ltd.","13","13","OTC"
"Cholenak 0.5%+0.1%+0.393%","Cholenak 0.5%+0.1%+0.393%","Sodium Chloride + Potassium Chloride + Sodium Acetate","0.5%+0.1%+0.393%","আইভি ইনফিউশন","একক","Electrolytes preparations","Square Pharmaceuticals PLC","70.15","70.15","Rx"
"Cholera Saline","Cholera Saline","Cholera Saline","","আইভি ইনফিউশন","একক","Intravenous fluid preparations","OSL Pharma Limited","69.94","69.94","Rx"
"Cholera Saline","Cholera Saline","Cholera Saline","","আইভি ইনফিউশন","একক","Intravenous fluid preparations","ACME Laboratories Ltd.","70.14","70.14","Rx"
"Cholevit 200000 IU/ml","Cholevit 200000 IU/ml","Cholecalciferol [Vitamin D3]","200000 IU/ml","Injectable Solution (Oral & IM)","একক","Vitamin in bone formation, Vitamin-D preparations","Globe Pharmaceuticals Ltd.","120","120","OTC"
"Choliva 10 mg","Choliva 10 mg","Obeticholic Acid","10 mg","ট্যাবলেট","3 x 10","Farnesoid X Receptor Agonists","UniMed UniHealth Pharmaceuticals Ltd.","55","55","OTC"
"Choliva 5 mg","Choliva 5 mg","Obeticholic Acid","5 mg","ট্যাবলেট","3 x 10","Farnesoid X Receptor Agonists","UniMed UniHealth Pharmaceuticals Ltd.","30","30","OTC"
"Cholvax 1.5 ml/vial","Cholvax 1.5 ml/vial","Oral Cholera Vaccine","1.5 ml/vial","Oral Suspension","একক","Vaccines, Anti-sera & Immunoglobulin","Incepta Pharmaceuticals Ltd.","1000","1000","OTC"
"Choriofactor 5000 IU/vial","Choriofactor 5000 IU/vial","Human Chorionic Gonadotrophin","5000 IU/vial","IM/SC Injection","একক","Female Sex hormones","ZAS Corporation","2300","2300","OTC"
"Chrocee 200 mg","Chrocee 200 mg","Ribavirin","200 mg","ক্যাপসুল","5 x 4","Hepatic viral infections (Hepatitis C)","ACI Limited","35","35","OTC"
"Chuben DS 400 mg","Chuben DS 400 mg","Albendazole","400 mg","Chewable Tablet","12 x 4","Anthelmintic","Alco Pharma Ltd.","5","5","OTC"
"Ciafil 10 mg","Ciafil 10 mg","Tadalafil","10 mg","ট্যাবলেট","1 x 4","Drugs for Erectile Dysfunction","Navana Pharmaceuticals Ltd.","35","35","OTC"
"Ciafil 20 mg","Ciafil 20 mg","Tadalafil","20 mg","ট্যাবলেট","1 x 4","Drugs for Erectile Dysfunction","Navana Pharmaceuticals Ltd.","55","55","OTC"
"Cialix 10 mg","Cialix 10 mg","Tadalafil","10 mg","ট্যাবলেট","1 x 4","Drugs for Erectile Dysfunction","NIPRO JMI Pharma Ltd.","35.11","35.11","OTC"
"Ciaton 10 mg","Ciaton 10 mg","Tadalafil","10 mg","ট্যাবলেট","1 x 4","Drugs for Erectile Dysfunction","ACI Limited","35.11","35.11","OTC"
"Ciaton 20 mg","Ciaton 20 mg","Tadalafil","20 mg","ট্যাবলেট","1 x 4","Drugs for Erectile Dysfunction","ACI Limited","60.18","60.18","OTC"
"Ciaton 5 mg","Ciaton 5 mg","Tadalafil","5 mg","ট্যাবলেট","1 x 4","Drugs for Erectile Dysfunction","ACI Limited","18.05","18.05","OTC"
"Cibact 250 mg/5 ml","Cibact 250 mg/5 ml","Ciprofloxacin","250 mg/5 ml","পাউডার সাসপেনশন","একক","4-Quinolone preparations, Anti-diarrhoeal antimicrobial drugs","Euro Pharma Ltd.","100","100","OTC"
"Cibact 500 mg","Cibact 500 mg","Ciprofloxacin","500 mg","ট্যাবলেট","3 x 10","4-Quinolone preparations, Anti-diarrhoeal antimicrobial drugs","Euro Pharma Ltd.","15","15","OTC"
"Cibact 750 mg","Cibact 750 mg","Ciprofloxacin","750 mg","ট্যাবলেট","2 x 10","4-Quinolone preparations, Anti-diarrhoeal antimicrobial drugs","Euro Pharma Ltd.","18","18","OTC"
"Cibrate 100 mg","Cibrate 100 mg","Ciprofibrate","100 mg","ট্যাবলেট","2 x 15","Anti-hypertensive, Other Anti-anginal & Anti-ischaemic drugs","Beximco Pharmaceuticals Ltd.","15","15","OTC"
"Cicabio Creme+","Cicabio Creme+","Irritated & Damaged Skin [CICABIO]","","ক্রিম","একক","","UniHealth Limited","2500","2500","OTC"
"Ciclex 50 mcg/spray","Ciclex 50 mcg/spray","Ciclesonide (Nasal Spray)","50 mcg/spray","নেজাল স্প্রে","একক","Respiratory corticosteroids","Opsonin Pharma Ltd.","250.75","250.75","OTC"
"Cicloderm 1%","Cicloderm 1%","Ciclopirox Olamine (Cream)","1%","ক্রিম","একক","Topical Antifungal preparations","Popular Pharmaceuticals Ltd.","110","110","OTC"
"Ciclorox 1%","Ciclorox 1%","Ciclopirox Olamine (Shampoo)","1%","শ্যাম্পু","একক","Topical Antifungal preparations","Opsonin Pharma Ltd.","350","350","OTC"
"Ciclorox 1%","Ciclorox 1%","Ciclopirox Olamine (Cream)","1%","ক্রিম","একক","Topical Antifungal preparations","Opsonin Pharma Ltd.","110","110","OTC"
"Cicloson 50 mcg/spray","Cicloson 50 mcg/spray","Ciclesonide (Nasal Spray)","50 mcg/spray","নেজাল স্প্রে","একক","Respiratory corticosteroids","Incepta Pharmaceuticals Ltd.","350","350","OTC"
"Cicol-D 500 mg+200 IU","Cicol-D 500 mg+200 IU","Coral Calcium + Vitamin D3","500 mg+200 IU","ট্যাবলেট","5 x 10","Specific mineral & vitamin combined preparations","Save Pharmaceuticals Ltd.","10","10","OTC"
"Cidogrel 75 mg","Cidogrel 75 mg","Clopidogrel Bisulphate","75 mg","ট্যাবলেট","3 x 10","Anti-platelet drugs","Credence Pharmaceuticals Ltd.","12","12","OTC"
"Cifibet 100 mg","Cifibet 100 mg","Ciprofibrate","100 mg","ট্যাবলেট","3 x 10","Anti-hypertensive, Other Anti-anginal & Anti-ischaemic drugs","Eskayef Pharmaceuticals Ltd.","15","15","OTC"
"Cifirate 100 mg","Cifirate 100 mg","Ciprofibrate","100 mg","ট্যাবলেট","3 x 10","Anti-hypertensive, Other Anti-anginal & Anti-ischaemic drugs","Opsonin Pharma Ltd.","15","15","OTC"
"Ciflocin 500 mg","Ciflocin 500 mg","Ciprofloxacin","500 mg","ট্যাবলেট","3 x 10","4-Quinolone preparations, Anti-diarrhoeal antimicrobial drugs","Astra Biopharmaceuticals Ltd.","12","12","OTC"
"Ciflodex 0.3%+0.1%","Ciflodex 0.3%+0.1%","Ciprofloxacin + Dexamethasone","0.3%+0.1%","Ophthalmic Solution","একক","Aural steroid & antibiotic combined preparations","Reman Drug Laboratories Ltd.","75","75","OTC"
"Ciflox 0.3%","Ciflox 0.3%","Ciprofloxacin (Ophthalmic)","0.3%","Ophthalmic Ointment","একক","4-Quinolone preparations, Aural Anti-bacterial preparations, Ophthalmic antibacterial drugs","Reman Drug Laboratories Ltd.","35","35","OTC"
"Ciflox 0.3%","Ciflox 0.3%","Ciprofloxacin (Ophthalmic)","0.3%","Ophthalmic Solution","একক","4-Quinolone preparations, Aural Anti-bacterial preparations, Ophthalmic antibacterial drugs","Reman Drug Laboratories Ltd.","50","50","OTC"
"Ciflox 500 mg","Ciflox 500 mg","Ciprofloxacin","500 mg","ট্যাবলেট","20's pack","4-Quinolone preparations, Anti-diarrhoeal antimicrobial drugs","Reman Drug Laboratories Ltd.","12.5","12.5","OTC"
"Ciko 500 mg","Ciko 500 mg","Citicoline Sodium","500 mg","ট্যাবলেট","2 x 6","CNS stimulant drugs","Beacon Pharmaceuticals PLC","50","50","OTC"
"Cikolin 500 mg","Cikolin 500 mg","Citicoline Sodium","500 mg","ট্যাবলেট","1 x 7","CNS stimulant drugs","Drug International Ltd.","50","50","OTC"
"Cikolin 500 mg/4 ml","Cikolin 500 mg/4 ml","Citicoline Sodium","500 mg/4 ml","IM/IV Injection","1 x 3","CNS stimulant drugs","Drug International Ltd.","140","140","OTC"
"Cilanem (500 mg+500 mg)/vial","Cilanem (500 mg+500 mg)/vial","Imipenem + Cilastatin","500 mg+500 mg)/vial","IV Injection","একক","Other beta-lactam antibiotics","Eskayef Pharmaceuticals Ltd.","1195","1195","OTC"
"Cildip 10 mg","Cildip 10 mg","Cilnidipine","10 mg","ট্যাবলেট","4 x 14","Calcium-channel blockers","Opsonin Pharma Ltd.","10","10","OTC"
"Cildip 5 mg","Cildip 5 mg","Cilnidipine","5 mg","ট্যাবলেট","5 x 14","Calcium-channel blockers","Opsonin Pharma Ltd.","8","8","OTC"
"Cildocal 10 mg","Cildocal 10 mg","Cilnidipine","10 mg","ট্যাবলেট","3 x 10","Calcium-channel blockers","Delta Pharma Ltd.","5","5","OTC"
"Cildocal 5 mg","Cildocal 5 mg","Cilnidipine","5 mg","ট্যাবলেট","3 x 10","Calcium-channel blockers","Delta Pharma Ltd.","3","3","OTC"
"Cilma 10 mg","Cilma 10 mg","Cilnidipine","10 mg","ট্যাবলেট","3 x 10","Calcium-channel blockers","Renata PLC","9","9","OTC"
"Cilma 5 mg","Cilma 5 mg","Cilnidipine","5 mg","ট্যাবলেট","3 x 10","Calcium-channel blockers","Renata PLC","7","7","OTC"
"Cilmedip 10 mg","Cilmedip 10 mg","Cilnidipine","10 mg","ট্যাবলেট","3 x 10","Calcium-channel blockers","The IBN SINA Pharmaceutical PLC","6","6","OTC"
"Cilmedip 5 mg","Cilmedip 5 mg","Cilnidipine","5 mg","ট্যাবলেট","3 x 10","Calcium-channel blockers","The IBN SINA Pharmaceutical PLC","4","4","OTC"
"Cilnical 10 mg","Cilnical 10 mg","Cilnidipine","10 mg","ট্যাবলেট","3 x 10","Calcium-channel blockers","UniMed UniHealth Pharmaceuticals Ltd.","9","9","OTC"
"Cilnior 10 mg","Cilnior 10 mg","Cilnidipine","10 mg","ট্যাবলেট","3 x 10","Calcium-channel blockers","Orion Pharma Ltd.","9","9","OTC"
"Cilnior 5 mg","Cilnior 5 mg","Cilnidipine","5 mg","ট্যাবলেট","3 x 10","Calcium-channel blockers","Orion Pharma Ltd.","7","7","OTC"
"Cilnipin 10 mg","Cilnipin 10 mg","Cilnidipine","10 mg","ট্যাবলেট","3 x 10","Calcium-channel blockers","Aristopharma Ltd.","9","9","OTC"
"Cilnipin 5 mg","Cilnipin 5 mg","Cilnidipine","5 mg","ট্যাবলেট","3 x 10","Calcium-channel blockers","Aristopharma Ltd.","7","7","OTC"
"Cilnivas 10 mg","Cilnivas 10 mg","Cilnidipine","10 mg","ট্যাবলেট","3 x 10","Calcium-channel blockers","Popular Pharmaceuticals Ltd.","9","9","OTC"
"Cilnivas 5 mg","Cilnivas 5 mg","Cilnidipine","5 mg","ট্যাবলেট","3 x 10","Calcium-channel blockers","Popular Pharmaceuticals Ltd.","7","7","OTC"
"Cilny 10 mg","Cilny 10 mg","Cilnidipine","10 mg","ট্যাবলেট","3 x 10","Calcium-channel blockers","Eskayef Pharmaceuticals Ltd.","7","7","OTC"
"Cilny 5 mg","Cilny 5 mg","Cilnidipine","5 mg","ট্যাবলেট","3 x 10","Calcium-channel blockers","Eskayef Pharmaceuticals Ltd.","5","5","OTC"
"Cilocab 10 mg","Cilocab 10 mg","Cilnidipine","10 mg","ট্যাবলেট","3 x 10","Calcium-channel blockers","ACI Limited","10","10","OTC"
"Cilocab 5 mg","Cilocab 5 mg","Cilnidipine","5 mg","ট্যাবলেট","3 x 10","Calcium-channel blockers","ACI Limited","8","8","OTC"
"Cilocin 0.3%","Cilocin 0.3%","Ciprofloxacin (Ophthalmic)","0.3%","Ophthalmic Solution","একক","4-Quinolone preparations, Aural Anti-bacterial preparations, Ophthalmic antibacterial drugs","Pacific Pharmaceuticals Ltd.","40","40","OTC"
"Cilocin 250 mg/5 ml","Cilocin 250 mg/5 ml","Ciprofloxacin","250 mg/5 ml","পাউডার সাসপেনশন","একক","4-Quinolone preparations, Anti-diarrhoeal antimicrobial drugs","Pacific Pharmaceuticals Ltd.","100","100","OTC"
"Cilocin 500 mg","Cilocin 500 mg","Ciprofloxacin","500 mg","ট্যাবলেট","5 x 10","4-Quinolone preparations, Anti-diarrhoeal antimicrobial drugs","Pacific Pharmaceuticals Ltd.","12","12","OTC"
"Cilosta 100 mg","Cilosta 100 mg","Cilostazol","100 mg","ট্যাবলেট","3 x 10","Peripheral Vasodilator drugs: Intermittent Claudication","Square Pharmaceuticals PLC","12.09","12.09","OTC"
"Ciltus 125 mg/5 ml","Ciltus 125 mg/5 ml","Citric Acid Monohydrate","125 mg/5 ml","সিরাপ","একক","Cough suppressant","Albion Laboratories Limited","45","45","OTC"
"Cilvas 10 mg","Cilvas 10 mg","Cilnidipine","10 mg","ট্যাবলেট","3 x 10","Calcium-channel blockers","Labaid Pharma Ltd.","10","10","OTC"
"Cilvas 5 mg","Cilvas 5 mg","Cilnidipine","5 mg","ট্যাবলেট","3 x 10","Calcium-channel blockers","Labaid Pharma Ltd.","8","8","OTC"
"Cinagen 0.5%","Cinagen 0.5%","Moxifloxacin Hydrochloride (Ophthalmic)","0.5%","Ophthalmic Solution","একক","4-Quinolone preparations, Ophthalmic antibacterial drugs","Navana Pharmaceuticals Ltd.","160","160","OTC"
"Cinagen XG 0.5%+0.4%","Cinagen XG 0.5%+0.4%","Moxifloxacin Hydrochloride + Xanthan Gum","0.5%+0.4%","Ophthalmic Solution","একক","4-Quinolone preparations, Ophthalmic antibacterial drugs","Navana Pharmaceuticals Ltd.","150","150","OTC"
"Cinagen-D 0.5%+0.1%","Cinagen-D 0.5%+0.1%","Moxifloxacin Hydrochloride + Dexamethasone","0.5%+0.1%","Ophthalmic Solution","একক","4-Quinolone preparations, Ophthalmic Steroid preparations","Navana Pharmaceuticals Ltd.","250","250","OTC"
"Cinalid 200 mg/5 ml","Cinalid 200 mg/5 ml","Azithromycin Dihydrate","200 mg/5 ml","পাউডার সাসপেনশন","একক","Macrolides","Jayson Pharmaceutical Ltd.","75.5","75.5","OTC"
"Cinalid 500 mg","Cinalid 500 mg","Azithromycin Dihydrate","500 mg","ট্যাবলেট","2 x 3","Macrolides","Jayson Pharmaceutical Ltd.","40","40","OTC"
"Cinamak 250 mg/2 ml","Cinamak 250 mg/2 ml","Amikacin","250 mg/2 ml","IM/IV Injection","2 x 5","Aminoglycosides","Techno Drugs Ltd.","12","12","OTC"
"Cinamak 500 mg/2 ml","Cinamak 500 mg/2 ml","Amikacin","500 mg/2 ml","IM/IV Injection","2 x 5","Aminoglycosides","Techno Drugs Ltd.","20.98","20.98","OTC"
"Cinamycin 150 mg","Cinamycin 150 mg","Clindamycin","150 mg","ক্যাপসুল","3 x 10","Macrolides","The IBN SINA Pharmaceutical PLC","8","8","OTC"
"Cinamycin 300 mg","Cinamycin 300 mg","Clindamycin","300 mg","ক্যাপসুল","3 x 10","Macrolides","The IBN SINA Pharmaceutical PLC","15","15","OTC"
"Cinamycin 300 mg/2 ml","Cinamycin 300 mg/2 ml","Clindamycin","300 mg/2 ml","IM/IV Injection","1 x 5","Macrolides","The IBN SINA Pharmaceutical PLC","40","40","OTC"
"Cinamycin 600 mg/4 ml","Cinamycin 600 mg/4 ml","Clindamycin","600 mg/4 ml","IM/IV Injection","1 x 5","Macrolides","The IBN SINA Pharmaceutical PLC","70","70","OTC"
"Cinamycin Plus 1.2%+0.025%","Cinamycin Plus 1.2%+0.025%","Clindamycin + Tretinoin","1.2%+0.025%","Topical Gel","একক","Topical antibiotic & retinoid preparations","The IBN SINA Pharmaceutical PLC","150","150","OTC"
"Cinarex 0.3%","Cinarex 0.3%","Tobramycin (Ophthalmic)","0.3%","Ophthalmic Solution","একক","Aminoglycosides, Ophthalmic antibacterial drugs","Beximco Pharmaceuticals Ltd.","100","100","OTC"
"Cinarex-D 0.1%+0.3%","Cinarex-D 0.1%+0.3%","Dexamethasone + Tobramycin","0.1%+0.3%","Ophthalmic Solution","একক","Aminoglycosides, Ophthalmic steroid - antibiotic combined preparations","Beximco Pharmaceuticals Ltd.","150","150","OTC"
"Cinarin 15 mg","Cinarin 15 mg","Cinnarizine","15 mg","ট্যাবলেট","10 x 10","Anti vertigo drugs","Nipa Pharmaceuticals Ltd.","1","1","OTC"
"Cinaron 15 mg","Cinaron 15 mg","Cinnarizine","15 mg","ট্যাবলেট","20 x 10","Anti vertigo drugs","Square Pharmaceuticals PLC","1.35","1.35","OTC"
"Cinaron Plus 20 mg+40 mg","Cinaron Plus 20 mg+40 mg","Cinnarizine + Dimenhydrinate","20 mg+40 mg","ট্যাবলেট","10 x 14","Anti vertigo drugs","Square Pharmaceuticals PLC","2","2","OTC"
"Cinaryl 15 mg","Cinaryl 15 mg","Cinnarizine","15 mg","ট্যাবলেট","10 x 10","Anti vertigo drugs","Opsonin Pharma Ltd.","1","1","OTC"
"Cinaryl Plus 20 mg+40 mg","Cinaryl Plus 20 mg+40 mg","Cinnarizine + Dimenhydrinate","20 mg+40 mg","ট্যাবলেট","10 x 10","Anti vertigo drugs","Opsonin Pharma Ltd.","2","2","OTC"
"Cinarzin 15 mg","Cinarzin 15 mg","Cinnarizine","15 mg","ট্যাবলেট","10 x 10","Anti vertigo drugs","The IBN SINA Pharmaceutical PLC","1","1","OTC"
"Cinarzin Plus 20 mg+40 mg","Cinarzin Plus 20 mg+40 mg","Cinnarizine + Dimenhydrinate","20 mg+40 mg","ট্যাবলেট","10 x 10","Anti vertigo drugs","The IBN SINA Pharmaceutical PLC","2","2","OTC"
"Cinazin 15 mg","Cinazin 15 mg","Cinnarizine","15 mg","ট্যাবলেট","10 x 10","Anti vertigo drugs","ACME Laboratories Ltd.","1.35","1.35","OTC"
"Cinazin Plus 20 mg+40 mg","Cinazin Plus 20 mg+40 mg","Cinnarizine + Dimenhydrinate","20 mg+40 mg","ট্যাবলেট","10 x 10","Anti vertigo drugs","ACME Laboratories Ltd.","2","2","OTC"
"Cinekar 10 mg","Cinekar 10 mg","Cilnidipine","10 mg","ট্যাবলেট","3 x 10","Calcium-channel blockers","Jenphar Bangladesh Ltd.","9","9","OTC"
"Cinekar 5 mg","Cinekar 5 mg","Cilnidipine","5 mg","ট্যাবলেট","3 x 10","Calcium-channel blockers","Jenphar Bangladesh Ltd.","7","7","OTC"
"Cinet 500 mg","Cinet 500 mg","Calcium Carbonate","500 mg","ট্যাবলেট","1 x 30","Minerals in bone formation, Specific mineral preparations","Belsen Pharmaceuticals Ltd.","2","2","OTC"
"Cinnarizine 15 mg","Cinnarizine 15 mg","Cinnarizine","15 mg","ট্যাবলেট","200's pack","Anti vertigo drugs","Bristol Pharmaceuticals Ltd.","1","1","OTC"
"Cinoderm 0.025%","Cinoderm 0.025%","Fluocinolone Acetonide","0.025%","ক্রিম","একক","Fluocinolone & Combined Preparations","Drug International Ltd.","45","45","OTC"
"Cinomyst 15 mg","Cinomyst 15 mg","Cinnarizine","15 mg","ট্যাবলেট","100's pack","Anti vertigo drugs","Mystic Pharmaceuticals Ltd.","0.7","0.7","OTC"
"Cinon 0.1%","Cinon 0.1%","Halcinonide","0.1%","ক্রিম","একক","Other Topical corticosteroids","Ambee Pharmaceuticals Ltd.","16.07","16.07","OTC"
"Cip 0.3%","Cip 0.3%","Ciprofloxacin (Ophthalmic)","0.3%","Ophthalmic Ointment","একক","4-Quinolone preparations, Aural Anti-bacterial preparations, Ophthalmic antibacterial drugs","Asiatic Laboratories Ltd.","32","32","OTC"
"Cip 0.3%","Cip 0.3%","Ciprofloxacin (Ophthalmic)","0.3%","Ophthalmic Solution","একক","4-Quinolone preparations, Aural Anti-bacterial preparations, Ophthalmic antibacterial drugs","Asiatic Laboratories Ltd.","45","45","OTC"
"Cip 500 mg","Cip 500 mg","Ciprofloxacin","500 mg","ট্যাবলেট","5 x 6","4-Quinolone preparations, Anti-diarrhoeal antimicrobial drugs","Asiatic Laboratories Ltd.","14","14","OTC"
"Cip 750 mg","Cip 750 mg","Ciprofloxacin","750 mg","ট্যাবলেট","2 x 6","4-Quinolone preparations, Anti-diarrhoeal antimicrobial drugs","Asiatic Laboratories Ltd.","18","18","OTC"
"Cip-D 0.3%+0.1%","Cip-D 0.3%+0.1%","Ciprofloxacin + Dexamethasone","0.3%+0.1%","Ophthalmic Solution","একক","Aural steroid & antibiotic combined preparations","Asiatic Laboratories Ltd.","75","75","OTC"
"Cipcin 0.3%","Cipcin 0.3%","Ciprofloxacin (Ophthalmic)","0.3%","Ophthalmic Solution","একক","4-Quinolone preparations, Aural Anti-bacterial preparations, Ophthalmic antibacterial drugs","Biopharma Limited","45","45","OTC"
"Cipcin 200 mg/100 ml","Cipcin 200 mg/100 ml","Ciprofloxacin","200 mg/100 ml","আইভি ইনফিউশন","একক","4-Quinolone preparations, Anti-diarrhoeal antimicrobial drugs","Biopharma Limited","140","140","Rx"
"Cipcin 250 mg","Cipcin 250 mg","Ciprofloxacin","250 mg","ট্যাবলেট","3 x 10","4-Quinolone preparations, Anti-diarrhoeal antimicrobial drugs","Biopharma Limited","8.52","8.52","OTC"
"Cipcin 250 mg/5 ml","Cipcin 250 mg/5 ml","Ciprofloxacin","250 mg/5 ml","পাউডার সাসপেনশন","একক","4-Quinolone preparations, Anti-diarrhoeal antimicrobial drugs","Biopharma Limited","100","100","OTC"
"Cipcin 500 mg","Cipcin 500 mg","Ciprofloxacin","500 mg","ট্যাবলেট","3 x 10","4-Quinolone preparations, Anti-diarrhoeal antimicrobial drugs","Biopharma Limited","15.06","15.06","OTC"
"Cipcin 750 mg","Cipcin 750 mg","Ciprofloxacin","750 mg","ট্যাবলেট","3 x 4","4-Quinolone preparations, Anti-diarrhoeal antimicrobial drugs","Biopharma Limited","18.08","18.08","OTC"
"Cipcin-DX 0.3%+0.1%","Cipcin-DX 0.3%+0.1%","Ciprofloxacin + Dexamethasone","0.3%+0.1%","Ophthalmic Solution","একক","Aural steroid & antibiotic combined preparations","Biopharma Limited","75","75","OTC"
"Cipex 250 mg","Cipex 250 mg","Ciprofloxacin","250 mg","ট্যাবলেট","3 x 10","4-Quinolone preparations, Anti-diarrhoeal antimicrobial drugs","Al-Madina Pharmaceuticals Ltd.","7","7","OTC"
"Cipex 250 mg/5 ml","Cipex 250 mg/5 ml","Ciprofloxacin","250 mg/5 ml","পাউডার সাসপেনশন","একক","4-Quinolone preparations, Anti-diarrhoeal antimicrobial drugs","Al-Madina Pharmaceuticals Ltd.","90","90","OTC"
"Cipex 500 mg","Cipex 500 mg","Ciprofloxacin","500 mg","ট্যাবলেট","3 x 10","4-Quinolone preparations, Anti-diarrhoeal antimicrobial drugs","Al-Madina Pharmaceuticals Ltd.","12","12","OTC"
"Cipex 750 mg","Cipex 750 mg","Ciprofloxacin","750 mg","ট্যাবলেট","2 x 10","4-Quinolone preparations, Anti-diarrhoeal antimicrobial drugs","Al-Madina Pharmaceuticals Ltd.","17","17","OTC"
"Ciplon 200 mg/100 ml","Ciplon 200 mg/100 ml","Ciprofloxacin","200 mg/100 ml","আইভি ইনফিউশন","একক","4-Quinolone preparations, Anti-diarrhoeal antimicrobial drugs","Techno Drugs Ltd.","95","95","Rx"
"Ciplon DS 400 mg/100 ml","Ciplon DS 400 mg/100 ml","Ciprofloxacin","400 mg/100 ml","আইভি ইনফিউশন","একক","4-Quinolone preparations, Anti-diarrhoeal antimicrobial drugs","Techno Drugs Ltd.","144.32","144.32","Rx"
"Cipran 40 mg","Cipran 40 mg","Levomilnacipran Hydrochloride","40 mg","Capsule (Extended Release)","3 x 6","Serotonin-norepinephrine reuptake inhibitor (SNRI)","Renata PLC","18","18","OTC"
"Cipran 80 mg","Cipran 80 mg","Levomilnacipran Hydrochloride","80 mg","Capsule (Extended Release)","3 x 6","Serotonin-norepinephrine reuptake inhibitor (SNRI)","Renata PLC","35","35","OTC"
"Ciprin 0.3%","Ciprin 0.3%","Ciprofloxacin (Ophthalmic)","0.3%","Ophthalmic Solution","একক","4-Quinolone preparations, Aural Anti-bacterial preparations, Ophthalmic antibacterial drugs","Nipa Pharmaceuticals Ltd.","40","40","OTC"
"Ciprin 0.3%","Ciprin 0.3%","Ciprofloxacin (Ophthalmic)","0.3%","Ophthalmic Ointment","একক","4-Quinolone preparations, Aural Anti-bacterial preparations, Ophthalmic antibacterial drugs","Nipa Pharmaceuticals Ltd.","35","35","OTC"
"Ciprin 500 mg","Ciprin 500 mg","Ciprofloxacin","500 mg","ট্যাবলেট","3 x 10","4-Quinolone preparations, Anti-diarrhoeal antimicrobial drugs","Nipa Pharmaceuticals Ltd.","12","12","OTC"
"Cipro 250 mg/5 ml","Cipro 250 mg/5 ml","Ciprofloxacin","250 mg/5 ml","পাউডার সাসপেনশন","একক","4-Quinolone preparations, Anti-diarrhoeal antimicrobial drugs","Apollo Pharmaceutical Ltd.","80","80","OTC"
"Cipro 500 mg","Cipro 500 mg","Ciprofloxacin","500 mg","ট্যাবলেট","30's pack","4-Quinolone preparations, Anti-diarrhoeal antimicrobial drugs","Apollo Pharmaceutical Ltd.","10","10","OTC"
"Cipro-A 0.3%","Cipro-A 0.3%","Ciprofloxacin (Ophthalmic)","0.3%","Ophthalmic Solution","একক","4-Quinolone preparations, Aural Anti-bacterial preparations, Ophthalmic antibacterial drugs","ACME Laboratories Ltd.","50","50","OTC"
"Cipro-A 200 mg/100 ml","Cipro-A 200 mg/100 ml","Ciprofloxacin","200 mg/100 ml","আইভি ইনফিউশন","একক","4-Quinolone preparations, Anti-diarrhoeal antimicrobial drugs","ACME Laboratories Ltd.","146.94","146.94","Rx"
"Cipro-A 250 mg","Cipro-A 250 mg","Ciprofloxacin","250 mg","ট্যাবলেট","3 x 10","4-Quinolone preparations, Anti-diarrhoeal antimicrobial drugs","ACME Laboratories Ltd.","8.56","8.56","OTC"
"Cipro-A 250 mg/5 ml","Cipro-A 250 mg/5 ml","Ciprofloxacin","250 mg/5 ml","পাউডার সাসপেনশন","একক","4-Quinolone preparations, Anti-diarrhoeal antimicrobial drugs","ACME Laboratories Ltd.","100.3","100.3","OTC"
"Cipro-A 500 mg","Cipro-A 500 mg","Ciprofloxacin","500 mg","ট্যাবলেট","2 x 10","4-Quinolone preparations, Anti-diarrhoeal antimicrobial drugs","ACME Laboratories Ltd.","16.5","16.5","OTC"
"Cipro-A 750 mg","Cipro-A 750 mg","Ciprofloxacin","750 mg","ট্যাবলেট","2 x 10","4-Quinolone preparations, Anti-diarrhoeal antimicrobial drugs","ACME Laboratories Ltd.","18.11","18.11","OTC"
"Cipro-C 0.3%","Cipro-C 0.3%","Ciprofloxacin (Ophthalmic)","0.3%","Ophthalmic Solution","একক","4-Quinolone preparations, Aural Anti-bacterial preparations, Ophthalmic antibacterial drugs","Chemist Laboratories  Ltd.","45","45","OTC"
"Cipro-C 250 mg/5 ml","Cipro-C 250 mg/5 ml","Ciprofloxacin","250 mg/5 ml","পাউডার সাসপেনশন","একক","4-Quinolone preparations, Anti-diarrhoeal antimicrobial drugs","Chemist Laboratories  Ltd.","110","110","OTC"
"Cipro-C 500 mg","Cipro-C 500 mg","Ciprofloxacin","500 mg","ট্যাবলেট","5 x 10","4-Quinolone preparations, Anti-diarrhoeal antimicrobial drugs","Chemist Laboratories  Ltd.","15","15","OTC"
"Cipro-D 0.3%+0.1%","Cipro-D 0.3%+0.1%","Ciprofloxacin + Dexamethasone","0.3%+0.1%","Ophthalmic Solution","একক","Aural steroid & antibiotic combined preparations","ACME Laboratories Ltd.","75.22","75.22","OTC"
"Cipro-M 500 mg","Cipro-M 500 mg","Ciprofloxacin","500 mg","ট্যাবলেট","40's pack","4-Quinolone preparations, Anti-diarrhoeal antimicrobial drugs","Modern Pharmaceuticals Ltd.","14.06","14.06","OTC"
"Cipro-M 750 mg","Cipro-M 750 mg","Ciprofloxacin","750 mg","ট্যাবলেট","20's pack","4-Quinolone preparations, Anti-diarrhoeal antimicrobial drugs","Modern Pharmaceuticals Ltd.","18.06","18.06","OTC"
"Cipro-P 500 mg","Cipro-P 500 mg","Ciprofloxacin","500 mg","ট্যাবলেট","3 x 10","4-Quinolone preparations, Anti-diarrhoeal antimicrobial drugs","Pristine Pharmaceuticals Ltd","14","14","OTC"
"Cipro-S 250 mg/5 ml","Cipro-S 250 mg/5 ml","Ciprofloxacin","250 mg/5 ml","পাউডার সাসপেনশন","একক","4-Quinolone preparations, Anti-diarrhoeal antimicrobial drugs","Seema Pharmaceuticals Ltd.","90","90","OTC"
"Cipro-S 500 mg","Cipro-S 500 mg","Ciprofloxacin","500 mg","ট্যাবলেট","50's pack","4-Quinolone preparations, Anti-diarrhoeal antimicrobial drugs","Seema Pharmaceuticals Ltd.","14","14","OTC"
"Ciproaid 500 mg","Ciproaid 500 mg","Ciprofloxacin","500 mg","ট্যাবলেট","3 x 10","4-Quinolone preparations, Anti-diarrhoeal antimicrobial drugs","Labaid Pharma Ltd.","17.5","17.5","OTC"
"Ciprobac 500 500 mg","Ciprobac 500 500 mg","Ciprofloxacin","500 mg","ট্যাবলেট","20's pack","4-Quinolone preparations, Anti-diarrhoeal antimicrobial drugs","Bristol Pharmaceuticals Ltd.","10","10","OTC"
"Ciprobac DS 250 mg/5 ml","Ciprobac DS 250 mg/5 ml","Ciprofloxacin","250 mg/5 ml","পাউডার সাসপেনশন","একক","4-Quinolone preparations, Anti-diarrhoeal antimicrobial drugs","Bristol Pharmaceuticals Ltd.","80","80","OTC"
"Ciprobey 250 mg/5 ml","Ciprobey 250 mg/5 ml","Ciprofloxacin","250 mg/5 ml","পাউডার সাসপেনশন","একক","4-Quinolone preparations, Anti-diarrhoeal antimicrobial drugs","Sharif Pharmaceuticals Ltd.","100","100","OTC"
"Ciprobey 500 mg","Ciprobey 500 mg","Ciprofloxacin","500 mg","ট্যাবলেট","3 x 10","4-Quinolone preparations, Anti-diarrhoeal antimicrobial drugs","Sharif Pharmaceuticals Ltd.","14.04","14.04","OTC"
"Ciprocap 250 mg","Ciprocap 250 mg","Ciprofloxacin","250 mg","ট্যাবলেট","30's pack","4-Quinolone preparations, Anti-diarrhoeal antimicrobial drugs","Sonear Laboratories Ltd.","8.71","8.71","OTC"
"Ciprocap 500 mg","Ciprocap 500 mg","Ciprofloxacin","500 mg","ট্যাবলেট","16's pack","4-Quinolone preparations, Anti-diarrhoeal antimicrobial drugs","Sonear Laboratories Ltd.","14.35","14.35","OTC"
"Ciprocin 0.3%","Ciprocin 0.3%","Ciprofloxacin (Ophthalmic)","0.3%","Ophthalmic Solution","একক","4-Quinolone preparations, Aural Anti-bacterial preparations, Ophthalmic antibacterial drugs","Square Pharmaceuticals PLC","50","50","OTC"
"Ciprocin 200 mg/100 ml","Ciprocin 200 mg/100 ml","Ciprofloxacin","200 mg/100 ml","আইভি ইনফিউশন","একক","4-Quinolone preparations, Anti-diarrhoeal antimicrobial drugs","Square Pharmaceuticals PLC","146","146","Rx"
"Ciprocin 250 mg","Ciprocin 250 mg","Ciprofloxacin","250 mg","ট্যাবলেট","5 x 10","4-Quinolone preparations, Anti-diarrhoeal antimicrobial drugs","Square Pharmaceuticals PLC","8.56","8.56","OTC"
"Ciprocin 250 mg/5 ml","Ciprocin 250 mg/5 ml","Ciprofloxacin","250 mg/5 ml","পাউডার সাসপেনশন","একক","4-Quinolone preparations, Anti-diarrhoeal antimicrobial drugs","Square Pharmaceuticals PLC","100.3","100.3","OTC"
"Ciprocin 500 mg","Ciprocin 500 mg","Ciprofloxacin","500 mg","ট্যাবলেট","3 x 10","4-Quinolone preparations, Anti-diarrhoeal antimicrobial drugs","Square Pharmaceuticals PLC","15.05","15.05","OTC"
"Ciprocin 750 mg","Ciprocin 750 mg","Ciprofloxacin","750 mg","ট্যাবলেট","2 x 10","4-Quinolone preparations, Anti-diarrhoeal antimicrobial drugs","Square Pharmaceuticals PLC","18.12","18.12","OTC"
"Ciprocort 0.3%+1%","Ciprocort 0.3%+1%","Ciprofloxacin + Hydrocortisone Acetate","0.3%+1%","Ophthalmic Suspension","একক","Aural steroid & antibiotic combined preparations","Drug International Ltd.","90.3","90.3","OTC"
"Ciprodyl 500 mg","Ciprodyl 500 mg","Ciprofloxacin","500 mg","ট্যাবলেট","3 x 10","4-Quinolone preparations, Anti-diarrhoeal antimicrobial drugs","SMC Enterprise Ltd","12","12","OTC"
"Ciprofloxacin 250 mg","Ciprofloxacin 250 mg","Ciprofloxacin","250 mg","ট্যাবলেট","3 x 10","4-Quinolone preparations, Anti-diarrhoeal antimicrobial drugs","Pharmik Laboratories Ltd.","8.5","8.5","OTC"
"Ciprofloxacin 500 mg","Ciprofloxacin 500 mg","Ciprofloxacin","500 mg","ট্যাবলেট","3 x 10","4-Quinolone preparations, Anti-diarrhoeal antimicrobial drugs","Pharmik Laboratories Ltd.","15","15","OTC"
"Ciprogerm 500 mg","Ciprogerm 500 mg","Ciprofloxacin","500 mg","ট্যাবলেট","3 x 10","4-Quinolone preparations, Anti-diarrhoeal antimicrobial drugs","Biogen Pharmaceuticals Ltd.","14","14","OTC"
"Ciproguard 500 mg","Ciproguard 500 mg","Ciprofloxacin","500 mg","ট্যাবলেট","30's pack","4-Quinolone preparations, Anti-diarrhoeal antimicrobial drugs","Guardian Healthcare Ltd.","14.05","14.05","OTC"
"Ciprol 500 mg","Ciprol 500 mg","Ciprofloxacin","500 mg","ট্যাবলেট","3 x 10","4-Quinolone preparations, Anti-diarrhoeal antimicrobial drugs","Medicon Pharmaceuticals Ltd.","15","15","OTC"
"Ciprol DS 250 mg/5 ml","Ciprol DS 250 mg/5 ml","Ciprofloxacin","250 mg/5 ml","পাউডার সাসপেনশন","একক","4-Quinolone preparations, Anti-diarrhoeal antimicrobial drugs","Medicon Pharmaceuticals Ltd.","110","110","OTC"
"Ciprolyn 250 mg/5 ml","Ciprolyn 250 mg/5 ml","Ciprofloxacin","250 mg/5 ml","পাউডার সাসপেনশন","একক","4-Quinolone preparations, Anti-diarrhoeal antimicrobial drugs","Cosmic Pharma Ltd.","90","90","OTC"
"Ciprolyn 500 mg","Ciprolyn 500 mg","Ciprofloxacin","500 mg","ট্যাবলেট","30's pack","4-Quinolone preparations, Anti-diarrhoeal antimicrobial drugs","Cosmic Pharma Ltd.","13","13","OTC"
"Ciprom 250 mg","Ciprom 250 mg","Ciprofloxacin","250 mg","ট্যাবলেট","30's pack","4-Quinolone preparations, Anti-diarrhoeal antimicrobial drugs","Millat Pharmaceuticals Ltd.","5","5","OTC"
"Ciprom 500 mg","Ciprom 500 mg","Ciprofloxacin","500 mg","ট্যাবলেট","20's pack","4-Quinolone preparations, Anti-diarrhoeal antimicrobial drugs","Millat Pharmaceuticals Ltd.","12","12","OTC"
"Ciprom DS 250 mg/5 ml","Ciprom DS 250 mg/5 ml","Ciprofloxacin","250 mg/5 ml","পাউডার সাসপেনশন","একক","4-Quinolone preparations, Anti-diarrhoeal antimicrobial drugs","Millat Pharmaceuticals Ltd.","80","80","OTC"
"Cipromet 250 mg","Cipromet 250 mg","Ciprofloxacin","250 mg","ট্যাবলেট","30's pack","4-Quinolone preparations, Anti-diarrhoeal antimicrobial drugs","Medimet Pharmaceuticals Ltd.","6","6","OTC"
"Cipromet 500 mg","Cipromet 500 mg","Ciprofloxacin","500 mg","ট্যাবলেট","20's pack","4-Quinolone preparations, Anti-diarrhoeal antimicrobial drugs","Medimet Pharmaceuticals Ltd.","10","10","OTC"
"Cipron 250 mg/5 ml","Cipron 250 mg/5 ml","Ciprofloxacin","250 mg/5 ml","পাউডার সাসপেনশন","একক","4-Quinolone preparations, Anti-diarrhoeal antimicrobial drugs","Edruc Limited","90.01","90.01","OTC"
"Cipron 500 mg","Cipron 500 mg","Ciprofloxacin","500 mg","ট্যাবলেট","50's pack","4-Quinolone preparations, Anti-diarrhoeal antimicrobial drugs","Edruc Limited","14","14","OTC"
"Cipronaaf 500 mg","Cipronaaf 500 mg","Ciprofloxacin","500 mg","ট্যাবলেট","2 x 10","4-Quinolone preparations, Anti-diarrhoeal antimicrobial drugs","Naafco Pharma PLC","15","15","OTC"
"Cipronil 250 mg/5 ml","Cipronil 250 mg/5 ml","Ciprofloxacin","250 mg/5 ml","পাউডার সাসপেনশন","একক","4-Quinolone preparations, Anti-diarrhoeal antimicrobial drugs","Silva Pharmaceuticals Ltd.","95","95","OTC"
"Cipronil 500 mg","Cipronil 500 mg","Ciprofloxacin","500 mg","ট্যাবলেট","5 x 6","4-Quinolone preparations, Anti-diarrhoeal antimicrobial drugs","Silva Pharmaceuticals Ltd.","14.05","14.05","OTC"
"Cipronil 750 mg","Cipronil 750 mg","Ciprofloxacin","750 mg","ট্যাবলেট","3 x 4","4-Quinolone preparations, Anti-diarrhoeal antimicrobial drugs","Silva Pharmaceuticals Ltd.","18.12","18.12","OTC"
"Cipronor 250 mg/5 ml","Cipronor 250 mg/5 ml","Ciprofloxacin","250 mg/5 ml","পাউডার সাসপেনশন","একক","4-Quinolone preparations, Anti-diarrhoeal antimicrobial drugs","Novelta Bestway Pharma Ltd.","100","100","OTC"
"Cipronor 500 mg","Cipronor 500 mg","Ciprofloxacin","500 mg","ট্যাবলেট","20's pack","4-Quinolone preparations, Anti-diarrhoeal antimicrobial drugs","Novelta Bestway Pharma Ltd.","14","14","OTC"
"Ciprosic 250 mg/5 ml","Ciprosic 250 mg/5 ml","Ciprofloxacin","250 mg/5 ml","পাউডার সাসপেনশন","একক","4-Quinolone preparations, Anti-diarrhoeal antimicrobial drugs","Physic pharmaceuticals ltd.","95","95","OTC"
"Ciprosic 500 mg","Ciprosic 500 mg","Ciprofloxacin","500 mg","ট্যাবলেট","3 x 10","4-Quinolone preparations, Anti-diarrhoeal antimicrobial drugs","Physic pharmaceuticals ltd.","14.5","14.5","OTC"
"Ciprosic 750 mg","Ciprosic 750 mg","Ciprofloxacin","750 mg","ট্যাবলেট","2 x 10","4-Quinolone preparations, Anti-diarrhoeal antimicrobial drugs","Physic pharmaceuticals ltd.","17.5","17.5","OTC"
"Ciprotec 250 mg/5 ml","Ciprotec 250 mg/5 ml","Ciprofloxacin","250 mg/5 ml","পাউডার সাসপেনশন","একক","4-Quinolone preparations, Anti-diarrhoeal antimicrobial drugs","APC Pharma Ltd.","80","80","OTC"
"Ciprotec 500 mg","Ciprotec 500 mg","Ciprofloxacin","500 mg","ট্যাবলেট","20's pack","4-Quinolone preparations, Anti-diarrhoeal antimicrobial drugs","APC Pharma Ltd.","8","8","OTC"
"Ciprotim 500 mg","Ciprotim 500 mg","Ciprofloxacin","500 mg","ট্যাবলেট","3 x 10","4-Quinolone preparations, Anti-diarrhoeal antimicrobial drugs","Doctor TIMS Pharmaceuticals Ltd.","14","14","OTC"
"Ciproton 500 mg","Ciproton 500 mg","Ciprofloxacin","500 mg","ট্যাবলেট","3 x 10","4-Quinolone preparations, Anti-diarrhoeal antimicrobial drugs","Centeon Pharma Ltd.","15","15","OTC"
"Ciprox 0.3%","Ciprox 0.3%","Ciprofloxacin (Ophthalmic)","0.3%","Ophthalmic Ointment","একক","4-Quinolone preparations, Aural Anti-bacterial preparations, Ophthalmic antibacterial drugs","Opsonin Pharma Ltd.","35","35","OTC"
"Ciprox 0.3%","Ciprox 0.3%","Ciprofloxacin (Ophthalmic)","0.3%","Ophthalmic Solution","একক","4-Quinolone preparations, Aural Anti-bacterial preparations, Ophthalmic antibacterial drugs","Opsonin Pharma Ltd.","40.15","40.15","OTC"
"Ciprox 200 mg/100 ml","Ciprox 200 mg/100 ml","Ciprofloxacin","200 mg/100 ml","আইভি ইনফিউশন","একক","4-Quinolone preparations, Anti-diarrhoeal antimicrobial drugs","Opsonin Pharma Ltd.","100","100","Rx"
"Ciprox 250 mg","Ciprox 250 mg","Ciprofloxacin","250 mg","ট্যাবলেট","3 x 10","4-Quinolone preparations, Anti-diarrhoeal antimicrobial drugs","Opsonin Pharma Ltd.","8.53","8.53","OTC"
"Ciprox 500 mg","Ciprox 500 mg","Ciprofloxacin","500 mg","ট্যাবলেট","4 x 10","4-Quinolone preparations, Anti-diarrhoeal antimicrobial drugs","Opsonin Pharma Ltd.","15.05","15.05","OTC"
"Ciprox 750 mg","Ciprox 750 mg","Ciprofloxacin","750 mg","ট্যাবলেট","3 x 6","4-Quinolone preparations, Anti-diarrhoeal antimicrobial drugs","Opsonin Pharma Ltd.","18.07","18.07","OTC"
"Ciprox DS 250 mg/5 ml","Ciprox DS 250 mg/5 ml","Ciprofloxacin","250 mg/5 ml","পাউডার সাসপেনশন","একক","4-Quinolone preparations, Anti-diarrhoeal antimicrobial drugs","Opsonin Pharma Ltd.","100","100","OTC"
"Ciprox XR 1000 mg","Ciprox XR 1000 mg","Ciprofloxacin","1000 mg","Tablet (Extended Release)","1 x 6","4-Quinolone preparations, Anti-diarrhoeal antimicrobial drugs","Opsonin Pharma Ltd.","20.08","20.08","OTC"
"Ciproxen 250 mg/5 ml","Ciproxen 250 mg/5 ml","Ciprofloxacin","250 mg/5 ml","পাউডার সাসপেনশন","একক","4-Quinolone preparations, Anti-diarrhoeal antimicrobial drugs","Ad-din Pharmaceuticals Ltd.","100","100","OTC"
"Ciproxen 500 mg","Ciproxen 500 mg","Ciprofloxacin","500 mg","ট্যাবলেট","3 x 10","4-Quinolone preparations, Anti-diarrhoeal antimicrobial drugs","Ad-din Pharmaceuticals Ltd.","15","15","OTC"
"Ciproxim 500 mg","Ciproxim 500 mg","Ciprofloxacin","500 mg","ট্যাবলেট","3 x 8","4-Quinolone preparations, Anti-diarrhoeal antimicrobial drugs","The White Horse Pharmaceuticals Ltd.","14","14","OTC"
"Ciprozen 250 mg","Ciprozen 250 mg","Ciprofloxacin","250 mg","ট্যাবলেট","5 x 10","4-Quinolone preparations, Anti-diarrhoeal antimicrobial drugs","Zenith Pharmaceuticals Ltd.","8.03","8.03","OTC"
"Ciprozen 250 mg/5 ml","Ciprozen 250 mg/5 ml","Ciprofloxacin","250 mg/5 ml","পাউডার সাসপেনশন","একক","4-Quinolone preparations, Anti-diarrhoeal antimicrobial drugs","Zenith Pharmaceuticals Ltd.","75","75","OTC"
"Ciprozen DS 500 mg","Ciprozen DS 500 mg","Ciprofloxacin","500 mg","ট্যাবলেট","3 x 10","4-Quinolone preparations, Anti-diarrhoeal antimicrobial drugs","Zenith Pharmaceuticals Ltd.","14","14","OTC"
"Ciprozid 0.3%","Ciprozid 0.3%","Ciprofloxacin (Ophthalmic)","0.3%","Ophthalmic Solution","একক","4-Quinolone preparations, Aural Anti-bacterial preparations, Ophthalmic antibacterial drugs","Drug International Ltd.","50","50","OTC"
"Ciprozid 200 mg/100 ml","Ciprozid 200 mg/100 ml","Ciprofloxacin","200 mg/100 ml","আইভি ইনফিউশন","একক","4-Quinolone preparations, Anti-diarrhoeal antimicrobial drugs","Drug International Ltd.","70","70","Rx"
"Ciprozid 250 mg","Ciprozid 250 mg","Ciprofloxacin","250 mg","ট্যাবলেট","5 x 10","4-Quinolone preparations, Anti-diarrhoeal antimicrobial drugs","Drug International Ltd.","8.5","8.5","OTC"
"Ciprozid 250 mg/5 ml","Ciprozid 250 mg/5 ml","Ciprofloxacin","250 mg/5 ml","পাউডার সাসপেনশন","একক","4-Quinolone preparations, Anti-diarrhoeal antimicrobial drugs","Drug International Ltd.","100","100","OTC"
"Ciprozid 750 mg","Ciprozid 750 mg","Ciprofloxacin","750 mg","ট্যাবলেট","3 x 10","4-Quinolone preparations, Anti-diarrhoeal antimicrobial drugs","Drug International Ltd.","18","18","OTC"
"Ciprozid-DS 500 mg","Ciprozid-DS 500 mg","Ciprofloxacin","500 mg","ট্যাবলেট","3 x 10","4-Quinolone preparations, Anti-diarrhoeal antimicrobial drugs","Drug International Ltd.","15.05","15.05","OTC"
"Ciprozid-DX 0.3%+0.1%","Ciprozid-DX 0.3%+0.1%","Ciprofloxacin + Dexamethasone","0.3%+0.1%","Ophthalmic Solution","একক","Aural steroid & antibiotic combined preparations","Drug International Ltd.","75.25","75.25","OTC"
"Ciprozid-XR 1000 mg","Ciprozid-XR 1000 mg","Ciprofloxacin","1000 mg","Tablet (Extended Release)","2 x 7","4-Quinolone preparations, Anti-diarrhoeal antimicrobial drugs","Drug International Ltd.","18","18","OTC"
"Cipzin 10 mg","Cipzin 10 mg","Cetirizine Hydrochloride","10 mg","ট্যাবলেট","100's pack","Sedating Anti-histamine","Seema Pharmaceuticals Ltd.","2","2","OTC"
"Cipzin 5 mg/5 ml","Cipzin 5 mg/5 ml","Cetirizine Hydrochloride","5 mg/5 ml","সিরাপ","একক","Sedating Anti-histamine","Seema Pharmaceuticals Ltd.","20","20","OTC"
"Circle Cure Eye Cream","Circle Cure Eye Cream","Miscellaneous Topical Agents","","ক্রিম","একক","","DBL Healthcare Ltd.","2098","2098","OTC"
"Cirizin 10 mg","Cirizin 10 mg","Cetirizine Hydrochloride","10 mg","ট্যাবলেট","10 x 10","Sedating Anti-histamine","Ad-din Pharmaceuticals Ltd.","3","3","OTC"
"Cirizin 5 mg/5 ml","Cirizin 5 mg/5 ml","Cetirizine Hydrochloride","5 mg/5 ml","সিরাপ","একক","Sedating Anti-histamine","Ad-din Pharmaceuticals Ltd.","30","30","OTC"
"Cisatracurium Hameln 10 mg/5 ml","Cisatracurium Hameln 10 mg/5 ml","Cisatracurium Besylate","10 mg/5 ml","আইভি ইনফিউশন","একক","","ZAS Corporation","700","700","Rx"
"Cisatracurium Hameln 5 mg/2.5 ml","Cisatracurium Hameln 5 mg/2.5 ml","Cisatracurium Besylate","5 mg/2.5 ml","আইভি ইনফিউশন","একক","","ZAS Corporation","520","520","Rx"
"Ciscort 50 mcg/spray","Ciscort 50 mcg/spray","Ciclesonide (Nasal Spray)","50 mcg/spray","নেজাল স্প্রে","একক","Respiratory corticosteroids","OSL Pharma Limited","350","350","OTC"
"Cispenam (250 mg+250 mg)/vial","Cispenam (250 mg+250 mg)/vial","Imipenem + Cilastatin","250 mg+250 mg)/vial","IV Injection","একক","Other beta-lactam antibiotics","Incepta Pharmaceuticals Ltd.","650","650","OTC"
"Cispenam (500 mg+500 mg)/vial","Cispenam (500 mg+500 mg)/vial","Imipenem + Cilastatin","500 mg+500 mg)/vial","IV Injection","একক","Other beta-lactam antibiotics","Incepta Pharmaceuticals Ltd.","1195","1195","OTC"
"Cisplat 1 mg/ml","Cisplat 1 mg/ml","Cisplatin","1 mg/ml","আইভি ইনফিউশন","একক","Cytotoxic Chemotherapy","Healthcare Pharmaceuticals Ltd.","300","300","Rx"
"Cisplatin 1 mg/ml","Cisplatin 1 mg/ml","Cisplatin","1 mg/ml","আইভি ইনফিউশন","একক","Cytotoxic Chemotherapy","Janata Traders","502","502","Rx"
"Cisplatin Hexal 1 mg/ml","Cisplatin Hexal 1 mg/ml","Cisplatin","1 mg/ml","আইভি ইনফিউশন","একক","Cytotoxic Chemotherapy","SANDOZ (A Novartis Division)","419","419","Rx"
"Cisplatin PhaRes 1 mg/ml","Cisplatin PhaRes 1 mg/ml","Cisplatin","1 mg/ml","আইভি ইনফিউশন","একক","Cytotoxic Chemotherapy","ZAS Corporation","735","735","Rx"
"Cistor 1 mg/ml","Cistor 1 mg/ml","Cisplatin","1 mg/ml","আইভি ইনফিউশন","একক","Cytotoxic Chemotherapy","Eskayef Pharmaceuticals Ltd.","300","300","Rx"
"Citalam 10 mg","Citalam 10 mg","Escitalopram Oxalate","10 mg","ট্যাবলেট","5 x 10","SSRIs & related anti-depressant drugs","ACI Limited","13","13","OTC"
"Citalam 5 mg","Citalam 5 mg","Escitalopram Oxalate","5 mg","ট্যাবলেট","5 x 10","SSRIs & related anti-depressant drugs","ACI Limited","7","7","OTC"
"Citalex 10 mg","Citalex 10 mg","Escitalopram Oxalate","10 mg","ট্যাবলেট","2 x 10","SSRIs & related anti-depressant drugs","Opsonin Pharma Ltd.","9","9","OTC"
"Citalex 5 mg","Citalex 5 mg","Escitalopram Oxalate","5 mg","ট্যাবলেট","3 x 10","SSRIs & related anti-depressant drugs","Opsonin Pharma Ltd.","6","6","OTC"
"Citalon 10 mg","Citalon 10 mg","Escitalopram Oxalate","10 mg","ট্যাবলেট","3 x 10","SSRIs & related anti-depressant drugs","Popular Pharmaceuticals Ltd.","10","10","OTC"
"Citalon 5 mg","Citalon 5 mg","Escitalopram Oxalate","5 mg","ট্যাবলেট","3 x 10","SSRIs & related anti-depressant drugs","Popular Pharmaceuticals Ltd.","6","6","OTC"
"Citapram 10 mg","Citapram 10 mg","Citalopram Hydrobromide","10 mg","ট্যাবলেট","5 x 10","SSRIs & related anti-depressant drugs","General Pharmaceuticals Ltd.","5.04","5.04","OTC"
"Citapram 20 mg","Citapram 20 mg","Citalopram Hydrobromide","20 mg","ট্যাবলেট","3 x 10","SSRIs & related anti-depressant drugs","General Pharmaceuticals Ltd.","8.05","8.05","OTC"
"Citazar 250 mg","Citazar 250 mg","Levetiracetam","250 mg","ট্যাবলেট","2 x 10","Adjunct anti-epileptic drugs","ACI Limited","15.11","15.11","OTC"
"Citazar 500 mg","Citazar 500 mg","Levetiracetam","500 mg","ট্যাবলেট","2 x 5","Adjunct anti-epileptic drugs","ACI Limited","30","30","OTC"
"Citazar 500 mg/5 ml","Citazar 500 mg/5 ml","Levetiracetam","500 mg/5 ml","Oral Solution","একক","Adjunct anti-epileptic drugs","ACI Limited","190","190","OTC"
"Citazar 500 mg/5 ml","Citazar 500 mg/5 ml","Levetiracetam","500 mg/5 ml","আইভি ইনফিউশন","2 x 5","Adjunct anti-epileptic drugs","ACI Limited","40","40","Rx"
"Citazar XR 500 mg","Citazar XR 500 mg","Levetiracetam","500 mg","Tablet (Extended Release)","3 x 10","Adjunct anti-epileptic drugs","ACI Limited","30","30","OTC"
"Citazar XR 750 mg","Citazar XR 750 mg","Levetiracetam","750 mg","Tablet (Extended Release)","3 x 10","Adjunct anti-epileptic drugs","ACI Limited","35","35","OTC"
"Citicol 500 mg","Citicol 500 mg","Citicoline Sodium","500 mg","ট্যাবলেট","1 x 10","CNS stimulant drugs","Beximco Pharmaceuticals Ltd.","50","50","OTC"
"Citicol 500 mg/4 ml","Citicol 500 mg/4 ml","Citicoline Sodium","500 mg/4 ml","IM/IV Injection","1 x 5","CNS stimulant drugs","Beximco Pharmaceuticals Ltd.","140","140","OTC"
"Citin 10 mg","Citin 10 mg","Cetirizine Hydrochloride","10 mg","ট্যাবলেট","10 x 10","Sedating Anti-histamine","Opsonin Pharma Ltd.","3","3","OTC"
"Citin 5 mg/5 ml","Citin 5 mg/5 ml","Cetirizine Hydrochloride","5 mg/5 ml","সিরাপ","একক","Sedating Anti-histamine","Opsonin Pharma Ltd.","30.1","30.1","OTC"
"Citinex 500 mg","Citinex 500 mg","Citicoline Sodium","500 mg","ট্যাবলেট","1 x 10","CNS stimulant drugs","The IBN SINA Pharmaceutical PLC","50","50","OTC"
"Citinex 500 mg/4 ml","Citinex 500 mg/4 ml","Citicoline Sodium","500 mg/4 ml","IM/IV Injection","1 x 5","CNS stimulant drugs","The IBN SINA Pharmaceutical PLC","140","140","OTC"
"Citivas 500 mg","Citivas 500 mg","Citicoline Sodium","500 mg","ট্যাবলেট","1 x 10","CNS stimulant drugs","Square Pharmaceuticals PLC","50","50","OTC"
"Citizen 10 mg","Citizen 10 mg","Cetirizine Hydrochloride","10 mg","ট্যাবলেট","10 x 10","Sedating Anti-histamine","Zenith Pharmaceuticals Ltd.","2","2","OTC"
"Citofer 210 mg","Citofer 210 mg","Ferric Citrate","210 mg","ট্যাবলেট","4 x 8","Oral Iron preparations","Incepta Pharmaceuticals Ltd.","25","25","OTC"
"Citra-K (1500 mg+250 mg)/5 ml","Citra-K (1500 mg+250 mg)/5 ml","Potassium Citrate + Citric Acid","1500 mg+250 mg)/5 ml","Oral Solution","একক","Prevention of repeated kidney stone formation, Urinary Alkalinizing Agent","UniMed UniHealth Pharmaceuticals Ltd.","200","200","OTC"
"Citra-K 1080 mg","Citra-K 1080 mg","Potassium Citrate","1080 mg","Tablet (Extended Release)","1 x 30","Prevention of repeated kidney stone formation","UniMed UniHealth Pharmaceuticals Ltd.","10","10","OTC"
"Citritol 1200 mg+0.25 mcg","Citritol 1200 mg+0.25 mcg","Calcium Citrate + Calcitriol","1200 mg+0.25 mcg","ট্যাবলেট","1 x 30","Specific mineral & vitamin combined preparations","Opsonin Pharma Ltd.","7","7","OTC"
"Citrosol (1500 mg+250 mg)/5 ml","Citrosol (1500 mg+250 mg)/5 ml","Potassium Citrate + Citric Acid","1500 mg+250 mg)/5 ml","Oral Solution","একক","Prevention of repeated kidney stone formation, Urinary Alkalinizing Agent","ACME Laboratories Ltd.","200","200","OTC"
"Citrux-C 250 mg","Citrux-C 250 mg","Vitamin C [Ascorbic acid]","250 mg","Chewable Tablet","10 x 10","Vitamin-C Preparations","NIPRO JMI Pharma Ltd.","1.9","1.9","OTC"
"Civic-ZF","Civic-ZF","Carbonyl Iron + Folic Acid + Zinc Sulfate + Vitamin B Complex + Vitamin C","","ক্যাপসুল","5 x 10","Iron, Vitamin & Mineral Combined preparation","Kumudini Pharma Ltd.","3.5","3.5","OTC"
"Civitin 250 mg","Civitin 250 mg","Vitamin C [Ascorbic acid]","250 mg","Chewable Tablet","10 x 10","Vitamin-C Preparations","Pharmik Laboratories Ltd.","1.9","1.9","OTC"
"Civodex 0.3%+0.1%","Civodex 0.3%+0.1%","Ciprofloxacin + Dexamethasone","0.3%+0.1%","Ophthalmic Solution","একক","Aural steroid & antibiotic combined preparations","Popular Pharmaceuticals Ltd.","75.28","75.28","OTC"
"Civox 0.3%","Civox 0.3%","Ciprofloxacin (Ophthalmic)","0.3%","Ophthalmic Solution","একক","4-Quinolone preparations, Aural Anti-bacterial preparations, Ophthalmic antibacterial drugs","Popular Pharmaceuticals Ltd.","35.13","35.13","OTC"
"Civox 200 mg/100 ml","Civox 200 mg/100 ml","Ciprofloxacin","200 mg/100 ml","আইভি ইনফিউশন","একক","4-Quinolone preparations, Anti-diarrhoeal antimicrobial drugs","Popular Pharmaceuticals Ltd.","145","145","Rx"
"Civox 250 mg/5 ml","Civox 250 mg/5 ml","Ciprofloxacin","250 mg/5 ml","পাউডার সাসপেনশন","একক","4-Quinolone preparations, Anti-diarrhoeal antimicrobial drugs","Popular Pharmaceuticals Ltd.","90.35","90.35","OTC"
"Civox 500 mg","Civox 500 mg","Ciprofloxacin","500 mg","ট্যাবলেট","4 x 6","4-Quinolone preparations, Anti-diarrhoeal antimicrobial drugs","Popular Pharmaceuticals Ltd.","14.05","14.05","OTC"
"Cizin 10 mg","Cizin 10 mg","Cetirizine Hydrochloride","10 mg","ট্যাবলেট","10 x 10","Sedating Anti-histamine","Nipa Pharmaceuticals Ltd.","2","2","OTC"
"Cizin 5 mg/5 ml","Cizin 5 mg/5 ml","Cetirizine Hydrochloride","5 mg/5 ml","সিরাপ","একক","Sedating Anti-histamine","Nipa Pharmaceuticals Ltd.","15.17","15.17","OTC"
"CK (1500 mg+250 mg)/5 ml","CK (1500 mg+250 mg)/5 ml","Potassium Citrate + Citric Acid","1500 mg+250 mg)/5 ml","Oral Solution","একক","Prevention of repeated kidney stone formation, Urinary Alkalinizing Agent","Popular Pharmaceuticals Ltd.","200","200","OTC"
"Ckemia 2 mg","Ckemia 2 mg","Daprodustat","2 mg","ট্যাবলেট","1 x 10","","Orion Pharma Ltd.","90","90","OTC"
"Ckemia 4 mg","Ckemia 4 mg","Daprodustat","4 mg","ট্যাবলেট","1 x 10","","Orion Pharma Ltd.","140","140","OTC"
"Clacef (125 mg+31.25 mg)/5 ml","Clacef (125 mg+31.25 mg)/5 ml","Cefuroxime Axetil + Clavulanic Acid","125 mg+31.25 mg)/5 ml","পাউডার সাসপেনশন","একক","Second generation cephalosporins","OSL Pharma Limited","265","265","OTC"
"Clacef 125 mg+31.25 mg","Clacef 125 mg+31.25 mg","Cefuroxime Axetil + Clavulanic Acid","125 mg+31.25 mg","ট্যাবলেট","4 x 4","Second generation cephalosporins","OSL Pharma Limited","18","18","OTC"
"Clacef 250 mg+62.5 mg","Clacef 250 mg+62.5 mg","Cefuroxime Axetil + Clavulanic Acid","250 mg+62.5 mg","ট্যাবলেট","4 x 4","Second generation cephalosporins","OSL Pharma Limited","35","35","OTC"
"Clacef 500 mg+125 mg","Clacef 500 mg+125 mg","Cefuroxime Axetil + Clavulanic Acid","500 mg+125 mg","ট্যাবলেট","3 x 4","Second generation cephalosporins","OSL Pharma Limited","55","55","OTC"
"Clacido (1 gm+200 mg)/20 ml","Clacido (1 gm+200 mg)/20 ml","Amoxicillin + Clavulanic Acid","1 gm+200 mg)/20 ml","IV Injection","একক","Broad spectrum penicillins","Healthcare Pharmaceuticals Ltd.","300","300","OTC"
"Clacido (125 mg+31.25 mg)/5 ml","Clacido (125 mg+31.25 mg)/5 ml","Amoxicillin + Clavulanic Acid","125 mg+31.25 mg)/5 ml","পাউডার সাসপেনশন","একক","Broad spectrum penicillins","Healthcare Pharmaceuticals Ltd.","220","220","OTC"
"Clacido (500 mg+100 mg)/10 ml","Clacido (500 mg+100 mg)/10 ml","Amoxicillin + Clavulanic Acid","500 mg+100 mg)/10 ml","IV Injection","একক","Broad spectrum penicillins","Healthcare Pharmaceuticals Ltd.","150","150","OTC"
"Clacido 250 mg+125 mg","Clacido 250 mg+125 mg","Amoxicillin + Clavulanic Acid","250 mg+125 mg","ট্যাবলেট","3 x 6","Broad spectrum penicillins","Healthcare Pharmaceuticals Ltd.","25","25","OTC"
"Clacido 500 mg+125 mg","Clacido 500 mg+125 mg","Amoxicillin + Clavulanic Acid","500 mg+125 mg","ট্যাবলেট","3 x 6","Broad spectrum penicillins","Healthcare Pharmaceuticals Ltd.","32","32","OTC"
"Clacido 875 mg+125 mg","Clacido 875 mg+125 mg","Amoxicillin + Clavulanic Acid","875 mg+125 mg","ট্যাবলেট","2 x 6","Broad spectrum penicillins","Healthcare Pharmaceuticals Ltd.","45","45","OTC"
"Clacido BID (400 mg+57.50 mg)/5 ml","Clacido BID (400 mg+57.50 mg)/5 ml","Amoxicillin + Clavulanic Acid","400 mg+57.50 mg)/5 ml","পাউডার সাসপেনশন","একক","Broad spectrum penicillins","Healthcare Pharmaceuticals Ltd.","100","100","OTC"
"Clacin 500 mg","Clacin 500 mg","Clarithromycin","500 mg","ট্যাবলেট","4's pack","Macrolides","Medimet Pharmaceuticals Ltd.","40","40","OTC"
"Claim 100 mg","Claim 100 mg","Aceclofenac","100 mg","ট্যাবলেট","10 x 10","Drugs for Osteoarthritis, Drugs used for Rheumatoid Arthritis, Non-steroidal Anti-inflammatory Drugs (NSAIDs)","Al-Madina Pharmaceuticals Ltd.","3.5","3.5","OTC"
"Claim ER 200 mg","Claim ER 200 mg","Aceclofenac","200 mg","Tablet (Extended Release)","5 x 10","Drugs for Osteoarthritis, Drugs used for Rheumatoid Arthritis, Non-steroidal Anti-inflammatory Drugs (NSAIDs)","Al-Madina Pharmaceuticals Ltd.","7","7","OTC"
"Clamox (1 gm+200 mg)/20 ml","Clamox (1 gm+200 mg)/20 ml","Amoxicillin + Clavulanic Acid","1 gm+200 mg)/20 ml","IV Injection","একক","Broad spectrum penicillins","Opsonin Pharma Ltd.","300","300","OTC"
"Clamox (125 mg+31.25 mg)/5 ml","Clamox (125 mg+31.25 mg)/5 ml","Amoxicillin + Clavulanic Acid","125 mg+31.25 mg)/5 ml","পাউডার সাসপেনশন","একক","Broad spectrum penicillins","Opsonin Pharma Ltd.","225","225","OTC"
"Clamox (500 mg+100 mg)/10 ml","Clamox (500 mg+100 mg)/10 ml","Amoxicillin + Clavulanic Acid","500 mg+100 mg)/10 ml","IV Injection","একক","Broad spectrum penicillins","Opsonin Pharma Ltd.","140.53","140.53","OTC"
"Clamox 250 mg+125 mg","Clamox 250 mg+125 mg","Amoxicillin + Clavulanic Acid","250 mg+125 mg","ট্যাবলেট","3 x 6","Broad spectrum penicillins","Opsonin Pharma Ltd.","22","22","OTC"
"Clamox 500 mg+125 mg","Clamox 500 mg+125 mg","Amoxicillin + Clavulanic Acid","500 mg+125 mg","ট্যাবলেট","2 x 6","Broad spectrum penicillins","Opsonin Pharma Ltd.","33","33","OTC"
"Clamox 875 mg+125 mg","Clamox 875 mg+125 mg","Amoxicillin + Clavulanic Acid","875 mg+125 mg","ট্যাবলেট","2 x 6","Broad spectrum penicillins","Opsonin Pharma Ltd.","40","40","OTC"
"Clamox DS (400 mg+57.50 mg)/5 ml","Clamox DS (400 mg+57.50 mg)/5 ml","Amoxicillin + Clavulanic Acid","400 mg+57.50 mg)/5 ml","পাউডার সাসপেনশন","একক","Broad spectrum penicillins","Opsonin Pharma Ltd.","90.34","90.34","OTC"
"Clamycin 500 mg","Clamycin 500 mg","Clarithromycin","500 mg","ট্যাবলেট","3 x 4","Macrolides","Biopharma Limited","40","40","OTC"
"Clarex 5 mg","Clarex 5 mg","Desloratadine","5 mg","ট্যাবলেট","5 x 10","Non-sedating antihistamines","Asiatic Laboratories Ltd.","2.5","2.5","OTC"
"Claricin 125 mg/5 ml","Claricin 125 mg/5 ml","Clarithromycin","125 mg/5 ml","পাউডার সাসপেনশন","একক","Macrolides","ACME Laboratories Ltd.","395","395","OTC"
"Claricin 250 mg","Claricin 250 mg","Clarithromycin","250 mg","ট্যাবলেট","2 x 4","Macrolides","ACME Laboratories Ltd.","30","30","OTC"
"Claricin 500 mg","Claricin 500 mg","Clarithromycin","500 mg","ট্যাবলেট","2 x 7","Macrolides","ACME Laboratories Ltd.","45","45","OTC"
"Clarigen 5 mg","Clarigen 5 mg","Levocetirizine Dihydrochloride","5 mg","ট্যাবলেট","10 x 10","Non-sedating antihistamines","Drug International Ltd.","2.25","2.25","OTC"
"Clarimax 125 mg/5 ml","Clarimax 125 mg/5 ml","Clarithromycin","125 mg/5 ml","পাউডার সাসপেনশন","একক","Macrolides","ACI Limited","395","395","OTC"
"Clarimax 250 mg","Clarimax 250 mg","Clarithromycin","250 mg","ট্যাবলেট","1 x 10","Macrolides","ACI Limited","27","27","OTC"
"Clarimax 500 mg","Clarimax 500 mg","Clarithromycin","500 mg","ট্যাবলেট","1 x 7","Macrolides","ACI Limited","40","40","OTC"
"Clarimycin 500 mg","Clarimycin 500 mg","Clarithromycin","500 mg","ট্যাবলেট","10's pack","Macrolides","Amico Laboratories Ltd.","45","45","OTC"
"Clarin 250 mg","Clarin 250 mg","Clarithromycin","250 mg","ট্যাবলেট","1 x 10","Macrolides","Drug International Ltd.","25","25","OTC"
"Clarin 500 mg","Clarin 500 mg","Clarithromycin","500 mg","ট্যাবলেট","1 x 10","Macrolides","Drug International Ltd.","40","40","OTC"
"Clarinaaf 125 mg/5 ml","Clarinaaf 125 mg/5 ml","Clarithromycin","125 mg/5 ml","পাউডার সাসপেনশন","একক","Macrolides","Naafco Pharma PLC","350","350","OTC"
"Clarison 500 mg","Clarison 500 mg","Clarithromycin","500 mg","ট্যাবলেট","10's pack","Macrolides","Hudson Pharmaceuticals Ltd.","45","45","OTC"
"Clarith 125 mg/5 ml","Clarith 125 mg/5 ml","Clarithromycin","125 mg/5 ml","পাউডার সাসপেনশন","একক","Macrolides","The IBN SINA Pharmaceutical PLC","350","350","OTC"
"Clarith 500 mg","Clarith 500 mg","Clarithromycin","500 mg","ট্যাবলেট","1 x 10","Macrolides","The IBN SINA Pharmaceutical PLC","30","30","OTC"
"Clarizol 1%","Clarizol 1%","Clotrimazole (Topical)","1%","ক্রিম","একক","Drugs for subcutaneous and mycoses, Topical Antifungal preparations","Incepta Pharmaceuticals Ltd.","35","35","OTC"
"Clarizol 1%","Clarizol 1%","Clotrimazole (Topical)","1%","Topical Solution","একক","Drugs for subcutaneous and mycoses, Topical Antifungal preparations","Incepta Pharmaceuticals Ltd.","68","68","OTC"
"Clarizol 1%","Clarizol 1%","Clotrimazole (Ear drop)","1%","Ear Drop","একক","Aural Anti-fungal preparations","Incepta Pharmaceuticals Ltd.","80","80","OTC"
"Clarocin 500 mg","Clarocin 500 mg","Clarithromycin","500 mg","ট্যাবলেট","2 x 6","Macrolides","Desh Pharmaceuticals Ltd.","30","30","OTC"
"Clas 75 mg+75 mg","Clas 75 mg+75 mg","Clopidogrel + Aspirin","75 mg+75 mg","ট্যাবলেট","3 x 10","Anti-platelet drugs","Delta Pharma Ltd.","8","8","OTC"
"Clascon 1% w/w","Clascon 1% w/w","Clascoterone","1% w/w","ক্রিম","একক","Acne treatment preparations","Navana Pharmaceuticals Ltd.","900","900","OTC"
"Clasrin 1% w/w","Clasrin 1% w/w","Clascoterone","1% w/w","ক্রিম","একক","Acne treatment preparations","ACME Laboratories Ltd.","840","840","OTC"
"Claudinil 100 mg","Claudinil 100 mg","Cilostazol","100 mg","ট্যাবলেট","3 x 10","Peripheral Vasodilator drugs: Intermittent Claudication","Incepta Pharmaceuticals Ltd.","12","12","OTC"
"Claviator-CV (125 mg+31.25 mg)/5 ml","Claviator-CV (125 mg+31.25 mg)/5 ml","Cefuroxime Axetil + Clavulanic Acid","125 mg+31.25 mg)/5 ml","পাউডার সাসপেনশন","একক","Second generation cephalosporins","Al-Madina Pharmaceuticals Ltd.","250","250","OTC"
"Claviator-CV 250 mg+62.5 mg","Claviator-CV 250 mg+62.5 mg","Cefuroxime Axetil + Clavulanic Acid","250 mg+62.5 mg","ট্যাবলেট","2 x 7","Second generation cephalosporins","Al-Madina Pharmaceuticals Ltd.","30","30","OTC"
"Claviator-CV 500 mg+125 mg","Claviator-CV 500 mg+125 mg","Cefuroxime Axetil + Clavulanic Acid","500 mg+125 mg","ট্যাবলেট","1 x 7","Second generation cephalosporins","Al-Madina Pharmaceuticals Ltd.","50","50","OTC"
"Clavimax-CV 250 mg+62.5 mg","Clavimax-CV 250 mg+62.5 mg","Cefuroxime Axetil + Clavulanic Acid","250 mg+62.5 mg","ট্যাবলেট","2 x 7","Second generation cephalosporins","Goodman Pharmaceuticals Ltd.","30","30","OTC"
"Clavimax-CV 500 mg+125 mg","Clavimax-CV 500 mg+125 mg","Cefuroxime Axetil + Clavulanic Acid","500 mg+125 mg","ট্যাবলেট","1 x 7","Second generation cephalosporins","Goodman Pharmaceuticals Ltd.","50","50","OTC"
"Clavoxil 250 mg+125 mg","Clavoxil 250 mg+125 mg","Amoxicillin + Clavulanic Acid","250 mg+125 mg","ট্যাবলেট","3 x 6","Broad spectrum penicillins","Renata PLC","20","20","OTC"
"Clavoxil 500 mg+125 mg","Clavoxil 500 mg+125 mg","Amoxicillin + Clavulanic Acid","500 mg+125 mg","ট্যাবলেট","3 x 6","Broad spectrum penicillins","Renata PLC","25","25","OTC"
"Clavucure (125 mg+31.25 mg)/5 ml","Clavucure (125 mg+31.25 mg)/5 ml","Cefuroxime Axetil + Clavulanic Acid","125 mg+31.25 mg)/5 ml","পাউডার সাসপেনশন","একক","Second generation cephalosporins","Kumudini Pharma Ltd.","265","265","OTC"
"Clavucure 250 mg+62.5 mg","Clavucure 250 mg+62.5 mg","Cefuroxime Axetil + Clavulanic Acid","250 mg+62.5 mg","ট্যাবলেট","2 x 7","Second generation cephalosporins","Kumudini Pharma Ltd.","34","34","OTC"
"Clavucure 500 mg+125 mg","Clavucure 500 mg+125 mg","Cefuroxime Axetil + Clavulanic Acid","500 mg+125 mg","ট্যাবলেট","1 x 7","Second generation cephalosporins","Kumudini Pharma Ltd.","55","55","OTC"
"Clavuran 100 mg+62.5 mg","Clavuran 100 mg+62.5 mg","Cefpodoxime Proxetil + Clavulanic Acid","100 mg+62.5 mg","ট্যাবলেট","2 x 7","Third generation cephalosporins","Drug International Ltd.","25","25","OTC"
"Clavuran 200 mg+125 mg","Clavuran 200 mg+125 mg","Cefpodoxime Proxetil + Clavulanic Acid","200 mg+125 mg","ট্যাবলেট","2 x 7","Third generation cephalosporins","Drug International Ltd.","40","40","OTC"
"Clavurox (125 mg+31.25 mg)/5 ml","Clavurox (125 mg+31.25 mg)/5 ml","Cefuroxime Axetil + Clavulanic Acid","125 mg+31.25 mg)/5 ml","পাউডার সাসপেনশন","একক","Second generation cephalosporins","Popular Pharmaceuticals Ltd.","285","285","OTC"
"Clavurox 250 mg+62.5 mg","Clavurox 250 mg+62.5 mg","Cefuroxime Axetil + Clavulanic Acid","250 mg+62.5 mg","ট্যাবলেট","2 x 7","Second generation cephalosporins","Popular Pharmaceuticals Ltd.","35","35","OTC"
"Clavurox 500 mg+125 mg","Clavurox 500 mg+125 mg","Cefuroxime Axetil + Clavulanic Acid","500 mg+125 mg","ট্যাবলেট","2 x 7","Second generation cephalosporins","Popular Pharmaceuticals Ltd.","60","60","OTC"
"Clavusef (125 mg+31.25 mg)/5 ml","Clavusef (125 mg+31.25 mg)/5 ml","Cefuroxime Axetil + Clavulanic Acid","125 mg+31.25 mg)/5 ml","পাউডার সাসপেনশন","একক","Second generation cephalosporins","Opsonin Pharma Ltd.","265","265","OTC"
"Clavusef 125 mg+31.25 mg","Clavusef 125 mg+31.25 mg","Cefuroxime Axetil + Clavulanic Acid","125 mg+31.25 mg","ট্যাবলেট","4 x 4","Second generation cephalosporins","Opsonin Pharma Ltd.","20","20","OTC"
"Clavusef 250 mg+62.5 mg","Clavusef 250 mg+62.5 mg","Cefuroxime Axetil + Clavulanic Acid","250 mg+62.5 mg","ট্যাবলেট","4 x 4","Second generation cephalosporins","Opsonin Pharma Ltd.","35","35","OTC"
"Clavusef 500 mg+125 mg","Clavusef 500 mg+125 mg","Cefuroxime Axetil + Clavulanic Acid","500 mg+125 mg","ট্যাবলেট","3 x 4","Second generation cephalosporins","Opsonin Pharma Ltd.","60","60","OTC"
"Clavutil (125 mg+31.25 mg)/5 ml","Clavutil (125 mg+31.25 mg)/5 ml","Cefuroxime Axetil + Clavulanic Acid","125 mg+31.25 mg)/5 ml","পাউডার সাসপেনশন","একক","Second generation cephalosporins","Apex Pharma Ltd.","285","285","OTC"
"Clavutil 250 mg+62.5 mg","Clavutil 250 mg+62.5 mg","Cefuroxime Axetil + Clavulanic Acid","250 mg+62.5 mg","ট্যাবলেট","2 x 7","Second generation cephalosporins","Apex Pharma Ltd.","35","35","OTC"
"Clavutil 500 mg+125 mg","Clavutil 500 mg+125 mg","Cefuroxime Axetil + Clavulanic Acid","500 mg+125 mg","ট্যাবলেট","1 x 7","Second generation cephalosporins","Apex Pharma Ltd.","55","55","OTC"
"Clavuxet 250 mg+62.5 mg","Clavuxet 250 mg+62.5 mg","Cefuroxime Axetil + Clavulanic Acid","250 mg+62.5 mg","ট্যাবলেট","14's pack","Second generation cephalosporins","Leon Pharmaceuticals Ltd.","30.07","30.07","OTC"
"Clavuxim (125 mg+31.25 mg)/5 ml","Clavuxim (125 mg+31.25 mg)/5 ml","Cefuroxime Axetil + Clavulanic Acid","125 mg+31.25 mg)/5 ml","পাউডার সাসপেনশন","একক","Second generation cephalosporins","Novatek Pharmaceuticals Ltd.","250","250","OTC"
"Clavuxim 250 mg+62.5 mg","Clavuxim 250 mg+62.5 mg","Cefuroxime Axetil + Clavulanic Acid","250 mg+62.5 mg","ট্যাবলেট","2 x 7","Second generation cephalosporins","Novatek Pharmaceuticals Ltd.","33","33","OTC"
"Clavuxim 500 mg+125 mg","Clavuxim 500 mg+125 mg","Cefuroxime Axetil + Clavulanic Acid","500 mg+125 mg","ট্যাবলেট","2 x 7","Second generation cephalosporins","Novatek Pharmaceuticals Ltd.","55","55","OTC"
"Claxo 4000 Anti-Xa IU/0.4 ml","Claxo 4000 Anti-Xa IU/0.4 ml","Enoxaparin Sodium","0.4 ml","SC Injection","একক","Parenteral anti-coagulants","General Pharmaceuticals Ltd.","450","450","OTC"
"Claxo 6000 Anti-Xa IU/0.6 ml","Claxo 6000 Anti-Xa IU/0.6 ml","Enoxaparin Sodium","0.6 ml","SC Injection","একক","Parenteral anti-coagulants","General Pharmaceuticals Ltd.","600","600","OTC"
"Claz 80 mg","Claz 80 mg","Gliclazide","80 mg","ট্যাবলেট","3 x 10","Sulfonylureas","Astra Biopharmaceuticals Ltd.","6","6","OTC"
"Clean gel 66%+3.5%","Clean gel 66%+3.5%","Ethanol + Isopropyl alcohol","66%+3.5%","Hand Rub","একক","Bleaching and Disinfectants, Other antibacterial preparation","ACI Limited","75","75","OTC"
"Cleanex 66%+3.5%","Cleanex 66%+3.5%","Ethanol + Isopropyl alcohol","66%+3.5%","Hand Rub","একক","Bleaching and Disinfectants, Other antibacterial preparation","Al-Madina Pharmaceuticals Ltd.","100","100","OTC"
"CleanMax 75%+0.125%+1.45%","CleanMax 75%+0.125%+1.45%","Isopropyl Alcohol + Hydrogen Peroxide + Glycerol","75%+0.125%+1.45%","Hand Rub","একক","Bleaching and Disinfectants, Other antibacterial preparation","Cosmic Pharma Ltd.","40","40","OTC"
"Cleanol 0.5%+70%","Cleanol 0.5%+70%","Chlorhexidine Gluconate + Isopropyl alcohol","0.5%+70%","Hand Rub","একক","Chlorhexidine & Chloroxylenol preparations, Other antibacterial preparation","Novatek Pharmaceuticals Ltd.","40","40","OTC"
"Cleanser 10% w/v","Cleanser 10% w/v","Povidone Iodine","10% w/v","সলিউশন","একক","Iodine compounds (Anti-septic Preparations)","General Pharmaceuticals Ltd.","120","120","OTC"
"Cleansol 0.5%+70%","Cleansol 0.5%+70%","Chlorhexidine Gluconate + Isopropyl alcohol","0.5%+70%","Hand Rub","একক","Chlorhexidine & Chloroxylenol preparations, Other antibacterial preparation","ACME Laboratories Ltd.","40","40","OTC"
"Cleansol HP 75%+0.125%+1.45%","Cleansol HP 75%+0.125%+1.45%","Isopropyl Alcohol + Hydrogen Peroxide + Glycerol","75%+0.125%+1.45%","Hand Rub","একক","Bleaching and Disinfectants, Other antibacterial preparation","ACME Laboratories Ltd.","40","40","OTC"
"Cleanstar Clove 3 gm/100 ml","Cleanstar Clove 3 gm/100 ml","Clove oil","3 gm/100 ml","Mouthwash","একক","Oral preparations","The White Horse Pharmaceuticals Ltd.","75","75","OTC"
"Cleanstar Cool Mint","Cleanstar Cool Mint","Menthol + Thymol + Eucalyptol  + Methyl Salicylate","","Mouthwash","একক","Oral preparations","The White Horse Pharmaceuticals Ltd.","75","75","OTC"
"Cleanstar Gold","Cleanstar Gold","Menthol + Thymol + Eucalyptol  + Methyl Salicylate","","Mouthwash","একক","Oral preparations","The White Horse Pharmaceuticals Ltd.","75","75","OTC"
"Cleanstar Plus","Cleanstar Plus","Eucalyptol + Menthol + Methyl Salicylate + Thymol + Sodium Fluoride","","Mouthwash","একক","Oral preparations","Sharif Pharmaceuticals Ltd.","85","85","OTC"
"Clecof (100 mg+1.1 mg+14 mg)/5 ml","Clecof (100 mg+1.1 mg+14 mg)/5 ml","Guaifenesin + Levomenthol + Diphenhydramine","100 mg+1.1 mg+14 mg)/5 ml","সিরাপ","একক","Combined cough expectorants","One Pharma Ltd.","80","80","OTC"
"Clenol 0.1%+0.5%","Clenol 0.1%+0.5%","Chlorhexidine Hydrochloride + Cetrimide","0.1%+0.5%","ক্রিম","একক","Chlorhexidine & Chloroxylenol preparations","Mystic Pharmaceuticals Ltd.","12","12","OTC"
"Clenpic 10 mg","Clenpic 10 mg","Sodium Picosulfate","10 mg","ট্যাবলেট","3 x 10","Stimulant Laxative","Beacon Pharmaceuticals PLC","10","10","OTC"
"Clenpic 5 mg/5 ml","Clenpic 5 mg/5 ml","Sodium Picosulfate","5 mg/5 ml","Oral Solution","একক","Stimulant Laxative","Beacon Pharmaceuticals PLC","150","150","OTC"
"Cleo 35 2 mg+0.035 mg","Cleo 35 2 mg+0.035 mg","Cyproterone Acetate + Ethinyl Estradiol","2 mg+0.035 mg","ট্যাবলেট","একক","Oral Contraceptive preparations, Oral Hormonal preparations for Acne","Nuvista Pharma Ltd.","199.5","199.5","OTC"
"Cleocin 150 mg","Cleocin 150 mg","Clindamycin","150 mg","ক্যাপসুল","5 x 6","Macrolides","Healthcare Pharmaceuticals Ltd.","10","10","OTC"
"Cleocin 2%","Cleocin 2%","Clindamycin (Vaginal Cream)","2%","Vaginal Cream","একক","Macrolides","Healthcare Pharmaceuticals Ltd.","73","73","OTC"
"Cleocin 300 mg","Cleocin 300 mg","Clindamycin","300 mg","ক্যাপসুল","7 x 4","Macrolides","Healthcare Pharmaceuticals Ltd.","16","16","OTC"
"Cleodin 300 mg","Cleodin 300 mg","Clindamycin","300 mg","ক্যাপসুল","3 x 10","Macrolides","General Pharmaceuticals Ltd.","15.03","15.03","OTC"
"Cleomycin 300 mg","Cleomycin 300 mg","Clindamycin","300 mg","ক্যাপসুল","3 x 10","Macrolides","Rangs Pharmaceuticals Ltd.","15","15","OTC"
"Clepam 0.5 mg","Clepam 0.5 mg","Clonazepam","0.5 mg","ট্যাবলেট","5 x 10","Adjunct anti-epileptic drugs, Benzodiazepine hypnotics","Euro Pharma Ltd.","6.5","6.5","OTC"
"Clepam 1 mg","Clepam 1 mg","Clonazepam","1 mg","ট্যাবলেট","5 x 10","Adjunct anti-epileptic drugs, Benzodiazepine hypnotics","Euro Pharma Ltd.","8","8","OTC"
"Clepam 2 mg","Clepam 2 mg","Clonazepam","2 mg","ট্যাবলেট","3 x 10","Adjunct anti-epileptic drugs, Benzodiazepine hypnotics","Euro Pharma Ltd.","9.5","9.5","OTC"
"Cleven 2000 Anti-Xa IU/0.2 ml","Cleven 2000 Anti-Xa IU/0.2 ml","Enoxaparin Sodium","0.2 ml","SC Injection","একক","Parenteral anti-coagulants","Beximco Pharmaceuticals Ltd.","250","250","OTC"
"Cleven 4000 Anti-Xa IU/0.4 ml","Cleven 4000 Anti-Xa IU/0.4 ml","Enoxaparin Sodium","0.4 ml","SC Injection","একক","Parenteral anti-coagulants","Beximco Pharmaceuticals Ltd.","450","450","OTC"
"Cleven 6000 Anti-Xa IU/0.6 ml","Cleven 6000 Anti-Xa IU/0.6 ml","Enoxaparin Sodium","0.6 ml","SC Injection","একক","Parenteral anti-coagulants","Beximco Pharmaceuticals Ltd.","576","576","OTC"
"Cleven 8000 Anti-Xa IU/0.8 ml","Cleven 8000 Anti-Xa IU/0.8 ml","Enoxaparin Sodium","0.8 ml","SC Injection","একক","Parenteral anti-coagulants","Beximco Pharmaceuticals Ltd.","650","650","OTC"
"Clexta 100 mg","Clexta 100 mg","Venetoclax","100 mg","ট্যাবলেট","1 x 30","Cytotoxic Chemotherapy","Jenphar Bangladesh Ltd.","590","590","OTC"
"Climed 150 mg","Climed 150 mg","Clindamycin","150 mg","ক্যাপসুল","30's pack","Macrolides","Leon Pharmaceuticals Ltd.","8","8","OTC"
"Climed 300 mg","Climed 300 mg","Clindamycin","300 mg","ক্যাপসুল","30's pack","Macrolides","Leon Pharmaceuticals Ltd.","15","15","OTC"
"Climycin 300 mg","Climycin 300 mg","Clindamycin","300 mg","ক্যাপসুল","3 x 10","Macrolides","Square Pharmaceuticals PLC","18","18","OTC"
"Clinacyn 150 mg","Clinacyn 150 mg","Clindamycin","150 mg","ক্যাপসুল","3 x 10","Macrolides","Beximco Pharmaceuticals Ltd.","8","8","OTC"
"Clinacyn 300 mg","Clinacyn 300 mg","Clindamycin","300 mg","ক্যাপসুল","3 x 10","Macrolides","Beximco Pharmaceuticals Ltd.","15","15","OTC"
"Clinacyn T 1.2%+0.025%","Clinacyn T 1.2%+0.025%","Clindamycin + Tretinoin","1.2%+0.025%","Topical Gel","একক","Topical antibiotic & retinoid preparations","Beximco Pharmaceuticals Ltd.","150","150","OTC"
"Clinail 5% w/v","Clinail 5% w/v","Amorolfine Hydrochloride (Nail Lacquer)","5% w/v","Nail Lacquer","একক","Other Antifungal preparations","Incepta Pharmaceuticals Ltd.","500","500","OTC"
"Clincin 150 mg","Clincin 150 mg","Clindamycin","150 mg","ক্যাপসুল","3 x 10","Macrolides","Navana Pharmaceuticals Ltd.","8","8","OTC"
"Clincin 300 mg","Clincin 300 mg","Clindamycin","300 mg","ক্যাপসুল","3 x 10","Macrolides","Navana Pharmaceuticals Ltd.","15.03","15.03","OTC"
"Clinda-A 1.2%+0.025%","Clinda-A 1.2%+0.025%","Clindamycin + Tretinoin","1.2%+0.025%","Topical Gel","একক","Topical antibiotic & retinoid preparations","Dermolive","145","145","OTC"
"Clinda-TIMS 300 mg","Clinda-TIMS 300 mg","Clindamycin","300 mg","ক্যাপসুল","3 x 10","Macrolides","Doctor TIMS Pharmaceuticals Ltd.","15","15","OTC"
"Clindabac 150 mg","Clindabac 150 mg","Clindamycin","150 mg","ক্যাপসুল","3 x 10","Macrolides","Popular Pharmaceuticals Ltd.","8","8","OTC"
"Clindabac 300 mg","Clindabac 300 mg","Clindamycin","300 mg","ক্যাপসুল","3 x 10","Macrolides","Popular Pharmaceuticals Ltd.","15","15","OTC"
"Clindaben 150 mg","Clindaben 150 mg","Clindamycin","150 mg","ক্যাপসুল","3 x 10","Macrolides","Benham Pharmaceuticals Ltd.","8","8","OTC"
"Clindaben 300 mg","Clindaben 300 mg","Clindamycin","300 mg","ক্যাপসুল","3 x 10","Macrolides","Benham Pharmaceuticals Ltd.","15","15","OTC"
"Clindacap 150 mg","Clindacap 150 mg","Clindamycin","150 mg","ক্যাপসুল","3 x 10","Macrolides","Astra Biopharmaceuticals Ltd.","8","8","OTC"
"Clindacap 300 mg","Clindacap 300 mg","Clindamycin","300 mg","ক্যাপসুল","3 x 10","Macrolides","Astra Biopharmaceuticals Ltd.","15","15","OTC"
"Clindacin 1%","Clindacin 1%","Clindamycin (Lotion)","1%","লোশন","একক","Macrolides","Incepta Pharmaceuticals Ltd.","125","125","OTC"
"Clindacin 150 mg","Clindacin 150 mg","Clindamycin","150 mg","ক্যাপসুল","3 x 10","Macrolides","Incepta Pharmaceuticals Ltd.","9","9","OTC"
"Clindacin 2%","Clindacin 2%","Clindamycin (Vaginal Cream)","2%","Vaginal Cream","একক","Macrolides","Incepta Pharmaceuticals Ltd.","70","70","OTC"
"Clindacin 300 mg","Clindacin 300 mg","Clindamycin","300 mg","ক্যাপসুল","3 x 10","Macrolides","Incepta Pharmaceuticals Ltd.","18","18","OTC"
"Clindacin 300 mg/2 ml","Clindacin 300 mg/2 ml","Clindamycin","300 mg/2 ml","IM/IV Injection","1 x 5","Macrolides","Incepta Pharmaceuticals Ltd.","40","40","OTC"
"Clindacin 600 mg/4 ml","Clindacin 600 mg/4 ml","Clindamycin","600 mg/4 ml","IM/IV Injection","1 x 5","Macrolides","Incepta Pharmaceuticals Ltd.","70","70","OTC"
"Clindacin 75 mg/5 ml","Clindacin 75 mg/5 ml","Clindamycin","75 mg/5 ml","পাউডার সাসপেনশন","একক","Macrolides","Incepta Pharmaceuticals Ltd.","280","280","OTC"
"Clindacin Plus 1.2%+0.025%","Clindacin Plus 1.2%+0.025%","Clindamycin + Tretinoin","1.2%+0.025%","Topical Gel","একক","Topical antibiotic & retinoid preparations","Incepta Pharmaceuticals Ltd.","150","150","OTC"
"Clindamet 150 mg","Clindamet 150 mg","Clindamycin","150 mg","ক্যাপসুল","3 x 10","Macrolides","Somatec Pharmaceuticals Ltd.","8","8","OTC"
"Clindamet 300 mg","Clindamet 300 mg","Clindamycin","300 mg","ক্যাপসুল","3 x 10","Macrolides","Somatec Pharmaceuticals Ltd.","15","15","OTC"
"Clindaver 300 mg","Clindaver 300 mg","Clindamycin","300 mg","ক্যাপসুল","3 x 10","Macrolides","Veritas Pharmaceuticals Ltd.","15.05","15.05","OTC"
"Clindax 1%","Clindax 1%","Clindamycin (Lotion)","1%","লোশন","একক","Macrolides","Opsonin Pharma Ltd.","125.85","125.85","OTC"
"Clindax 150 mg","Clindax 150 mg","Clindamycin","150 mg","ক্যাপসুল","3 x 10","Macrolides","Opsonin Pharma Ltd.","9","9","OTC"
"Clindax 2%","Clindax 2%","Clindamycin (Vaginal Cream)","2%","Vaginal Cream","একক","Macrolides","Opsonin Pharma Ltd.","70.26","70.26","OTC"
"Clindax 300 mg","Clindax 300 mg","Clindamycin","300 mg","ক্যাপসুল","3 x 10","Macrolides","Opsonin Pharma Ltd.","17","17","OTC"
"Clindax 300 mg/2 ml","Clindax 300 mg/2 ml","Clindamycin","300 mg/2 ml","IM/IV Injection","1 x 5","Macrolides","Opsonin Pharma Ltd.","40.15","40.15","OTC"
"Clindax 600 mg/4 ml","Clindax 600 mg/4 ml","Clindamycin","600 mg/4 ml","IM/IV Injection","1 x 5","Macrolides","Opsonin Pharma Ltd.","70.26","70.26","OTC"
"Clindax 75 mg/5 ml","Clindax 75 mg/5 ml","Clindamycin","75 mg/5 ml","পাউডার সাসপেনশন","একক","Macrolides","Opsonin Pharma Ltd.","250.94","250.94","OTC"
"Clindax Plus 1.2%+0.025%","Clindax Plus 1.2%+0.025%","Clindamycin + Tretinoin","1.2%+0.025%","Topical Gel","একক","Topical antibiotic & retinoid preparations","Opsonin Pharma Ltd.","150","150","OTC"
"Clindax-B 1%+5%","Clindax-B 1%+5%","Clindamycin + Benzoyl peroxide","1%+5%","Topical Gel","একক","Benzoyl peroxide, Azelaic acid & other preparations","Opsonin Pharma Ltd.","350","350","OTC"
"Clinex 1%","Clinex 1%","Clindamycin (Lotion)","1%","লোশন","একক","Macrolides","Aristopharma Ltd.","125","125","OTC"
"Clinex 150 mg","Clinex 150 mg","Clindamycin","150 mg","ক্যাপসুল","3 x 10","Macrolides","Aristopharma Ltd.","8","8","OTC"
"Clinex 300 mg","Clinex 300 mg","Clindamycin","300 mg","ক্যাপসুল","3 x 10","Macrolides","Aristopharma Ltd.","15","15","OTC"
"Clinex Plus 1.2%+0.025%","Clinex Plus 1.2%+0.025%","Clindamycin + Tretinoin","1.2%+0.025%","Topical Gel","একক","Topical antibiotic & retinoid preparations","Aristopharma Ltd.","150","150","OTC"
"Clinface 1.2%+0.025%","Clinface 1.2%+0.025%","Clindamycin + Tretinoin","1.2%+0.025%","Topical Gel","একক","Topical antibiotic & retinoid preparations","Square Pharmaceuticals PLC","151.02","151.02","OTC"
"Clinit 0.3%+3%","Clinit 0.3%+3%","Chlorhexidine Gluconate + Cetrimide","0.3%+3%","সলিউশন","একক","Chlorhexidine & Chloroxylenol preparations","Incepta Pharmaceuticals Ltd.","125","125","OTC"
"Clinorel 100 mg","Clinorel 100 mg","Sulindac","100 mg","ট্যাবলেট","5 x 10","Drugs for Osteoarthritis, Drugs used for Rheumatoid Arthritis, Drugs used in Gout, Non-steroidal Anti-inflammatory Drugs (NSAIDs)","Opsonin Pharma Ltd.","5","5","OTC"
"Clinorel 200 mg","Clinorel 200 mg","Sulindac","200 mg","ট্যাবলেট","3 x 10","Drugs for Osteoarthritis, Drugs used for Rheumatoid Arthritis, Drugs used in Gout, Non-steroidal Anti-inflammatory Drugs (NSAIDs)","Opsonin Pharma Ltd.","9.54","9.54","OTC"
"Clinosol 5%","Clinosol 5%","Amino Acid, D-Sorbitol & Electrolytes","5%","আইভি ইনফিউশন","একক","Parenteral nutritional preparations","Opsonin Pharma Ltd.","400","400","Rx"
"Clinosol Gold 7%+10%","Clinosol Gold 7%+10%","Amino acids, Glucose & Electrolytes","7%+10%","আইভি ইনফিউশন","একক","Parenteral nutritional preparations","Opsonin Pharma Ltd.","500","500","Rx"
"Clinosol Vit 5%+10%","Clinosol Vit 5%+10%","Amino Acid, D-sorbitol, Vitamins & Electrolytes","5%+10%","আইভি ইনফিউশন","একক","Parenteral nutritional preparations","Opsonin Pharma Ltd.","475","475","Rx"
"Clintrix 1.2%+0.025%","Clintrix 1.2%+0.025%","Clindamycin + Tretinoin","1.2%+0.025%","Topical Gel","একক","Topical antibiotic & retinoid preparations","The White Horse Pharmaceuticals Ltd.","150","150","OTC"
"Cliomet 1%+0.02%","Cliomet 1%+0.02%","Clioquinol + Flumetasone Pivalate","1%+0.02%","Ear Drop","একক","Aural steroid & antibiotic combined preparations, Ophthalmic steroid - antibiotic combined preparations","Incepta Pharmaceuticals Ltd.","100","100","OTC"
"Clioquin 0.025%+3%","Clioquin 0.025%+3%","Clioquinol + Fluocinolone Acetonide","0.025%+3%","ক্রিম","একক","Fluocinolone & Combined Preparations, Topical Antifungal preparations","ACME Laboratories Ltd.","175","175","OTC"
"Clit 250 mg","Clit 250 mg","Chloroquine Phosphate","250 mg","ট্যাবলেট","100's pack","Anti-malarial drugs","Hudson Pharmaceuticals Ltd.","1.2","1.2","OTC"
"Clit 80 mg/5 ml","Clit 80 mg/5 ml","Chloroquine Phosphate","80 mg/5 ml","সিরাপ","একক","Anti-malarial drugs","Hudson Pharmaceuticals Ltd.","22","22","OTC"
"Clix 125 mg/5 ml","Clix 125 mg/5 ml","Clarithromycin","125 mg/5 ml","পাউডার সাসপেনশন","একক","Macrolides","Eskayef Pharmaceuticals Ltd.","395","395","OTC"
"Clix 500 mg","Clix 500 mg","Clarithromycin","500 mg","ট্যাবলেট","1 x 6","Macrolides","Eskayef Pharmaceuticals Ltd.","40","40","OTC"
"Clizin 50 mg","Clizin 50 mg","Meclizine Hydrochloride","50 mg","ট্যাবলেট","100's pack","Anti-emetic drugs","Peoples Pharma Ltd.","2.5","2.5","OTC"
"Clob 10 mg","Clob 10 mg","Clobazam","10 mg","ট্যাবলেট","10 x 10","Benzodiazepine hypnotics","Opsonin Pharma Ltd.","3.85","3.85","OTC"
"Clobac 125 mg/1.25 ml","Clobac 125 mg/1.25 ml","Cefaclor Monohydrate","125 mg/1.25 ml","Pediatric Drops","একক","Second generation cephalosporins","Opsonin Pharma Ltd.","125.47","125.47","OTC"
"Clobac 125 mg/5 ml","Clobac 125 mg/5 ml","Cefaclor Monohydrate","125 mg/5 ml","পাউডার সাসপেনশন","একক","Second generation cephalosporins","Opsonin Pharma Ltd.","180.68","180.68","OTC"
"Clobecort 0.05%","Clobecort 0.05%","Clobetasone Butyrate","0.05%","ক্রিম","একক","Clobetasol / Clobetasone & Combined Preparations","Opsonin Pharma Ltd.","75","75","OTC"
"Clobecort 0.05%","Clobecort 0.05%","Clobetasone Butyrate","0.05%","অয়েন্টমেন্ট","একক","Clobetasol / Clobetasone & Combined Preparations","Opsonin Pharma Ltd.","75","75","OTC"
"Clobederm 0.05%","Clobederm 0.05%","Clobetasol Propionate","0.05%","অয়েন্টমেন্ট","একক","Other Topical corticosteroids","Drug International Ltd.","50","50","OTC"
"Clobederm 0.05%","Clobederm 0.05%","Clobetasol Propionate","0.05%","ক্রিম","একক","Other Topical corticosteroids","Drug International Ltd.","50.2","50.2","OTC"
"Clobenate 0.05%","Clobenate 0.05%","Clobetasol Propionate","0.05%","ক্রিম","একক","Other Topical corticosteroids","Jenphar Bangladesh Ltd.","51","51","OTC"
"Clobenate 0.05%","Clobenate 0.05%","Clobetasol Propionate","0.05%","অয়েন্টমেন্ট","একক","Other Topical corticosteroids","Jenphar Bangladesh Ltd.","57","57","OTC"
"Clobeon 0.05%+0.5%+2%","Clobeon 0.05%+0.5%+2%","Clobetasol Propionate + Neomycin Sulphate + Nystatin","0.05%+0.5%+2%","ক্রিম","একক","Clobetasol / Clobetasone & Combined Preparations","Jenphar Bangladesh Ltd.","65","65","OTC"
"Clobesol 0.05%","Clobesol 0.05%","Clobetasol Propionate","0.05%","অয়েন্টমেন্ট","একক","Other Topical corticosteroids","Aristopharma Ltd.","68","68","OTC"
"Clobesol 0.05%","Clobesol 0.05%","Clobetasol Propionate","0.05%","ক্রিম","একক","Other Topical corticosteroids","Aristopharma Ltd.","58","58","OTC"
"Clobesol SA 0.05%+3%","Clobesol SA 0.05%+3%","Clobetasol Propionate + Salicylic Acid","0.05%+3%","অয়েন্টমেন্ট","একক","Clobetasol / Clobetasone & Combined Preparations","Aristopharma Ltd.","70","70","OTC"
"Clobex 125 mg/5 ml","Clobex 125 mg/5 ml","Cloxacillin Sodium","125 mg/5 ml","পাউডার সাসপেনশন","একক","Narrow spectrum penicillin","Beximco Pharmaceuticals Ltd.","43.85","43.85","OTC"
"Clobex 500 mg","Clobex 500 mg","Cloxacillin Sodium","500 mg","ক্যাপসুল","10 x 10","Narrow spectrum penicillin","Beximco Pharmaceuticals Ltd.","5.96","5.96","OTC"
"Clobid 10 mg","Clobid 10 mg","Clobazam","10 mg","ট্যাবলেট","100's pack","Benzodiazepine hypnotics","Medimet Pharmaceuticals Ltd.","3","3","OTC"
"Clocard 75 mg","Clocard 75 mg","Clopidogrel Bisulphate","75 mg","ট্যাবলেট","3 x 10","Anti-platelet drugs","Aristopharma Ltd.","11","11","OTC"
"Clocard-A 75 mg+75 mg","Clocard-A 75 mg+75 mg","Clopidogrel + Aspirin","75 mg+75 mg","ট্যাবলেট","3 x 10","Anti-platelet drugs","Aristopharma Ltd.","12","12","OTC"
"Clocef 125 mg/5 ml","Clocef 125 mg/5 ml","Cefaclor Monohydrate","125 mg/5 ml","পাউডার সাসপেনশন","একক","Second generation cephalosporins","Amico Laboratories Ltd.","175","175","OTC"
"Clocef 500 mg","Clocef 500 mg","Cefaclor Monohydrate","500 mg","ক্যাপসুল","8's pack","Second generation cephalosporins","Amico Laboratories Ltd.","45","45","OTC"
"Clod 0.1%+0.5%","Clod 0.1%+0.5%","Dexamethasone + Chloramphenicol","0.1%+0.5%","Ophthalmic Solution","একক","Anti-infectives & antiseptics, Ophthalmic steroid - antibiotic combined preparations","Biopharma Limited","65","65","OTC"
"Clodal 1%","Clodal 1%","Clotrimazole (Topical)","1%","ক্রিম","একক","Drugs for subcutaneous and mycoses, Topical Antifungal preparations","Globe Pharmaceuticals Ltd.","25","25","OTC"
"Cloderm 1%","Cloderm 1%","Clotrimazole (Topical)","1%","ক্রিম","একক","Drugs for subcutaneous and mycoses, Topical Antifungal preparations","General Pharmaceuticals Ltd.","35.2","35.2","OTC"
"Clodogrel 75 mg","Clodogrel 75 mg","Clopidogrel Bisulphate","75 mg","ট্যাবলেট","3 x 10","Anti-platelet drugs","Pharmik Laboratories Ltd.","10","10","OTC"
"Clof 100 mg","Clof 100 mg","Aceclofenac","100 mg","ট্যাবলেট","10 x 10","Drugs for Osteoarthritis, Drugs used for Rheumatoid Arthritis, Non-steroidal Anti-inflammatory Drugs (NSAIDs)","Biopharma Limited","4","4","OTC"
"Clofen TR 100 mg","Clofen TR 100 mg","Diclofenac Sodium","100 mg","Capsule (Timed Release)","50's pack","Drugs for Osteoarthritis, Drugs used for Rheumatoid Arthritis, Non-steroidal Anti-inflammatory Drugs (NSAIDs)","Cosmic Pharma Ltd.","3.08","3.08","OTC"
"Clofenac 1% w/w","Clofenac 1% w/w","Diclofenac Sodium","1% w/w","জেল","একক","Drugs for Osteoarthritis, Drugs used for Rheumatoid Arthritis, Non-steroidal Anti-inflammatory Drugs (NSAIDs)","Square Pharmaceuticals PLC","40","40","OTC"
"Clofenac 12.5 mg","Clofenac 12.5 mg","Diclofenac Sodium","12.5 mg","সাপোজিটরি","2 x 5","Drugs for Osteoarthritis, Drugs used for Rheumatoid Arthritis, Non-steroidal Anti-inflammatory Drugs (NSAIDs)","Square Pharmaceuticals PLC","12","12","OTC"
"Clofenac 25 mg","Clofenac 25 mg","Diclofenac Sodium","25 mg","সাপোজিটরি","3 x 5","Drugs for Osteoarthritis, Drugs used for Rheumatoid Arthritis, Non-steroidal Anti-inflammatory Drugs (NSAIDs)","Square Pharmaceuticals PLC","16","16","OTC"
"Clofenac 50 mg","Clofenac 50 mg","Diclofenac Sodium","50 mg","সাপোজিটরি","4 x 5","Drugs for Osteoarthritis, Drugs used for Rheumatoid Arthritis, Non-steroidal Anti-inflammatory Drugs (NSAIDs)","Square Pharmaceuticals PLC","20","20","OTC"
"Clofenac 50 mg","Clofenac 50 mg","Diclofenac Sodium","50 mg","ট্যাবলেট","20 x 10","Drugs for Osteoarthritis, Drugs used for Rheumatoid Arthritis, Non-steroidal Anti-inflammatory Drugs (NSAIDs)","Square Pharmaceuticals PLC","2","2","OTC"
"Clofenac DT 46.5 mg","Clofenac DT 46.5 mg","Diclofenac Sodium","46.5 mg","Dispersible Tablet","10 x 10","Drugs for Osteoarthritis, Drugs used for Rheumatoid Arthritis, Non-steroidal Anti-inflammatory Drugs (NSAIDs)","Square Pharmaceuticals PLC","4.02","4.02","OTC"
"Clofenac Plus (75 mg+20 mg)/2 ml","Clofenac Plus (75 mg+20 mg)/2 ml","Diclofenac Sodium + Lidocaine Hydrochloride","75 mg+20 mg)/2 ml","IM Injection","2 x 5","Drugs for Osteoarthritis, Drugs used for Rheumatoid Arthritis, Non-steroidal Anti-inflammatory Drugs (NSAIDs)","Square Pharmaceuticals PLC","15.1","15.1","OTC"
"Clofenac SR 100 mg","Clofenac SR 100 mg","Diclofenac Sodium","100 mg","Tablet (Sustained Release)","10 x 10","Drugs for Osteoarthritis, Drugs used for Rheumatoid Arthritis, Non-steroidal Anti-inflammatory Drugs (NSAIDs)","Square Pharmaceuticals PLC","5","5","OTC"
"Clofranil 25 mg","Clofranil 25 mg","Clomipramine Hydrochloride","25 mg","ট্যাবলেট","10 x 10","Tricyclic & related anti-depressant drugs","Sun Pharmaceutical (Bangladesh) Ltd.","6.35","6.35","OTC"
"Clogfree 75 mg","Clogfree 75 mg","Clopidogrel Bisulphate","75 mg","ট্যাবলেট","3 x 10","Anti-platelet drugs","Asiatic Laboratories Ltd.","12","12","OTC"
"Clogfree Plus 75 mg+75 mg","Clogfree Plus 75 mg+75 mg","Clopidogrel + Aspirin","75 mg+75 mg","ট্যাবলেট","3 x 10","Anti-platelet drugs","Asiatic Laboratories Ltd.","12","12","OTC"
"Clognil 75 mg","Clognil 75 mg","Clopidogrel Bisulphate","75 mg","ট্যাবলেট","3 x 10","Anti-platelet drugs","Orion Pharma Ltd.","12","12","OTC"
"Clognil Plus 75 mg+75 mg","Clognil Plus 75 mg+75 mg","Clopidogrel + Aspirin","75 mg+75 mg","ট্যাবলেট","3 x 10","Anti-platelet drugs","Orion Pharma Ltd.","12.04","12.04","OTC"
"Clogrel 75 mg","Clogrel 75 mg","Clopidogrel Bisulphate","75 mg","ট্যাবলেট","3 x 15","Anti-platelet drugs","Ad-din Pharmaceuticals Ltd.","12","12","OTC"
"Clogrel Plus 75 mg+75 mg","Clogrel Plus 75 mg+75 mg","Clopidogrel + Aspirin","75 mg+75 mg","ট্যাবলেট","3 x 10","Anti-platelet drugs","Ad-din Pharmaceuticals Ltd.","14","14","OTC"
"Cloles 10 mg","Cloles 10 mg","Atorvastatin Calcium","10 mg","ট্যাবলেট","3 x 10","Other Anti-anginal & Anti-ischaemic drugs, Statins","Doctor’s Chemical Works Ltd.","10","10","OTC"
"Cloma 0.5 mg","Cloma 0.5 mg","Clonazepam","0.5 mg","ট্যাবলেট","5 x 10","Adjunct anti-epileptic drugs, Benzodiazepine hypnotics","Biopharma Limited","6.5","6.5","OTC"
"Cloma 1 mg","Cloma 1 mg","Clonazepam","1 mg","ট্যাবলেট","5 x 10","Adjunct anti-epileptic drugs, Benzodiazepine hypnotics","Biopharma Limited","8","8","OTC"
"Cloma 2 mg","Cloma 2 mg","Clonazepam","2 mg","ট্যাবলেট","3 x 10","Adjunct anti-epileptic drugs, Benzodiazepine hypnotics","Biopharma Limited","10","10","OTC"
"Clon 0.5 mg","Clon 0.5 mg","Clonazepam","0.5 mg","ট্যাবলেট","10 x 10","Adjunct anti-epileptic drugs, Benzodiazepine hypnotics","Globe Pharmaceuticals Ltd.","6","6","OTC"
"Clon 2 mg","Clon 2 mg","Clonazepam","2 mg","ট্যাবলেট","5 x 10","Adjunct anti-epileptic drugs, Benzodiazepine hypnotics","Globe Pharmaceuticals Ltd.","7","7","OTC"
"Clonaben 0.5 mg","Clonaben 0.5 mg","Clonazepam","0.5 mg","ট্যাবলেট","5 x 10","Adjunct anti-epileptic drugs, Benzodiazepine hypnotics","Benham Pharmaceuticals Ltd.","8","8","OTC"
"Clonaben 1 mg","Clonaben 1 mg","Clonazepam","1 mg","ট্যাবলেট","5 x 10","Adjunct anti-epileptic drugs, Benzodiazepine hypnotics","Benham Pharmaceuticals Ltd.","7.5","7.5","OTC"
"Clonaben 2 mg","Clonaben 2 mg","Clonazepam","2 mg","ট্যাবলেট","5 x 10","Adjunct anti-epileptic drugs, Benzodiazepine hypnotics","Benham Pharmaceuticals Ltd.","11","11","OTC"
"Clonabest 0.5 mg","Clonabest 0.5 mg","Clonazepam","0.5 mg","ট্যাবলেট","5 x 10","Adjunct anti-epileptic drugs, Benzodiazepine hypnotics","Goodman Pharmaceuticals Ltd.","6.5","6.5","OTC"
"Clonabest 1 mg","Clonabest 1 mg","Clonazepam","1 mg","ট্যাবলেট","3 x 10","Adjunct anti-epileptic drugs, Benzodiazepine hypnotics","Goodman Pharmaceuticals Ltd.","9","9","OTC"
"Clonabest 2 mg","Clonabest 2 mg","Clonazepam","2 mg","ট্যাবলেট","2 x 10","Adjunct anti-epileptic drugs, Benzodiazepine hypnotics","Goodman Pharmaceuticals Ltd.","12","12","OTC"
"Clonac TR 100 mg","Clonac TR 100 mg","Diclofenac Sodium","100 mg","Capsule (Timed Release)","5 x 10","Drugs for Osteoarthritis, Drugs used for Rheumatoid Arthritis, Non-steroidal Anti-inflammatory Drugs (NSAIDs)","Somatec Pharmaceuticals Ltd.","3.01","3.01","OTC"
"Clonafix 0.5 mg","Clonafix 0.5 mg","Clonazepam","0.5 mg","ট্যাবলেট","3 x 10","Adjunct anti-epileptic drugs, Benzodiazepine hypnotics","Novatek Pharmaceuticals Ltd.","6","6","OTC"
"Clonafix 2 mg","Clonafix 2 mg","Clonazepam","2 mg","ট্যাবলেট","3 x 10","Adjunct anti-epileptic drugs, Benzodiazepine hypnotics","Novatek Pharmaceuticals Ltd.","10","10","OTC"
"Clonapex 0.5 mg","Clonapex 0.5 mg","Clonazepam","0.5 mg","ট্যাবলেট","5 x 10","Adjunct anti-epileptic drugs, Benzodiazepine hypnotics","Apex Pharma Ltd.","6.5","6.5","OTC"
"Clonapex 1 mg","Clonapex 1 mg","Clonazepam","1 mg","ট্যাবলেট","5 x 10","Adjunct anti-epileptic drugs, Benzodiazepine hypnotics","Apex Pharma Ltd.","8","8","OTC"
"Clonapin 0.5 mg","Clonapin 0.5 mg","Clonazepam","0.5 mg","ট্যাবলেট","10 x 10","Adjunct anti-epileptic drugs, Benzodiazepine hypnotics","Popular Pharmaceuticals Ltd.","5","5","OTC"
"Clonapin 1 mg","Clonapin 1 mg","Clonazepam","1 mg","ট্যাবলেট","3 x 10","Adjunct anti-epileptic drugs, Benzodiazepine hypnotics","Popular Pharmaceuticals Ltd.","7","7","OTC"
"Clonapin 2 mg","Clonapin 2 mg","Clonazepam","2 mg","ট্যাবলেট","3 x 10","Adjunct anti-epileptic drugs, Benzodiazepine hypnotics","Popular Pharmaceuticals Ltd.","8","8","OTC"
"Clonate 0.05%","Clonate 0.05%","Clobetasol Propionate","0.05%","অয়েন্টমেন্ট","একক","Other Topical corticosteroids","Kemiko Pharmaceuticals Ltd.","50.14","50.14","OTC"
"Clonate-NN 0.05%+0.5%+2%","Clonate-NN 0.05%+0.5%+2%","Clobetasol Propionate + Neomycin Sulphate + Nystatin","0.05%+0.5%+2%","ক্রিম","একক","Clobetasol / Clobetasone & Combined Preparations","Kemiko Pharmaceuticals Ltd.","75.22","75.22","OTC"
"Clonatril 0.25 mg","Clonatril 0.25 mg","Clonazepam","0.25 mg","ট্যাবলেট","3 x 10","Adjunct anti-epileptic drugs, Benzodiazepine hypnotics","Healthcare Pharmaceuticals Ltd.","4","4","OTC"
"Clonatril 0.5 mg","Clonatril 0.5 mg","Clonazepam","0.5 mg","ট্যাবলেট","5 x 10","Adjunct anti-epileptic drugs, Benzodiazepine hypnotics","Healthcare Pharmaceuticals Ltd.","7","7","OTC"
"Clonatril 1 mg","Clonatril 1 mg","Clonazepam","1 mg","ট্যাবলেট","3 x 10","Adjunct anti-epileptic drugs, Benzodiazepine hypnotics","Healthcare Pharmaceuticals Ltd.","9","9","OTC"
"Clonatril 2 mg","Clonatril 2 mg","Clonazepam","2 mg","ট্যাবলেট","3 x 10","Adjunct anti-epileptic drugs, Benzodiazepine hypnotics","Healthcare Pharmaceuticals Ltd.","11","11","OTC"
"Clonazepam 0.5 mg","Clonazepam 0.5 mg","Clonazepam","0.5 mg","ট্যাবলেট","8 x 10","Adjunct anti-epileptic drugs, Benzodiazepine hypnotics","Pharmik Laboratories Ltd.","6","6","OTC"
"Clonepam 0.5 mg","Clonepam 0.5 mg","Clonazepam","0.5 mg","ট্যাবলেট","3 x 10","Adjunct anti-epileptic drugs, Benzodiazepine hypnotics","Pacific Pharmaceuticals Ltd.","6","6","OTC"
"Clonil 0.5 mg","Clonil 0.5 mg","Clonazepam","0.5 mg","ট্যাবলেট","5 x 10","Adjunct anti-epileptic drugs, Benzodiazepine hypnotics","Jenphar Bangladesh Ltd.","7","7","OTC"
"Clonil 2 mg","Clonil 2 mg","Clonazepam","2 mg","ট্যাবলেট","5 x 10","Adjunct anti-epileptic drugs, Benzodiazepine hypnotics","Jenphar Bangladesh Ltd.","10","10","OTC"
"Clonipres 0.1 mg","Clonipres 0.1 mg","Clonidine Hydrochloride","0.1 mg","ট্যাবলেট","6 x 10","Centrally acting antihypertensive drugs (central sympatholytic)","Navana Pharmaceuticals Ltd.","10","10","OTC"
"Clonipres ER 0.1 mg","Clonipres ER 0.1 mg","Clonidine Hydrochloride","0.1 mg","Tablet (Extended Release)","3 x 10","Centrally acting antihypertensive drugs (central sympatholytic)","Navana Pharmaceuticals Ltd.","11","11","OTC"
"Clonium 0.5 mg","Clonium 0.5 mg","Clonazepam","0.5 mg","ট্যাবলেট","10 x 10","Adjunct anti-epileptic drugs, Benzodiazepine hypnotics","ACI Limited","9","9","OTC"
"Clonium 1 mg","Clonium 1 mg","Clonazepam","1 mg","ট্যাবলেট","5 x 10","Adjunct anti-epileptic drugs, Benzodiazepine hypnotics","ACI Limited","11","11","OTC"
"Clonium 2 mg","Clonium 2 mg","Clonazepam","2 mg","ট্যাবলেট","5 x 10","Adjunct anti-epileptic drugs, Benzodiazepine hypnotics","ACI Limited","14","14","OTC"
"Clonium ODT 0.5 mg","Clonium ODT 0.5 mg","Clonazepam","0.5 mg","Dispersible Tablet","5 x 10","Adjunct anti-epileptic drugs, Benzodiazepine hypnotics","ACI Limited","7","7","OTC"
"Clont 75 mg","Clont 75 mg","Clopidogrel Bisulphate","75 mg","ট্যাবলেট","2 x 21","Anti-platelet drugs","Opsonin Pharma Ltd.","12.03","12.03","OTC"
"Clontas 75 mg+75 mg","Clontas 75 mg+75 mg","Clopidogrel + Aspirin","75 mg+75 mg","ট্যাবলেট","2 x 21","Anti-platelet drugs","Opsonin Pharma Ltd.","12.5","12.5","OTC"
"Clonzy 0.5 mg","Clonzy 0.5 mg","Clonazepam","0.5 mg","ট্যাবলেট","3 x 15","Adjunct anti-epileptic drugs, Benzodiazepine hypnotics","Pharmasia Limited","6","6","OTC"
"Clonzy 2 mg","Clonzy 2 mg","Clonazepam","2 mg","ট্যাবলেট","2 x 15","Adjunct anti-epileptic drugs, Benzodiazepine hypnotics","Pharmasia Limited","10","10","OTC"
"Clop-AS 75 mg+75 mg","Clop-AS 75 mg+75 mg","Clopidogrel + Aspirin","75 mg+75 mg","ট্যাবলেট","3 x 10","Anti-platelet drugs","Union Pharmaceuticals Ltd","12","12","OTC"
"Clopam 0.5 mg","Clopam 0.5 mg","Clonazepam","0.5 mg","ট্যাবলেট","5 x 10","Adjunct anti-epileptic drugs, Benzodiazepine hypnotics","Sharif Pharmaceuticals Ltd.","5","5","OTC"
"Clopam 2 mg","Clopam 2 mg","Clonazepam","2 mg","ট্যাবলেট","3 x 10","Adjunct anti-epileptic drugs, Benzodiazepine hypnotics","Sharif Pharmaceuticals Ltd.","8","8","OTC"
"Clopid 75 mg","Clopid 75 mg","Clopidogrel Bisulphate","75 mg","ট্যাবলেট","2 x 14","Anti-platelet drugs","Drug International Ltd.","12.05","12.05","OTC"
"Clopid-AS 75 mg+75 mg","Clopid-AS 75 mg+75 mg","Clopidogrel + Aspirin","75 mg+75 mg","ট্যাবলেট","3 x 10","Anti-platelet drugs","Drug International Ltd.","12.04","12.04","OTC"
"Clopidol 75 mg","Clopidol 75 mg","Clopidogrel Bisulphate","75 mg","ট্যাবলেট","3 x 10","Anti-platelet drugs","Alco Pharma Ltd.","10.03","10.03","OTC"
"Clopidol Plus 75 mg+75 mg","Clopidol Plus 75 mg+75 mg","Clopidogrel + Aspirin","75 mg+75 mg","ট্যাবলেট","2 x 10","Anti-platelet drugs","Alco Pharma Ltd.","12.04","12.04","OTC"
"Clopigel 75 mg","Clopigel 75 mg","Clopidogrel Bisulphate","75 mg","ট্যাবলেট","3 x 10","Anti-platelet drugs","Pacific Pharmaceuticals Ltd.","9.1","9.1","OTC"
"Clopigel Plus 75 mg+75 mg","Clopigel Plus 75 mg+75 mg","Clopidogrel + Aspirin","75 mg+75 mg","ট্যাবলেট","3 x 10","Anti-platelet drugs","Pacific Pharmaceuticals Ltd.","10","10","OTC"
"Clopilet 75 mg","Clopilet 75 mg","Clopidogrel Bisulphate","75 mg","ট্যাবলেট","5 x 10","Anti-platelet drugs","Sun Pharmaceutical (Bangladesh) Ltd.","12","12","OTC"
"Clopilet A 75 mg+75 mg","Clopilet A 75 mg+75 mg","Clopidogrel + Aspirin","75 mg+75 mg","ট্যাবলেট","5 x 10","Anti-platelet drugs","Sun Pharmaceutical (Bangladesh) Ltd.","12","12","OTC"
"Clopirel 75 mg","Clopirel 75 mg","Clopidogrel Bisulphate","75 mg","ট্যাবলেট","30's pack","Anti-platelet drugs","Novo Healthcare and Pharma Ltd.","10","10","OTC"
"Clopirox 1%","Clopirox 1%","Ciclopirox Olamine (Shampoo)","1%","শ্যাম্পু","একক","Topical Antifungal preparations","Square Pharmaceuticals PLC","350","350","OTC"
"Clopirox 1%","Clopirox 1%","Ciclopirox Olamine (Cream)","1%","ক্রিম","একক","Topical Antifungal preparations","Square Pharmaceuticals PLC","110","110","OTC"
"Clopixol 10 mg","Clopixol 10 mg","Zuclopenthixol","10 mg","ট্যাবলেট","10 x 10","Phenothiazine related drugs","Lundbeck Pharmaceuticals Ltd.","15.93","15.93","OTC"
"Clopixol Acuphase 50 mg/ml","Clopixol Acuphase 50 mg/ml","Zuclopenthixol","50 mg/ml","ইনজেকশন","1 x 5","Phenothiazine related drugs","Lundbeck Pharmaceuticals Ltd.","521.4","521.4","Rx"
"Clopixol Depot 200 mg/ml","Clopixol Depot 200 mg/ml","Zuclopenthixol","200 mg/ml","ইনজেকশন","2 x 5","Phenothiazine related drugs","Lundbeck Pharmaceuticals Ltd.","433","433","Rx"
"Cloplet 75 mg","Cloplet 75 mg","Clopidogrel Bisulphate","75 mg","ট্যাবলেট","3 x 10","Anti-platelet drugs","Nuvista Pharma Ltd.","12","12","OTC"
"Clopramin 25 mg","Clopramin 25 mg","Clomipramine Hydrochloride","25 mg","ট্যাবলেট","3 x 10","Tricyclic & related anti-depressant drugs","Incepta Pharmaceuticals Ltd.","5.5","5.5","OTC"
"Cloradex 0.1%+0.5%","Cloradex 0.1%+0.5%","Dexamethasone + Chloramphenicol","0.1%+0.5%","Ophthalmic Solution","একক","Anti-infectives & antiseptics, Ophthalmic steroid - antibiotic combined preparations","Navana Pharmaceuticals Ltd.","70","70","OTC"
"Cloram 0.5%","Cloram 0.5%","Chloramphenicol (Ophthalmic)","0.5%","Ophthalmic Solution","একক","Anti-infectives & antiseptics, Macrolides","The IBN SINA Pharmaceutical PLC","34.38","34.38","OTC"
"Cloram 1%","Cloram 1%","Chloramphenicol (Ophthalmic)","1%","Ophthalmic Ointment","একক","Anti-infectives & antiseptics, Macrolides","The IBN SINA Pharmaceutical PLC","13","13","OTC"
"Cloram-D 0.1%+0.5%","Cloram-D 0.1%+0.5%","Dexamethasone + Chloramphenicol","0.1%+0.5%","Ophthalmic Solution","একক","Anti-infectives & antiseptics, Ophthalmic steroid - antibiotic combined preparations","The IBN SINA Pharmaceutical PLC","70","70","OTC"
"Cloramin 2 mg/5 ml","Cloramin 2 mg/5 ml","Chlorpheniramine Maleate","2 mg/5 ml","সিরাপ","একক","Sedating Anti-histamine","Orion Pharma Ltd.","21.85","21.85","OTC"
"Clorel 75 mg","Clorel 75 mg","Clopidogrel Bisulphate","75 mg","ট্যাবলেট","3 x 10","Anti-platelet drugs","ACI Limited","12.04","12.04","OTC"
"Clorel-A 75 mg+75 mg","Clorel-A 75 mg+75 mg","Clopidogrel + Aspirin","75 mg+75 mg","ট্যাবলেট","3 x 10","Anti-platelet drugs","ACI Limited","12.04","12.04","OTC"
"Clori HC 1%+1%","Clori HC 1%+1%","Clotrimazole + Hydrocortisone","1%+1%","ক্রিম","একক","Hydrocortisone & Combined preparations","Amulet Pharmaceuticals Ltd.","35","35","OTC"
"Clorocef 125 mg/1.25 ml","Clorocef 125 mg/1.25 ml","Cefaclor Monohydrate","125 mg/1.25 ml","Pediatric Drops","একক","Second generation cephalosporins","The IBN SINA Pharmaceutical PLC","130","130","OTC"
"Clorocef 125 mg/5 ml","Clorocef 125 mg/5 ml","Cefaclor Monohydrate","125 mg/5 ml","পাউডার সাসপেনশন","একক","Second generation cephalosporins","The IBN SINA Pharmaceutical PLC","205","205","OTC"
"Clorocef 250 mg","Clorocef 250 mg","Cefaclor Monohydrate","250 mg","ক্যাপসুল","3 x 4","Second generation cephalosporins","The IBN SINA Pharmaceutical PLC","22","22","OTC"
"Clorocef 500 mg","Clorocef 500 mg","Cefaclor Monohydrate","500 mg","ক্যাপসুল","3 x 4","Second generation cephalosporins","The IBN SINA Pharmaceutical PLC","40","40","OTC"
"Cloron 0.5 mg","Cloron 0.5 mg","Clonazepam","0.5 mg","ট্যাবলেট","10 x 10","Adjunct anti-epileptic drugs, Benzodiazepine hypnotics","Eskayef Pharmaceuticals Ltd.","7","7","OTC"
"Cloron 1 mg","Cloron 1 mg","Clonazepam","1 mg","ট্যাবলেট","5 x 10","Adjunct anti-epileptic drugs, Benzodiazepine hypnotics","Eskayef Pharmaceuticals Ltd.","8","8","OTC"
"Cloron 2 mg","Cloron 2 mg","Clonazepam","2 mg","ট্যাবলেট","5 x 10","Adjunct anti-epileptic drugs, Benzodiazepine hypnotics","Eskayef Pharmaceuticals Ltd.","11","11","OTC"
"Cloron 2.5 mg/ml","Cloron 2.5 mg/ml","Clonazepam","2.5 mg/ml","Pediatric Drops","একক","Adjunct anti-epileptic drugs, Benzodiazepine hypnotics","Eskayef Pharmaceuticals Ltd.","125","125","OTC"
"Clortha 15 mg","Clortha 15 mg","Chlorthalidone","15 mg","ট্যাবলেট","3 x 10","Thiazide diuretics & related drugs","ACI Limited","4","4","OTC"
"Clortha 25 mg","Clortha 25 mg","Chlorthalidone","25 mg","ট্যাবলেট","3 x 10","Thiazide diuretics & related drugs","ACI Limited","5","5","OTC"
"Closalic 0.05%+3%","Closalic 0.05%+3%","Clobetasol Propionate + Salicylic Acid","0.05%+3%","অয়েন্টমেন্ট","একক","Clobetasol / Clobetasone & Combined Preparations","Ziska Pharmaceuticals Ltd.","70","70","OTC"
"Closid 0.5 mg","Closid 0.5 mg","Clonazepam","0.5 mg","ট্যাবলেট","5 x 15","Adjunct anti-epileptic drugs, Benzodiazepine hypnotics","OSL Pharma Limited","6","6","OTC"
"Closid 1 mg","Closid 1 mg","Clonazepam","1 mg","ট্যাবলেট","4 x 15","Adjunct anti-epileptic drugs, Benzodiazepine hypnotics","OSL Pharma Limited","8","8","OTC"
"Closid 2 mg","Closid 2 mg","Clonazepam","2 mg","ট্যাবলেট","4 x 15","Adjunct anti-epileptic drugs, Benzodiazepine hypnotics","OSL Pharma Limited","10","10","OTC"
"Closon 0.05%+1%","Closon 0.05%+1%","Betamethasone + Clotrimazole","0.05%+1%","ক্রিম","একক","Betamethasone & Combined preparations","Medicon Pharmaceuticals Ltd.","30","30","OTC"
"Closten 1%","Closten 1%","Clotrimazole (Topical)","1%","ক্রিম","একক","Drugs for subcutaneous and mycoses, Topical Antifungal preparations","Alco Pharma Ltd.","28.8","28.8","OTC"